action,priority,surface,in_use,issue,key,file,current_en,suggested_en,new_en,current_fr,new_fr,current_de,new_de,current_es,new_es,current_ja,new_ja,current_zh-TW,new_zh-TW,current_zh-CN,new_zh-CN,current_pt,new_pt,current_nl,new_nl,current_sv,new_sv,current_it,new_it,current_uk,new_uk,current_ru,new_ru,current_ko,new_ko,current_tr,new_tr,notes
rewrite,P0,create-task,no,needs-rewrite,v4.create.noCreditsTrial,public/locales/{code}/translation.json,No credits left. Start your 5 days free trial,No credits left. Start your 5-day free trial,No credits left. Start your 5-day free trial,Plus de crédits. Commencez votre essai gratuit de 5 jours,Plus de crédits. Commencez votre essai gratuit de 5 jours,Keine Credits mehr. Starten Sie Ihre 5-tägige kostenlose Testphase,Keine Credits mehr. Starten Sie Ihre kostenlose 5-Tage-Testversion,Sin créditos. Inicie su prueba gratuita de 5 días,No quedan créditos. Inicia tu prueba gratuita de 5 días,クレジットがありません。5日間の無料トライアルを開始してください,クレジットがありません。5日間の無料トライアルを開始してください,額度已用完，立即開始 5 天免費試用,額度已用完，立即開始 5 天免費試用,积分已用完，立即开启 5 天免费试用,积分已用完，立即开启 5 天免费试用,Sem créditos. Inicie o seu período de teste gratuito de 5 dias,Sem créditos. Inicie o seu período de teste gratuito de 5 dias,Geen credits meer. Start uw gratis proefperiode van 5 dagen,Geen credits meer. Start uw gratis proefperiode van 5 dagen,Inga krediter kvar. Starta din 5 dagars kostnadsfria provperiod,Inga krediter kvar. Starta din 5 dagars kostnadsfria provperiod,Crediti esauriti. Inizia la prova gratuita di 5 giorni,Crediti esauriti. Inizia la prova gratuita di 5 giorni,Кредити закінчилися. Розпочніть безкоштовний 5-денний пробний період,Кредити закінчилися. Розпочніть безкоштовний 5-денний пробний період,Кредиты закончились. Начните бесплатный 5-дневный пробный период,Кредиты закончились. Начните бесплатный 5-дневный пробный период,크레딧이 없습니다. 5일 무료 체험을 시작하세요,크레딧이 없습니다. 5일 무료 체험을 시작하세요,Kredi kalmadı. 5 günlük ücretsiz denemenizi başlatın,Kredi kalmadı. 5 günlük ücretsiz denemenizi başlatın,Not referenced by t() in app/; skip unless you still see it in UI
rewrite,P0,create-task,yes,needs-rewrite|title-case,v4.createTask.confirmAction,public/locales/{code}/translation.json,Translate Now,Translate now,Translate now,Traduire maintenant,Traduire maintenant,Jetzt übersetzen,Jetzt übersetzen,Traducir ahora,Traducir ahora,今すぐ翻訳,今すぐ翻訳,立即翻譯,立即翻譯,立即翻译,立即翻译,Traduzir agora,Traduzir agora,Nu vertalen,Nu vertalen,Översätt nu,Översätt nu,Traduci ora,Traduci ora,Перекласти зараз,Перекласти зараз,Перевести сейчас,Перевести сейчас,지금 번역,지금 번역,Şimdi Çevir,Şimdi Çevir,
rewrite,P0,create-task,no,needs-rewrite,v4.createTask.confirmBlockedPricingTitle,public/locales/{code}/translation.json,Credits are not enough for this task,Not enough credits for this task,Not enough credits for this task,Crédits insuffisants pour cette tâche,Pas assez de crédits pour cette tâche,Credits reichen für diese Aufgabe nicht aus,Nicht genügend Credits für diese Aufgabe,Los créditos no son suficientes para esta tarea,No hay suficientes créditos para esta tarea,このタスクのクレジットが不足しています,このタスクに必要なクレジットが不足しています,點數不足以完成此任務,點數不足以完成此任務,当前额度不足，无法创建该任务,当前额度不足，无法创建该任务,Créditos insuficientes para esta tarefa,Créditos insuficientes para esta tarefa,Credits zijn niet genoeg voor deze taak,Credits zijn niet genoeg voor deze taak,Krediterna räcker inte för denna uppgift,Krediterna räcker inte för denna uppgift,I crediti non bastano per questa attività,I crediti non bastano per questa attività,Кредитів недостатньо для цього завдання,Кредитів недостатньо для цього завдання,Кредитов недостаточно для этой задачи,Кредитов недостаточно для этой задачи,이 작업에 크레딧이 충분하지 않습니다,이 작업에 크레딧이 충분하지 않습니다,Bu görev için krediler yetersiz,Bu görev için krediler yetersiz,Not referenced by t() in app/; skip unless you still see it in UI
rewrite,P0,create-task,no,needs-rewrite|lacks-context,v4.createTask.confirmEstimateLeftLabel,public/locales/{code}/translation.json,Left,Credits left,Credits left,Restant,Crédits restants,Übrig,Verbleibende Credits,Restante,Créditos restantes,残り,残りのクレジット,剩餘,剩餘點數,剩余,剩余积分,Restante,Créditos restantes,Over,Resterende credits,Kvar,Återstående krediter,Rimanenti,Crediti rimanenti,Залишилось,Залишок кредитів,Осталось,Осталось кредитов,남음,남은 크레딧,Kalan,Kalan krediler,Not referenced by t() in app/; skip unless you still see it in UI
rewrite,P0,create-task,no,needs-rewrite|lacks-context,v4.createTask.confirmEstimateNeedLabel,public/locales/{code}/translation.json,Need,Credits needed,Credits needed,Besoin,Crédits nécessaires,Benötigt,Benötigte Credits,Necesario,Créditos necesarios,必要,必要なクレジット,需要,所需點數,需要,所需积分,Necessário,Créditos necessários,Nodig,Benodigde credits,Behövs,Krediter som behövs,Necessari,Crediti necessari,Потрібно,Необхідні кредити,Нужно,Требуется кредитов,필요,필요한 크레딧,Gerekli,Gerekli krediler,Not referenced by t() in app/; skip unless you still see it in UI
rewrite,P0,create-task,no,needs-rewrite|lacks-context,v4.createTask.confirmEstimateShortLabel,public/locales/{code}/translation.json,Short,Shortfall,Shortfall,Manque,Crédits manquants,Fehlt,Fehlende Credits,Faltante,Créditos faltantes,不足,不足クレジット,不足,點數缺口,差额,积分差额,Faltando,Défice,Tekort,Tekort,Saknas,Underskott,Mancanti,Crediti mancanti,Не вистачає,Нестача,Не хватает,Недостача,부족,부족분,Eksik,Eksik miktar,Not referenced by t() in app/; skip unless you still see it in UI
rewrite,P0,create-task,no,needs-rewrite|title-case,v4.createTask.confirmSubscribeAndStart,public/locales/{code}/translation.json,View Plans,View plans,View plans,Aller à l'abonnement,Voir les forfaits,Zum Abonnement gehen,Tarife anzeigen,Ir a suscripción,Ver planes,サブスクリプションへ,プランを見る,前往訂閱,前往訂閱,查看套餐,查看套餐,Ir para assinatura,Ir para assinatura,Ga naar abonnement,Ga naar abonnement,Gå till prenumeration,Gå till prenumeration,Vai all'abbonamento,Vai all'abbonamento,Перейти до підписки,Перейти до підписки,Перейти к подписке,Перейти к подписке,구독으로 이동,구독으로 이동,Aboneliğe git,Aboneliğe git,Not referenced by t() in app/; skip unless you still see it in UI
rewrite,P0,create-task,yes,needs-rewrite|grammar-or-jargon,v4.createTask.confirmTrialFeatureModel,public/locales/{code}/translation.json,"1,500,000 Credit/Month","1,500,000 credits/month","1,500,000 credits/month","Modèle disponible
GPT",1 500 000 crédits/mois,"Verfügbares Modell
GPT",1.500.000 Credits/Monat,"Modelo disponible
GPT",1.500.000 créditos/mes,"利用可能なモデル
GPT","1,500,000クレジット/月","可用模型
GPT","可用模型
GPT","1,500,000 Credit/Month","1,500,000 Credit/Month","Modelo disponível
GPT","Modelo disponível
GPT","Beschikbaar model
GPT","Beschikbaar model
GPT","Tillgänglig modell
GPT","Tillgänglig modell
GPT","Modello disponibile
GPT","Modello disponibile
GPT","Доступна модель
GPT","Доступна модель
GPT","Доступная модель
GPT","Доступная модель
GPT","사용 가능한 모델
GPT","사용 가능한 모델
GPT","Mevcut model
GPT","Mevcut model
GPT",
rewrite,P0,create-task,yes,needs-rewrite|grammar-or-jargon,v4.createTask.confirmTrialFeatureSpeed,public/locales/{code}/translation.json,"4,000,000 Credit","4,000,000 credits","4,000,000 credits","Vitesse de traduction
x1,5",4 000 000 de crédits,"Übersetzungsgeschwindigkeit
x1,5",4.000.000 Credits,"Velocidad de traducción
x1.5",4.000.000 de créditos,"翻訳速度
x1.5","4,000,000クレジット","翻譯速度
x1.5","翻譯速度
x1.5","4,000,000 Credit","4,000,000 Credit","Velocidade de tradução
x1.5","Velocidade de tradução
x1.5","Vertalingssnelheid
x1,5","Vertalingssnelheid
x1,5","Översättningshastighet
x1,5","Översättningshastighet
x1,5","Velocità di traduzione
x1.5","Velocità di traduzione
x1.5","Швидкість перекладу
x1.5","Швидкість перекладу
x1.5","Скорость перевода
x1.5","Скорость перевода
x1.5","번역 속도
x1.5","번역 속도
x1.5","Çeviri hızı
x1.5","Çeviri hızı
x1.5",
rewrite,P0,create-task,yes,needs-rewrite,v4.createTask.confirmTrialOfferTitle,public/locales/{code}/translation.json,5 Days Free trial,5-day free trial,5-day free trial,Essai gratuit,Essai gratuit de 5 jours,Kostenlose Testversion,Kostenlose 5-Tage-Testversion,Prueba gratuita,Prueba gratuita de 5 días,無料トライアル,5日間の無料トライアル,免費試用,免費試用,5 Days Free trial,5 Days Free trial,Teste gratuito,Teste gratuito,Gratis proefversie,Gratis proefversie,Gratis testversion,Gratis testversion,Prova gratuita,Prova gratuita,Безкоштовна пробна версія,Безкоштовна пробна версія,Бесплатная пробная версия,Бесплатная пробная версия,무료 체험,무료 체험,Ücretsiz deneme,Ücretsiz deneme,
rewrite,P0,create-task,yes,needs-rewrite|title-case,v4.createTask.confirmViewPlans,public/locales/{code}/translation.json,View Plans,View plans,View plans,Voir les forfaits,Voir les forfaits,Pläne ansehen,Tarife anzeigen,Ver planes,Ver planes,プランを見る,プランを見る,查看方案,前往訂閱,查看套餐,查看套餐,Ver planos,Ir para assinatura,Bekijk abonnementen,Ga naar abonnement,Visa planer,Gå till prenumeration,Vedi piani,Vai all'abbonamento,Переглянути тарифи,Перейти до підписки,Посмотреть тарифы,Перейти к подписке,요금제 보기,구독으로 이동,Planları Görüntüle,Aboneliğe git,
rewrite,P0,create-task,yes,needs-rewrite|grammar-or-jargon,v4.createTask.includeLiquidHelp,public/locales/{code}/translation.json,Translate pending storefront Liquid rules (not Shopify resources). Results appear via DOM replace.,Translate pending third-party storefront text. Translated text replaces the original on the storefront.,Translate pending third-party storefront text. Translated text replaces the original on the storefront.,Traduire les règles Liquid de la boutique en attente (pas les ressources Shopify). Les résultats apparaissent via le remplacement DOM.,Traduisez le texte de vitrine tiers en attente. Le texte traduit remplace l’original sur la vitrine.,Übersetze ausstehende Liquid-Regeln des Storefronts (nicht Shopify-Ressourcen). Ergebnisse erscheinen per DOM-Ersetzung.,Übersetzen Sie ausstehenden Drittanbietertext im Storefront. Der übersetzte Text ersetzt dort das Original.,Traduce las reglas Liquid pendientes de la tienda (no recursos de Shopify). Los resultados aparecen mediante reemplazo de DOM.,Traduce el texto pendiente de terceros de la tienda. El texto traducido sustituye al original en la tienda.,未処理のストアフロントLiquidルールを翻訳します（Shopifyリソースは対象外）。結果はDOM置換で表示されます。,保留中のサードパーティ製ストアフロントテキストを翻訳します。翻訳されたテキストはストアフロント上の元のテキストを置き換えます。,翻譯待處理的商店前端 Liquid 規則（非 Shopify 資源）。結果會透過 DOM 取代方式顯示。,翻譯待處理的第三方商店前端文字。翻譯後的文字會取代商店前端的原文。,翻译待处理的店面 Liquid 规则（非 Shopify 资源）。完成后由店面 DOM 替换生效。,翻译待处理的第三方店面文本。翻译后的文本会替换店面上的原文。,Traduzir regras Liquid pendentes da loja (não os recursos Shopify). Os resultados aparecem através da substituição no DOM.,Traduza o texto pendente de terceiros na loja. O texto traduzido substitui o original na loja.,Vertaal wachtende Liquid-regels voor de winkelpui (niet Shopify-bronnen). Resultaten verschijnen via DOM-vervanging.,Vertaal openstaande tekst van derden in de webshop. De vertaalde tekst vervangt de originele tekst in de webshop.,Översätt väntande Liquid-regler för butiksfasad (inte Shopify-resurser). Resultaten visas via DOM-ersättning.,Översätt väntande text från tredje part i butiken. Den översatta texten ersätter originalet i butiken.,Traduci le regole Liquid del negozio in sospeso (non le risorse Shopify). I risultati vengono visualizzati tramite sostituzione DOM.,Traduci il testo di terze parti in sospeso nella vetrina. Il testo tradotto sostituisce l’originale nella vetrina.,Перекладати правила Liquid для вітрини (не ресурси Shopify). Результати з'являються через заміну DOM.,Перекладіть очікуваний сторонній текст на вітрині. Перекладений текст замінює оригінал на вітрині.,Переводить ожидающие правила Liquid в витрине (не ресурсы Shopify). Результаты появляются через замену DOM.,Переведите ожидающий сторонний текст витрины. Переведённый текст заменяет оригинал на витрине.,대기 중인 스토어프런트 Liquid 규칙(Shopify 리소스 아님)을 번역합니다. 결과는 DOM 대체를 통해 표시됩니다.,대기 중인 타사 스토어프런트 텍스트를 번역합니다. 번역된 텍스트가 스토어프런트의 원문을 대체합니다.,Bekleyen mağaza yüzeyi Liquid kurallarını çevirir (Shopify kaynakları değil). Sonuçlar DOM değişimiyle görünür.,Bekleyen üçüncü taraf mağaza vitrini metnini çevirin. Çevrilen metin mağaza vitrinindeki orijinal metnin yerini alır.,
rewrite,P0,currency,yes,needs-rewrite|title-case,Add Currency,public/locales/{code}/translation.json,Add Currency,Add currency,Add currency,Ajouter une devise,Ajouter une devise,Währung hinzufügen,Währung hinzufügen,Agregar moneda,Añadir moneda,通貨を追加,通貨を追加,新增貨幣,新增貨幣,添加货币,添加货币,Adicionar moeda,Adicionar moeda,Valuta toevoegen,Valuta toevoegen,Lägg till valuta,Lägg till valuta,Aggiungi valuta,Aggiungi valuta,Додати валюту,Додати валюту,Добавить валюту,Добавить валюту,통화 추가,통화 추가,Para birimi ekle,Para birimi ekle,
rewrite,P0,home,yes,needs-rewrite,v4Mvp.recommended.emptyTitle,public/locales/{code}/translation.json,No todo tasks right now,No suggested tasks right now,No suggested tasks right now,Aucune tâche à faire pour le moment,Aucune tâche suggérée pour le moment,Derzeit keine anstehenden Aufgaben,Derzeit keine vorgeschlagenen Aufgaben,No hay tareas pendientes ahora mismo,No hay tareas sugeridas por ahora,現在、Todoタスクはありません,現在、提案されたタスクはありません,目前沒有待辦任務,目前沒有建議任務,当前没有待处理,当前没有建议任务,Não há tarefas pendentes neste momento,Não há tarefas sugeridas neste momento,Geen to-do-taken op dit moment,Er zijn momenteel geen voorgestelde taken,Inga att-göra-uppgifter just nu,Inga föreslagna uppgifter just nu,Nessuna attività da fare al momento,Nessuna attività suggerita al momento,Зараз немає завдань у черзі,Зараз немає запропонованих завдань,Сейчас нет задач,Сейчас нет предложенных задач,현재 할 일 작업이 없습니다,현재 추천 작업이 없습니다,Şu anda yapılacak görev yok,Şu anda önerilen görev yok,
rewrite,P0,home,no,needs-rewrite|title-case|grammar-or-jargon,v4Mvp.recommended.priority,public/locales/{code}/translation.json,Todo Task,Suggested task,Suggested task,Tâche à faire,Tâche suggérée,Offene Aufgabe,Vorgeschlagene Aufgabe,Tarea pendiente,Tarea sugerida,Todoタスク,提案されたタスク,待辦任務,建議任務,待处理,建议任务,Tarefa pendente,Tarefa sugerida,To-do-taak,Voorgestelde taak,Att-göra-uppgift,Föreslagen uppgift,Attività da fare,Attività suggerita,Чергове завдання,Запропоноване завдання,Задача из списка дел,Предложенная задача,할 일 작업,추천 작업,Yapılacak Görev,Önerilen görev,Not referenced by t() in app/; skip unless you still see it in UI
rewrite,P0,home,no,needs-rewrite|grammar-or-jargon,v4Mvp.recommended.title,public/locales/{code}/translation.json,Todo,Suggested,Suggested,À faire,Suggéré,To-do,Vorgeschlagen,Tareas pendientes,Sugerido,Todo,提案,待辦,建議,待处理,建议,Pendentes,Sugerido,To-do,Voorgesteld,Att göra,Föreslagen,Da fare,Suggerito,Справи,Запропоновано,Список дел,Предложено,할 일,추천,Yapılacaklar,Önerilen,Not referenced by t() in app/; skip unless you still see it in UI
rewrite,P0,home,yes,needs-rewrite|grammar-or-jargon,v4Mvp.tabs.recommended,public/locales/{code}/translation.json,Todo ({{count}}),Suggested ({{count}}),Suggested ({{count}}),À faire ({{count}}),Suggéré ({{count}}),Offene Aufgaben ({{count}}),Vorgeschlagen ({{count}}),Por hacer ({{count}}),Sugerido ({{count}}),ToDo ({{count}}),提案 ({{count}}),待辦事項（{{count}}）,建議（{{count}}）,待处理（{{count}}）,建议（{{count}}）,A fazer ({{count}}),Sugerido ({{count}}),Te doen ({{count}}),Voorgesteld ({{count}}),Att göra ({{count}}),Föreslagen ({{count}}),Da fare ({{count}}),Suggerito ({{count}}),Справи ({{count}}),Запропоновано ({{count}}),К выполнению ({{count}}),Предложено ({{count}}),할 일 ({{count}}),추천 ({{count}}),Yapılacaklar ({{count}}),Önerilen ({{count}}),
rewrite,P0,home,yes,needs-rewrite|title-case,v4Mvp.videoCard.guideTitle,public/locales/{code}/translation.json,User Guide,User guide,User guide,Guide utilisateur,Guide utilisateur,Benutzerhandbuch,Benutzerhandbuch,Guía de usuario,Guía del usuario,ご利用ガイド,ユーザーガイド,使用指南,使用指南,使用指南,使用指南,Guia do utilizador,Guia do utilizador,Gebruikershandleiding,Gebruikershandleiding,Användarguide,Användarguide,Guida utente,Guida utente,Посібник користувача,Посібник користувача,Руководство пользователя,Руководство пользователя,사용 가이드,사용 가이드,Kullanıcı kılavuzu,Kullanıcı kılavuzu,
rewrite,P0,home,yes,needs-rewrite|title-case,v4Mvp.videoCard.tutorialTitle,public/locales/{code}/translation.json,Ciwi Translator Tutorial,Ciwi translator tutorial,Ciwi translator tutorial,Tutoriel Ciwi Translator,Tutoriel Ciwi Translator,Ciwi Translator-Tutorial,Ciwi-Translator-Tutorial,Tutorial del Traductor Ciwi,Tutorial de Ciwi Translator,Ciwi Translator チュートリアル,Ciwi Translator チュートリアル,Ciwi 翻譯工具教學,Ciwi 翻譯工具教學,Ciwi Translator 使用教程,Ciwi Translator 使用教程,Tutorial do Ciwi Translator,Tutorial do Ciwi Translator,Ciwi Translator-tutorial,Ciwi Translator-tutorial,Ciwi Translator-handledning,Ciwi Translator-handledning,Tutorial di Ciwi Translator,Tutorial di Ciwi Translator,Інструкція Ciwi Translator,Інструкція Ciwi Translator,Обучающее видео по Ciwi Translator,Обучающее видео по Ciwi Translator,Ciwi 번역기 튜토리얼,Ciwi 번역기 튜토리얼,Ciwi Translator Eğitimi,Ciwi Translator Eğitimi,
rewrite,P0,home-setup-guide,yes,needs-rewrite,v4Mvp.setupGuide.glossary.title,public/locales/{code}/translation.json,How to add a glossary to keep brand-consistent translations,Keep brand terms consistent with a glossary,Keep brand terms consistent with a glossary,Comment ajouter un glossaire pour des traductions fidèles à la marque,Gardez les termes de marque cohérents grâce à un glossaire,So fügst du ein Glossar für markentreue Übersetzungen hinzu,Markenbegriffe mit einem Glossar konsistent halten,Cómo añadir un glosario para traducciones coherentes con la marca,Mantén la coherencia de los términos de marca con un glosario,ブランドに沿った翻訳のための用語集の追加方法,用語集でブランド用語の一貫性を保つ,如何新增詞彙表以保持品牌一致性翻譯,使用詞彙表保持品牌用語一致,如何添加术语表保持品牌一致性翻译,使用术语表保持品牌用语一致,Como adicionar um glossário para traduções consistentes com a marca,Mantenha os termos da marca consistentes com um glossário,Zo voeg je een woordenlijst toe voor merkeigen vertalingen,Houd merktermen consistent met een woordenlijst,Så lägger du till en ordlista för varumärkesenliga översättningar,Håll varumärkestermer konsekventa med en ordlista,Come aggiungere un glossario per traduzioni coerenti con il brand,Mantieni coerenti i termini del brand con un glossario,Як додати глосарій для узгодженого з брендом перекладу,Підтримуйте узгодженість термінів бренду за допомогою глосарія,Как добавить глоссарий для перевода в стиле бренда,Поддерживайте единообразие терминов бренда с помощью глоссария,브랜드에 맞는 번역을 위한 용어집 추가 방법,용어집으로 브랜드 용어의 일관성을 유지하세요,Markaya uygun çeviriler için terim sözlüğü nasıl eklenir,Marka terimlerini bir terim sözlüğüyle tutarlı tutun,
rewrite,P0,home-setup-guide,yes,needs-rewrite,v4Mvp.setupGuide.thirdParty.step2,public/locales/{code}/translation.json,"On the translation page, check Custom Liquid / third-party text.","On the translation page, select Custom Liquid / third-party text","On the translation page, select Custom Liquid / third-party text","Sur la page de traduction, cochez Custom Liquid / third-party text.","Sur la page de traduction, sélectionnez Custom Liquid / texte tiers",Aktiviere auf der Übersetzungsseite Custom Liquid / third-party text.,Wählen Sie auf der Übersetzungsseite „Custom Liquid / Drittanbietertext“ aus,"En la página de traducción, marca Custom Liquid / third-party text.","En la página de traducción, selecciona Custom Liquid / texto de terceros",翻訳ページで Custom Liquid / third-party text を選択します。,翻訳ページで「Custom Liquid / サードパーティテキスト」を選択します,在翻譯頁面勾選 Custom Liquid / third-party text。,在翻譯頁面選擇 Custom Liquid / 第三方文字,在翻译页面勾选 Custom Liquid / third-party text。,在翻译页面选择 Custom Liquid / 第三方文本,"Na página de tradução, selecione Custom Liquid / third-party text.","Na página de tradução, selecione Custom Liquid / texto de terceiros",Vink op de vertaalpagina Custom Liquid / third-party text aan.,Selecteer op de vertaalpagina Custom Liquid / tekst van derden,Markera Custom Liquid / third-party text på översättningssidan.,Välj Custom Liquid / text från tredje part på översättningssidan,"Nella pagina di traduzione, seleziona Custom Liquid / third-party text.","Nella pagina di traduzione, seleziona Custom Liquid / testo di terze parti",На сторінці перекладу позначте Custom Liquid / third-party text.,На сторінці перекладу виберіть Custom Liquid / сторонній текст,На странице перевода отметьте Custom Liquid / third-party text.,На странице перевода выберите Custom Liquid / сторонний текст,번역 페이지에서 Custom Liquid / third-party text를 선택하세요.,번역 페이지에서 Custom Liquid / 타사 텍스트를 선택하세요,Çeviri sayfasında Custom Liquid / third-party text seçeneğini işaretleyin.,Çeviri sayfasında Custom Liquid / üçüncü taraf metnini seçin,
rewrite,P0,home-setup-guide,yes,needs-rewrite,v4Mvp.setupGuide.thirdParty.title,public/locales/{code}/translation.json,How to translate third-party apps,Translate third-party app text,Translate third-party app text,Comment traduire les applications tierces,Traduire le texte des applications tierces,So übersetzt du Drittanbieter-Apps,Text von Drittanbieter-Apps übersetzen,Cómo traducir apps de terceros,Traducir texto de aplicaciones de terceros,サードパーティアプリを翻訳するには,サードパーティアプリのテキストを翻訳,如何實現第三方 app 翻譯,翻譯第三方應用程式文字,如何实现第三方 app 翻译,翻译第三方应用文本,Como traduzir aplicações de terceiros,Traduzir texto de aplicações de terceiros,Apps van derden vertalen,Tekst van apps van derden vertalen,Så översätter du tredjepartsappar,Översätt text från tredjepartsappar,Come tradurre le app di terze parti,Traduci il testo delle app di terze parti,Як перекладати сторонні додатки,Перекласти текст сторонніх додатків,Как переводить сторонние приложения,Перевести текст сторонних приложений,타사 앱을 번역하는 방법,타사 앱 텍스트 번역,Üçüncü taraf uygulamalar nasıl çevrilir,Üçüncü taraf uygulama metnini çevir,
rewrite,P0,home-setup-guide,yes,needs-rewrite|title-case,v4Mvp.setupGuide.title,public/locales/{code}/translation.json,Setup Guide,Setup guide,Setup guide,Guide de configuration,Guide de configuration,Einrichtungsleitfaden,Einrichtungsanleitung,Guía de configuración,Guía de configuración,セットアップガイド,セットアップガイド,新手指引,新手指引,新手指引,新手指引,Guia de configuração,Guia de configuração,Installatiegids,Installatiegids,Installationsguide,Installationsguide,Guida di configurazione,Guida di configurazione,Посібник із налаштування,Посібник із налаштування,Руководство по настройке,Руководство по настройке,설정 가이드,설정 가이드,Kurulum kılavuzu,Kurulum kılavuzu,
rewrite,P0,home-setup-guide,yes,needs-rewrite,v4Mvp.setupGuide.translate.description,public/locales/{code}/translation.json,Add at least one language and select modules to translate your store in one go.,Add at least one language and select modules to translate your store.,Add at least one language and select modules to translate your store.,Ajoutez au moins une langue et sélectionnez des modules pour traduire votre boutique en une fois.,Ajoutez au moins une langue et sélectionnez les modules à traduire dans votre boutique.,"Füge mindestens eine Sprache hinzu und wähle Module, um deinen Shop auf einmal zu übersetzen.","Fügen Sie mindestens eine Sprache hinzu und wählen Sie die Module aus, die in Ihrem Shop übersetzt werden sollen.",Añade al menos un idioma y selecciona módulos para traducir tu tienda de una vez.,Añade al menos un idioma y selecciona los módulos que quieres traducir en tu tienda.,言語を追加し、モジュールを選んでストアをまとめて翻訳します。,少なくとも1つの言語を追加し、ストアで翻訳するモジュールを選択します。,新增語言並選擇模組，一次翻譯商店內容。,新增至少一種語言，並選擇要用於翻譯商店的模組。,添加语言并选择模块，一次性翻译店铺内容。,添加至少一种语言，并选择要用于翻译店铺的模块。,Adicione pelo menos um idioma e selecione módulos para traduzir a loja de uma só vez.,Adicione pelo menos um idioma e selecione os módulos para traduzir a sua loja.,Voeg minstens één taal toe en selecteer modules om je winkel in één keer te vertalen.,Voeg ten minste één taal toe en selecteer modules om je winkel te vertalen.,Lägg till minst ett språk och välj moduler för att översätta butiken på en gång.,Lägg till minst ett språk och välj moduler för att översätta din butik.,Aggiungi almeno una lingua e seleziona i moduli per tradurre il negozio in un’unica volta.,Aggiungi almeno una lingua e seleziona i moduli per tradurre il tuo negozio.,"Додайте принаймні одну мову та виберіть модулі, щоб перекласти магазин за один раз.",Додайте принаймні одну мову та виберіть модулі для перекладу магазину.,"Добавьте хотя бы один язык и выберите модули, чтобы перевести магазин за один раз.",Добавьте хотя бы один язык и выберите модули для перевода магазина.,언어를 하나 이상 추가하고 모듈을 선택해 스토어를 한 번에 번역하세요.,언어를 하나 이상 추가하고 스토어를 번역할 모듈을 선택하세요.,En az bir dil ekleyin ve mağazanızı tek seferde çevirmek için modülleri seçin.,En az bir dil ekleyin ve mağazanızı çevirmek için modülleri seçin.,
rewrite,P0,home-setup-guide,yes,needs-rewrite|click-tap,v4Mvp.setupGuide.translate.step1,public/locales/{code}/translation.json,Click Batch Translate.,Open batch translation,Open batch translation,Cliquez sur Traduction par lots.,Ouvrir la traduction par lots,Klicke auf Stapelübersetzung.,Stapelübersetzung öffnen,Haz clic en Traducción masiva.,Abrir traducción por lotes,「一括翻訳」をクリックします。,一括翻訳を開く,點擊「批次翻譯」。,開啟批次翻譯,点击「批量翻译」。,打开批量翻译,Clique em Tradução em lote.,Abrir tradução em lote,Klik op Batchvertaling.,Batchvertaling openen,Klicka på Batchöversättning.,Öppna massöversättning,Fai clic su Traduzione batch.,Apri traduzione in batch,Натисніть «Пакетний переклад».,Відкрити пакетний переклад,Нажмите «Пакетный перевод».,Открыть пакетный перевод,일괄 번역을 클릭하세요.,일괄 번역 열기,Toplu çeviri’ye tıklayın.,Toplu çeviriyi aç,
rewrite,P0,home-setup-guide,yes,needs-rewrite|heading-question,v4Mvp.setupGuide.translate.title,public/locales/{code}/translation.json,How to batch translate all languages at once?,Batch-translate your store,Batch-translate your store,Comment traduire toutes les langues en une fois ?,Traduire votre boutique par lots,Wie übersetze ich alle Sprachen auf einmal?,Shop per Stapelübersetzung übersetzen,¿Cómo traducir todos los idiomas de una vez?,Traducir tu tienda por lotes,すべての言語を一度に一括翻訳するには？,ストアを一括翻訳,如何一次批次翻譯所有語言？,批次翻譯您的商店,如何一次性批量翻译所有语言？,批量翻译您的店铺,Como traduzir todos os idiomas de uma só vez?,Traduza a sua loja em lote,Hoe vertaal ik alle talen in één keer?,Vertaal je winkel in batches,Hur översätter jag alla språk på en gång?,Massöversätt din butik,Come tradurre tutte le lingue in una volta sola?,Traduci il tuo negozio in batch,Як пакетно перекласти всі мови одразу?,Виконайте пакетний переклад магазину,Как пакетно перевести все языки сразу?,Выполните пакетный перевод магазина,모든 언어를 한 번에 일괄 번역하는 방법은?,스토어 일괄 번역,Tüm diller tek seferde nasıl toplu çevrilir?,Mağazanızı toplu olarak çevirin,
rewrite,P0,language,yes,needs-rewrite|title-case,Language Publishing Status,public/locales/{code}/translation.json,Language Publishing Status,Language publishing status,Language publishing status,Statut de publication de la langue,Statut de publication des langues,Sprachveröffentlichungsstatus,Veröffentlichungsstatus der Sprachen,Estado de publicación de idioma,Estado de publicación de idiomas,言語の公開ステータス,言語の公開ステータス,語言發布狀態,語言發布狀態,语言发布状态,语言发布状态,Status de publicação do idioma,Status de publicação do idioma,Publicatiestatus van taal,Publicatiestatus van taal,Språkpubliceringsstatus,Språkpubliceringsstatus,Stato pubblicazione lingua,Stato pubblicazione lingua,Статус публікації мови,Статус публікації мови,Статус публикации языка,Статус публикации языка,언어 게시 상태,언어 게시 상태,Dil yayınlama durumu,Dil yayınlama durumu,
rewrite,P0,nav,yes,needs-rewrite|title-case,Manage Translation,public/locales/{code}/translation.json,Manage Translation,Manage translation,Manage translation,Gérer la traduction,Gérer la traduction,Übersetzung verwalten,Übersetzung verwalten,Gestionar traducción,Gestionar traducción,翻訳を管理,翻訳を管理,管理翻譯,管理翻譯,管理翻译,管理翻译,Gerir tradução,Gerir tradução,Vertaling beheren,Vertaling beheren,Hantera översättning,Hantera översättning,Gestisci traduzione,Gestisci traduzione,Керувати перекладом,Керувати перекладом,Управление переводом страницы,Управление переводом страницы,번역 관리,번역 관리,Çeviriyi yönet,Çeviriyi yönet,
rewrite,P0,nav,yes,needs-rewrite,Switcher,public/locales/{code}/translation.json,Switcher,Language switcher,Language switcher,Sélecteur,Sélecteur de langue,Umschalter,Sprachumschalter,Selector,Selector de idioma,スイッチャー,言語スイッチャー,切換器,語言切換器,切换器,语言切换器,Seletor,Seletor de idioma,Wisselaar,Taalwisselaar,Växlare,Språkväxlare,Selettore,Selettore lingua,Перемикач,Перемикач мов,Переключатель,Переключатель языка,스위처,언어 전환기,Değiştirici,Dil değiştirici,
rewrite,P0,nav,yes,title-case,v4.title,public/locales/{code}/translation.json,Ciwi AI Translator,Ciwi AI translator,Ciwi AI translator,Traduction intelligente,Traducteur IA Ciwi,Intelligente Übersetzung,Ciwi KI-Übersetzer,Traducción inteligente,Traductor con IA de Ciwi,スマート翻訳,Ciwi AI翻訳,智慧翻譯,智慧翻譯,Ciwi AI Translator,Ciwi AI Translator,Tradução inteligente,Tradução inteligente,Slimme vertaling,Slimme vertaling,Smart översättning,Smart översättning,Traduzione intelligente,Traduzione intelligente,Розумний переклад,Розумний переклад,Умный перевод,Умный перевод,스마트 번역,스마트 번역,Akıllı çeviri,Akıllı çeviri,
rewrite,P0,other,yes,needs-rewrite|title-case,Add Language,public/locales/{code}/translation.json,Add Language,Add language,Add language,Ajouter une langue,Ajouter une langue,Sprache hinzufügen,Sprache hinzufügen,Agregar idioma,Añadir idioma,言語を追加,言語を追加,新增語言,新增語言,添加语言,添加语言,Adicionar idioma,Adicionar idioma,Taal toevoegen,Taal toevoegen,Lägg till språk,Lägg till språk,Aggiungi lingua,Aggiungi lingua,Додати мову,Додати мову,Добавить язык,Добавить язык,언어 추가,언어 추가,Dil ekle,Dil ekle,
rewrite,P0,other,yes,needs-rewrite|title-case,Publish to Selected Domains,public/locales/{code}/translation.json,Publish to Selected Domains,Publish to selected domains,Publish to selected domains,Publier sur les domaines sélectionnés,Publier sur les domaines sélectionnés,In ausgewählte Domänen veröffentlichen,Auf ausgewählten Domains veröffentlichen,Publicar en dominios seleccionados,Publicar en los dominios seleccionados,選択したドメインに公開,選択したドメインに公開,發布到所選網域,發布到所選網域,发布到所选域名,发布到所选域名,Publicar nos domínios selecionados,Publicar nos domínios selecionados,Publiceren op geselecteerde domeinen,Publiceren op geselecteerde domeinen,Publicera till valda domäner,Publicera till valda domäner,Pubblica sui domini selezionati,Pubblica sui domini selezionati,Опублікувати в обраних доменах,Опублікувати в обраних доменах,Опубликовать в выбранных доменах,Опубликовать в выбранных доменах,선택한 도메인에 게시,선택한 도메인에 게시,Seçili etki alanlarına yayınla,Seçili etki alanlarına yayınla,
rewrite,P0,pricing,yes,needs-rewrite|title-case,Buy Credits,public/locales/{code}/translation.json,Buy Credits,Buy credits,Buy credits,Acheter des crédits,Acheter des crédits,Credits kaufen,Credits kaufen,Comprar créditos,Comprar créditos,クレジットを購入,クレジットを購入,購買積分,購買積分,购买积分,购买积分,Comprar créditos,Comprar créditos,Credits kopen,Credits kopen,Köp krediter,Köp krediter,Acquista crediti,Acquista crediti,Купити кредити,Купити кредити,Купить кредиты,Купить кредиты,크레딧 구매,크레딧 구매,Kredi satın al,Kredi satın al,
rewrite,P0,pricing,yes,needs-rewrite,v4.quotaGate.trialTitle,public/locales/{code}/translation.json,No credits left. Start your 5 days free trial,No credits left. Start your 5-day free trial,No credits left. Start your 5-day free trial,Plus de crédits. Commencez votre essai gratuit de 5 jours,Plus de crédits. Commencez votre essai gratuit de 5 jours,Keine Credits mehr. Starten Sie Ihre 5-tägige kostenlose Testphase,Keine Credits mehr. Starten Sie Ihre kostenlose 5-Tage-Testversion,Sin créditos. Inicie su prueba gratuita de 5 días,No quedan créditos. Inicia tu prueba gratuita de 5 días,クレジットがありません。5日間の無料トライアルを開始してください,クレジットがありません。5日間の無料トライアルを開始してください,額度已用完，立即開始 5 天免費試用,額度已用完，立即開始 5 天免費試用,积分已用完，立即开启 5 天免费试用,积分已用完，立即开启 5 天免费试用,Sem créditos. Inicie o seu período de teste gratuito de 5 dias,Sem créditos. Inicie o seu período de teste gratuito de 5 dias,Geen credits meer. Start uw gratis proefperiode van 5 dagen,Geen credits meer. Start uw gratis proefperiode van 5 dagen,Inga krediter kvar. Starta din 5 dagars kostnadsfria provperiod,Inga krediter kvar. Starta din 5 dagars kostnadsfria provperiod,Crediti esauriti. Inizia la prova gratuita di 5 giorni,Crediti esauriti. Inizia la prova gratuita di 5 giorni,Кредити закінчилися. Розпочніть безкоштовний 5-денний пробний період,Кредити закінчилися. Розпочніть безкоштовний 5-денний пробний період,Кредиты закончились. Начните бесплатный 5-дневный пробный период,Кредиты закончились. Начните бесплатный 5-дневный пробный период,크레딧이 없습니다. 5일 무료 체험을 시작하세요,크레딧이 없습니다. 5일 무료 체험을 시작하세요,Kredi kalmadı. 5 günlük ücretsiz denemenizi başlatın,Kredi kalmadı. 5 günlük ücretsiz denemenizi başlatın,
rewrite,P0,pricing,yes,needs-rewrite|title-case,v4.quotaGate.viewPlans,public/locales/{code}/translation.json,View Plans,View plans,View plans,Voir les forfaits,Voir les forfaits,Pläne ansehen,Tarife anzeigen,Ver planes,Ver planes,プランを見る,プランを見る,查看方案,前往訂閱,查看套餐,查看套餐,Ver planos,Ir para assinatura,Plannen bekijken,Ga naar abonnement,Visa planer,Gå till prenumeration,Vedi piani,Vai all'abbonamento,Переглянути тарифи,Перейти до підписки,Посмотреть тарифы,Перейти к подписке,플랜 보기,구독으로 이동,Planları görüntüle,Aboneliğe git,
rewrite,P0,v4,no,needs-rewrite|title-case,v4.navLabel,public/locales/{code}/translation.json,Ciwi AI Translator (v4),Ciwi AI Translator,Ciwi AI Translator,Traduction intelligente (v4),Ciwi AI Translator,Intelligente Übersetzung (v4),Ciwi AI Translator,Traducción inteligente (v4),Ciwi AI Translator,スマート翻訳 (v4),Ciwi AI Translator,智慧翻譯 (v4),Ciwi AI Translator,智能翻译 (v4),Ciwi AI Translator,Tradução inteligente (v4),Ciwi AI Translator,Slimme vertaling (v4),Ciwi AI Translator,Smart översättning (v4),Ciwi AI Translator,Traduzione intelligente (v4),Ciwi AI Translator,Розумний переклад (v4),Ciwi AI Translator,Умный перевод (v4),Ciwi AI Translator,스마트 번역 (v4),Ciwi AI Translator,Akıllı çeviri (v4),Ciwi AI Translator,Not referenced by t() in app/; skip unless you still see it in UI
rewrite,P1,hardcoded,yes,hardcoded-not-i18n,HARDCODED:app/routes/app.shop-profile/route.tsx:AppSubpageTitleBar,app/routes/app.shop-profile/route.tsx,店铺画像 (Shop Profile),Shop profile,Shop profile,,Profil de la boutique,,Shop-Profil,,Perfil de la tienda,,ショッププロフィール,,商店概況,店铺画像 (Shop Profile),店铺概况,,Perfil da loja,,Winkelprofiel,,Butiksprofil,,Profilo del negozio,,Профіль магазину,,Профиль магазина,,스토어 프로필,,Mağaza profili,"Hardcoded in source; replace in that file, not locale JSON"
rewrite,P1,hardcoded,yes,hardcoded-not-i18n,HARDCODED:app/routes/app.shop-profile/route.tsx:sourceChars,app/routes/app.shop-profile/route.tsx,源文字符数,,,,,,,,,,,,,源文字符数,,,,,,,,,,,,,,,,,,"Hardcoded in source; replace in that file, not locale JSON"
rewrite,P1,hardcoded,yes,hardcoded-not-i18n,HARDCODED:app/routes/app.shop-profile/route.tsx:translatableItems,app/routes/app.shop-profile/route.tsx,可翻译条目,,,,,,,,,,,,,可翻译条目,,,,,,,,,,,,,,,,,,"Hardcoded in source; replace in that file, not locale JSON"
rewrite,P1,hardcoded,yes,hardcoded-not-i18n,HARDCODED:app/routes/app.switcher/route.tsx:arrowIconAlt,app/routes/app.switcher/route.tsx,Arrow Icon,Arrow,Arrow,,Flèche,,Pfeil,,Flecha,,矢印,,箭頭,,箭头,,Seta,,Pijl,,Pil,,Freccia,,Стрілка,,Стрелка,,화살표,,Ok,"Hardcoded in source; replace in that file, not locale JSON"
rewrite,P1,hardcoded,yes,hardcoded-not-i18n,HARDCODED:app/routes/app.translate-v4/components/CreateTaskConfirmModal.tsx:launchCredits,app/routes/app.translate-v4/components/CreateTaskConfirmModal.tsx,Launch Credits (first subscribe),Launch credits (first subscribe),Launch credits (first subscribe),,Crédits de lancement (premier abonnement),,Start-Credits (erstes Abonnement),,Créditos de lanzamiento (primera suscripción),,開始クレジット（初回購読）,,啟動點數（首次訂閱）,,启动积分（首次订阅）,,Créditos de lançamento (primeira subscrição),,Startcredits (eerste abonnement),,Startkrediter (första prenumerationen),,Crediti di lancio (primo abbonamento),,Стартові кредити (перша підписка),,Стартовые кредиты (первая подписка),,시작 크레딧(첫 구독),,Başlangıç kredileri (ilk abonelik),"Hardcoded in source; replace in that file, not locale JSON"
rewrite,P1,home,yes,needs-rewrite|click-tap,v4Mvp.themeExtension.themeEditorHint,public/locales/{code}/translation.json,"Theme editor opens App embeds. Enable Ciwi Switcher, then click Save.","Theme editor opens App embeds. Enable Ciwi Switcher, then select Save.","Theme editor opens App embeds. Enable Ciwi Switcher, then select Save.","L’éditeur de thème ouvre les intégrations d’applications. Activez Ciwi Switcher, puis cliquez sur Enregistrer.","L’éditeur de thème ouvre App embeds. Activez Ciwi Switcher, puis sélectionnez Enregistrer.",Der Theme-Editor öffnet die App-Einbettungen. Aktiviere Ciwi Switcher und klicke dann auf Speichern.,Der Theme-Editor öffnet App embeds. Aktivieren Sie Ciwi Switcher und wählen Sie anschließend Speichern.,El editor de temas abre las incrustaciones de apps. Activa Ciwi Switcher y luego haz clic en Guardar.,"El editor de temas abre App embeds. Activa Ciwi Switcher y, a continuación, selecciona Guardar.",テーマエディタでアプリ埋め込みが開きます。Ciwi Switcher を有効にして保存をクリックします。,テーマエディターで App embeds が開きます。Ciwi Switcher を有効にしてから「保存」を選択します。,主題編輯器會開啟「應用程式內嵌」。啟用 Ciwi Switcher，然後點擊儲存。,主題編輯器會開啟 App embeds。啟用 Ciwi Switcher，然後選擇「儲存」。,主题编辑器会打开「应用嵌入」。启用 Ciwi Switcher，然后点击保存。,主题编辑器会打开 App embeds。启用 Ciwi Switcher，然后选择“保存”。,O editor de temas abre as incorporações de apps. Ative o Ciwi Switcher e clique em Guardar.,"O editor de temas abre App embeds. Ative o Ciwi Switcher e, em seguida, selecione Guardar.",De thema-editor opent App-insluitingen. Schakel Ciwi Switcher in en klik op Opslaan.,De thema-editor opent App embeds. Schakel Ciwi Switcher in en selecteer vervolgens Opslaan.,Temaredigeraren öppnar appinbäddningar. Aktivera Ciwi Switcher och klicka sedan på Spara.,Temaredigeraren öppnar App embeds. Aktivera Ciwi Switcher och välj sedan Spara.,"L’editor del tema apre gli incorporamenti app. Attiva Ciwi Switcher, poi fai clic su Salva.","L’editor del tema apre App embeds. Attiva Ciwi Switcher, quindi seleziona Salva.","Редактор теми відкриває вбудовування додатків. Увімкніть Ciwi Switcher, потім натисніть Зберегти.","Редактор теми відкриває App embeds. Увімкніть Ciwi Switcher, потім виберіть «Зберегти».","Редактор темы открывает встраивания приложений. Включите Ciwi Switcher, затем нажмите Сохранить.","Редактор темы открывает App embeds. Включите Ciwi Switcher, затем выберите «Сохранить».",테마 편집기에서 앱 임베드가 열립니다. Ciwi Switcher를 켠 다음 저장을 클릭하세요.,테마 편집기에서 App embeds가 열립니다. Ciwi Switcher를 활성화한 다음 저장을 선택하세요.,"Tema düzenleyici uygulama yerleştirmelerini açar. Ciwi Switcher’ı açın, ardından Kaydet’e tıklayın.","Tema düzenleyici App embeds bölümünü açar. Ciwi Switcher’ı etkinleştirin, ardından Kaydet’i seçin.",
rewrite,P1,language,yes,needs-rewrite|click-tap,v4.coverage.cacheNotReady,public/locales/{code}/translation.json,"Statistics cache not ready. Click ""Refresh statistics"" to compute from Shopify.","Statistics cache not ready. Select ""Refresh statistics"" to compute from Shopify.","Statistics cache not ready. Select ""Refresh statistics"" to compute from Shopify.",Cache des statistiques non prêt. Cliquez sur « Actualiser les statistiques » pour calculer depuis Shopify.,Le cache des statistiques n’est pas prêt. Sélectionnez « Actualiser les statistiques » pour les calculer depuis Shopify.,"Statistik-Cache nicht bereit. Klicken Sie auf „Statistiken aktualisieren“, um von Shopify zu berechnen.","Der Statistik-Cache ist noch nicht bereit. Wählen Sie „Statistiken aktualisieren“, um sie aus Shopify zu berechnen.",Caché de estadísticas no lista. Haga clic en «Actualizar estadísticas» para calcular desde Shopify.,La caché de estadísticas no está lista. Selecciona «Actualizar estadísticas» para calcularlas desde Shopify.,統計キャッシュがまだ準備できていません。「統計を更新」をクリックしてShopifyから計算してください。,統計キャッシュの準備ができていません。Shopify から計算するには「統計を更新」を選択してください。,統計資料快取尚未就緒，點選「重新整理統計資料」以從 Shopify 計算。,統計快取尚未就緒。選擇「重新整理統計資料」以從 Shopify 計算。,统计缓存未就绪，点击「刷新统计」从 Shopify 计算,统计缓存尚未就绪。选择“刷新统计”以从 Shopify 计算。,A cache de estatísticas ainda não está pronta. Clique em «Atualizar estatísticas» para calcular a partir da Shopify.,"A cache de estatísticas ainda não está pronta. Selecione ""Atualizar estatísticas"" para calcular a partir da Shopify.",Statistiekencache nog niet klaar. Klik op “Statistieken vernieuwen” om te berekenen vanuit Shopify.,"De statistiekencache is nog niet gereed. Selecteer ""Statistieken vernieuwen"" om deze vanuit Shopify te berekenen.",Statistikcachen är inte redo. Klicka på ”Uppdatera statistik” för att beräkna från Shopify.,"Statistikcachen är inte klar. Välj ""Uppdatera statistik"" för att beräkna från Shopify.",Cache statistiche non pronta. Clicca «Aggiorna statistiche» per calcolare da Shopify.,"La cache delle statistiche non è pronta. Seleziona ""Aggiorna statistiche"" per calcolarle da Shopify.","Кеш статистики ще не готовий. Натисніть «Оновити статистику», щоб обчислити дані з Shopify.","Кеш статистики ще не готовий. Виберіть «Оновити статистику», щоб обчислити дані з Shopify.","Кэш статистики ещё не готов. Нажмите «Обновить статистику», чтобы рассчитать данные из Shopify.","Кэш статистики ещё не готов. Выберите «Обновить статистику», чтобы рассчитать данные из Shopify.",통계 캐시가 아직 준비되지 않았습니다. “통계 새로고침”을 클릭해 Shopify에서 계산하세요.,"통계 캐시가 아직 준비되지 않았습니다. Shopify에서 계산하려면 ""통계 새로고침""을 선택하세요.",İstatistik önbelleği henüz hazır değil. Shopify'dan hesaplamak için «İstatistikleri yenile» düğmesine tıklayın.,"İstatistik önbelleği henüz hazır değil. Shopify’dan hesaplamak için ""İstatistikleri yenile""yi seçin.",
rewrite,P1,language,yes,needs-rewrite|click-tap,v4.coverage.unscannedSummary,public/locales/{code}/translation.json,"{{count}} languages not scanned. Click ""Refresh statistics"" to compute them.","{{count}} languages not scanned. Select ""Refresh statistics"" to compute them.","{{count}} languages not scanned. Select ""Refresh statistics"" to compute them.",{{count}} langues non analysées. Cliquez sur « Actualiser les statistiques » pour les calculer.,{{count}} langues n’ont pas été analysées. Sélectionnez « Actualiser les statistiques » pour les calculer.,"{{count}} Sprachen nicht gescannt. Klicken Sie auf „Statistiken aktualisieren“, um sie zu berechnen.","{{count}} Sprachen wurden nicht gescannt. Wählen Sie „Statistiken aktualisieren“, um sie zu berechnen.",{{count}} idiomas no escaneados. Haga clic en «Actualizar estadísticas» para calcularlos.,No se han analizado {{count}} idiomas. Selecciona «Actualizar estadísticas» para calcularlos.,{{count}}件の言語が未スキャンです。「統計を更新」をクリックして計算してください。,{{count}}言語がスキャンされていません。計算するには「統計を更新」を選択してください。,{{count}} 種語言尚未掃描，點選「重新整理統計資料」以進行計算。,{{count}} 種語言尚未掃描。選擇「重新整理統計資料」以進行計算。,{{count}} 种语言未统计，点击「刷新统计」后计算。,{{count}} 种语言尚未扫描。选择“刷新统计”进行计算。,{{count}} idiomas não analisados. Clique em «Atualizar estatísticas» para os calcular.,"{{count}} idiomas não foram analisados. Selecione ""Atualizar estatísticas"" para os calcular.",{{count}} talen niet gescand. Klik op “Statistieken vernieuwen” om ze te berekenen.,"{{count}} talen zijn niet gescand. Selecteer ""Statistieken vernieuwen"" om ze te berekenen.",{{count}} språk är inte skannade. Klicka på ”Uppdatera statistik” för att beräkna dem.,"{{count}} språk har inte skannats. Välj ""Uppdatera statistik"" för att beräkna dem.",{{count}} lingue non analizzate. Clicca «Aggiorna statistiche» per calcolarle.,"{{count}} lingue non sono state analizzate. Seleziona ""Aggiorna statistiche"" per calcolarle.","{{count}} мов не проскановано. Натисніть «Оновити статистику», щоб обчислити.","{{count}} мов не проскановано. Виберіть «Оновити статистику», щоб обчислити їх.","{{count}} языков не проверено. Нажмите «Обновить статистику», чтобы рассчитать.","{{count}} языков не просканировано. Выберите «Обновить статистику», чтобы рассчитать их.",{{count}}개 언어가 스캔되지 않았습니다. “통계 새로고침”을 클릭해 계산하세요.,"{{count}}개 언어가 스캔되지 않았습니다. 계산하려면 ""통계 새로고침""을 선택하세요.",{{count}} dil taranmadı. Hesaplamak için «İstatistikleri yenile» düğmesine tıklayın.,"{{count}} dil taranmadı. Hesaplamak için ""İstatistikleri yenile""yi seçin.",
rewrite,P1,manage,yes,needs-rewrite|title-case|awkward-phrasing,Json Template,public/locales/{code}/translation.json,Json Template,JSON template,JSON template,Modèle JSON,Modèle JSON,JSON-Vorlage,JSON-Vorlage,Plantilla JSON,Plantilla JSON,JSONテンプレート,JSONテンプレート,JSON 範本,JSON 範本,JSON 模板,JSON 模板,Modelo JSON,Modelo JSON,JSON-sjabloon,JSON-sjabloon,JSON-mall,JSON-mall,Modello JSON,Modello JSON,JSON-шаблон,JSON-шаблон,JSON-шаблон,JSON-шаблон,JSON 템플릿,JSON 템플릿,JSON Şablonu,JSON Şablonu,
rewrite,P1,other,yes,needs-rewrite|awkward-phrasing,1v1 support,public/locales/{code}/translation.json,1v1 support,1:1 support,1:1 support,Support en tête-à-tête,Assistance 1:1,1v1 Support,1:1-Support,Soporte 1v1,Soporte 1:1,1対1サポート,1対1サポート,1v1支援,1:1 支援,1v1 支持,1:1 支持,Apoio 1 a 1,Apoio 1:1,1-op-1 support,1-op-1-ondersteuning,1-mot-1-support,1:1-support,Assistenza 1 a 1,Assistenza 1:1,Підтримка 1 на 1,Підтримка 1:1,Поддержка 1 на 1,Поддержка 1:1,1대1 지원,1:1 지원,Bire bir destek,1:1 destek,
rewrite,P1,other,yes,needs-rewrite,Add failed,public/locales/{code}/translation.json,Add failed,Couldn't add,Couldn't add,Échec de l'ajout,Impossible d’ajouter,Hinzufügen fehlgeschlagen,Hinzufügen nicht möglich,Error al agregar,No se pudo añadir,追加に失敗しました,追加できませんでした,新增失敗,無法新增,添加失败,无法添加,Falha ao adicionar,Não foi possível adicionar,Toevoegen mislukt,Kon niet toevoegen,Tillägg misslyckades,Kunde inte lägga till,Aggiunta non riuscita,Impossibile aggiungere,Не вдалося додати,Не вдалося додати,Сбой добавления,Не удалось добавить,추가 실패,추가할 수 없습니다,Eklenemedi,Eklenemedi,
rewrite,P1,other,yes,needs-rewrite|awkward-phrasing,Add success,public/locales/{code}/translation.json,Add success,Added,Added,Ajout réussi,Ajouté,Erfolgreich hinzugefügt,Hinzugefügt,Agregado correctamente,Añadido,追加に成功しました,追加済み,添加成功,已新增,添加成功,已添加,Adicionado com sucesso,Adicionado,Succesvol toegevoegd,Toegevoegd,Tillägg lyckades,Tillagd,Aggiunta riuscita,Aggiunto,Успішно додано,Додано,Добавление выполнено,Добавлено,성공 추가,추가됨,Başarıyla eklendi,Eklendi,
rewrite,P1,other,yes,needs-rewrite,Background Color:,public/locales/{code}/translation.json,Background Color:,Background color,Background color,Couleur d'arrière-plan :,Couleur d’arrière-plan,Hintergrundfarbe:,Hintergrundfarbe,Color de fondo:,Color de fondo,背景色：,背景色,背景顏色：,背景顏色：,背景颜色：,背景颜色：,Cor de fundo:,Cor de fundo:,Achtergrondkleur:,Achtergrondkleur:,Bakgrundsfärg:,Bakgrundsfärg:,Colore di sfondo:,Colore di sfondo:,Колір фону:,Колір фону:,Цвет фона:,Цвет фона:,배경색:,배경색:,Arka plan rengi:,Arka plan rengi:,
rewrite,P1,other,yes,needs-rewrite,basic_features3,public/locales/{code}/translation.json,"Supports meta fields, Liquid, HTML, URL, checkout, and more","Supports metafields, Liquid, HTML, URL, checkout, and more","Supports metafields, Liquid, HTML, URL, checkout, and more","Prise en charge des métachamps, Liquid, HTML, URL, checkout et plus encore","Prend en charge les métachamps, Liquid, HTML, URL, le paiement et plus encore","Unterstützt Meta-Felder, Liquid, HTML, URL, Checkout und mehr","Unterstützt Metafelder, Liquid, HTML, URL, Checkout und mehr","Compatible con metacampos, Liquid, HTML, URL, checkout y más","Compatible con metacampos, Liquid, HTML, URL, pago y mucho más",メタフィールド、Liquid、HTML、URL、チェックアウトなどをサポート,メタフィールド、Liquid、HTML、URL、チェックアウトなどに対応,支援元字段、Liquid、HTML、URL、結帳等,支援元字段、Liquid、HTML、URL、結帳等,支持 meta fields和 liquid 、HTML/URL 、checkout等内容翻译,支持 meta fields和 liquid 、HTML/URL 、checkout等内容翻译,"Suporta metafields, Liquid, HTML, URL, checkout e mais","Suporta metafields, Liquid, HTML, URL, checkout e mais","Ondersteuning voor metavelden, Liquid, HTML, URL, checkout en meer","Ondersteuning voor metavelden, Liquid, HTML, URL, checkout en meer","Stöd för metafält, Liquid, HTML, URL, checkout med mera","Stöd för metafält, Liquid, HTML, URL, checkout med mera","Supporta metafield, Liquid, HTML, URL, checkout e altro","Supporta metafield, Liquid, HTML, URL, checkout e altro","Підтримує мета поля, Liquid, HTML, URL, оформлення замовлення та інше","Підтримує мета поля, Liquid, HTML, URL, оформлення замовлення та інше","Поддерживает метаполя, Liquid, HTML, URL, оформление заказа и многое другое","Поддерживает метаполя, Liquid, HTML, URL, оформление заказа и многое другое","메타 필드, Liquid, HTML, URL, 체크아웃 등을 지원합니다.","메타 필드, Liquid, HTML, URL, 체크아웃 등을 지원합니다.","Meta alanları, Liquid, HTML, URL, checkout ve daha fazlasını destekler","Meta alanları, Liquid, HTML, URL, checkout ve daha fazlasını destekler",
rewrite,P1,other,yes,needs-rewrite,basic_features9,public/locales/{code}/translation.json,Excess usage: 100 credit per IP,Excess usage: 100 credits per IP,Excess usage: 100 credits per IP,Utilisation excédentaire : 100 crédits par IP,Utilisation excédentaire : 100 crédits par IP,Überschreitung: 100 Credits pro IP,Mehrverbrauch: 100 Credits pro IP,Uso excedente: 100 créditos por IP,Uso excedente: 100 créditos por IP,超過利用：IP あたり 100 クレジット,超過利用：IPごとに100クレジット,超額使用：每個 IP 100 個信用點,超額使用：每個 IP 100 個信用點,超出限制：100 积分/IP,超出限制：100 积分/IP,Utilização em excesso: 100 créditos por IP,Utilização em excesso: 100 créditos por IP,Overgebruik: 100 credits per IP,Overgebruik: 100 credits per IP,Överförbrukning: 100 krediter per IP,Överförbrukning: 100 krediter per IP,Utilizzo in eccesso: 100 crediti per IP,Utilizzo in eccesso: 100 crediti per IP,Надмірне використання: 100 кредитів за IP,Надмірне використання: 100 кредитів за IP,Избыточное использование: 100 кредитов на IP,Избыточное использование: 100 кредитов на IP,초과 사용: IP당 100 크레딧,초과 사용: IP당 100 크레딧,Aşım kullanımı: IP başına 100 kredi,Aşım kullanımı: IP başına 100 kredi,
rewrite,P1,other,yes,needs-rewrite|title-case,Bottom Left,public/locales/{code}/translation.json,Bottom Left,Bottom left,Bottom left,En bas à gauche,En bas à gauche,Unten links,Unten links,Abajo a la izquierda,Abajo a la izquierda,左下,左下,左下角,左下角,底部左侧,底部左侧,Canto inferior esquerdo,Canto inferior esquerdo,Linksonder,Linksonder,Nedre vänster,Nedre vänster,In basso a sinistra,In basso a sinistra,Знизу зліва,Знизу зліва,Левый плинтус,Левый плинтус,왼쪽 하단,왼쪽 하단,Sol alt,Sol alt,
rewrite,P1,other,yes,needs-rewrite|title-case,Bottom Right,public/locales/{code}/translation.json,Bottom Right,Bottom right,Bottom right,En bas à droite,En bas à droite,Unten rechts,Unten rechts,Abajo a la derecha,Abajo a la derecha,右下,右下,右下角,右下角,底部右侧,底部右侧,Canto inferior direito,Canto inferior direito,Rechtsonder,Rechtsonder,Nedre höger,Nedre höger,In basso a destra,In basso a destra,Знизу справа,Знизу справа,Правый плинтус,Правый плинтус,오른쪽 하단,오른쪽 하단,Sağ alt,Sağ alt,
rewrite,P1,other,yes,needs-rewrite|click-tap,Click to Upload,public/locales/{code}/translation.json,Click to Upload,Upload,Upload,Cliquer pour téléverser,Importer,Zum Hochladen klicken,Hochladen,Haga clic para cargar,Subir,クリックしてアップロード,アップロード,點擊上傳,上傳,点击上传,上传,Clique para carregar,Carregar,Klik om te uploaden,Uploaden,Klicka för att ladda upp,Ladda upp,Clicca per caricare,Carica,Натисніть для завантаження,Завантажити,"Нажмите, чтобы загрузить",Загрузить,업로드하려면 클릭하세요,업로드,Yüklemek için tıklayın,Yükle,
rewrite,P1,other,yes,title-case,Common_Languages,public/locales/{code}/translation.json,Common Languages,Common languages,Common languages,Langues courantes,Langues courantes,Häufige Sprachen,Häufige Sprachen,Idiomas comunes,Idiomas comunes,よく使う言語,よく使われる言語,通用語言,通用語言,常用语言,常用语言,Idiomas comuns,Idiomas comuns,Veelgebruikte talen,Veelgebruikte talen,Vanliga språk,Vanliga språk,Lingue comuni,Lingue comuni,Поширені мови,Поширені мови,Самые распространенные языки,Самые распространенные языки,공통 언어,공통 언어,Yaygın diller,Yaygın diller,
rewrite,P1,other,yes,needs-rewrite|title-case,Default Language,public/locales/{code}/translation.json,Default Language,Default language,Default language,Langue par défaut,Langue par défaut,Standardsprache,Standardsprache,Idioma predeterminado,Idioma predeterminado,デフォルト言語,デフォルト言語,預設語言,預設語言,默认语言,默认语言,Idioma predefinido,Idioma predefinido,Standaardtaal,Standaardtaal,Standardspråk,Standardspråk,Lingua predefinita,Lingua predefinita,Мова за замовчуванням,Мова за замовчуванням,Язык по умолчанию,Язык по умолчанию,기본 언어,기본 언어,Varsayılan dil,Varsayılan dil,
rewrite,P1,other,yes,needs-rewrite,Delete successfully,public/locales/{code}/translation.json,Delete successfully,Deleted,Deleted,Suppression réussie,Supprimé,Erfolgreich gelöscht,Gelöscht,Eliminado correctamente,Eliminado,削除に成功しました,削除済み,刪除成功,已刪除,删除成功,已删除,Eliminado com sucesso,Eliminado,Succesvol verwijderd,Verwijderd,Borttagning lyckades,Borttagen,Eliminazione riuscita,Eliminato,Успішно видалено,Видалено,Успешно удалено,Удалено,성공적으로 삭제되었습니다,삭제됨,Başarıyla silindi,Silindi,
rewrite,P1,other,yes,needs-rewrite|title-case,Feature Unavailable,public/locales/{code}/translation.json,Feature Unavailable,Feature unavailable,Feature unavailable,Fonction non disponible,Fonctionnalité indisponible,Funktion nicht verfügbar,Funktion nicht verfügbar,Función no disponible,Función no disponible,機能が利用できません,機能を利用できません,功能無法使用,功能無法使用,功能不可用,功能不可用,Recurso indisponível,Recurso indisponível,Functie niet beschikbaar,Functie niet beschikbaar,Funktionen är inte tillgänglig,Funktionen är inte tillgänglig,Funzione non disponibile,Funzione non disponibile,Функція недоступна,Функція недоступна,Функция недоступна,Функция недоступна,기능을 사용할 수 없습니다,기능을 사용할 수 없습니다,Özellik kullanılamıyor,Özellik kullanılamıyor,
rewrite,P1,other,yes,needs-rewrite|title-case,Image Translation,public/locales/{code}/translation.json,Image Translation,Image translation,Image translation,Traduction d'images,Traduction d’images,Bildübersetzung,Bildübersetzung,Traducción de imágenes,Traducción de imágenes,画像翻訳,画像翻訳,影像翻譯,影像翻譯,图片翻译,图片翻译,Tradução de imagens,Tradução de imagens,Afbeeldingvertaling,Afbeeldingvertaling,Bildöversättning,Bildöversättning,Traduzione immagini,Traduzione immagini,Переклад зображень,Переклад зображень,Перевод изображений,Перевод изображений,이미지 번역,이미지 번역,Görsel çevirisi,Görsel çevirisi,
rewrite,P1,other,yes,title-case,Items Translated,public/locales/{code}/translation.json,Items Translated,Items translated,Items translated,Éléments traduits,Éléments traduits,Übersetzte Elemente,Übersetzte Elemente,Elementos traducidos,Elementos traducidos,翻訳済み項目,翻訳済み項目,翻譯項目,翻譯項目,已翻译项目,已翻译项目,Itens traduzidos,Itens traduzidos,Items vertaald,Items vertaald,Översatta objekt,Översatta objekt,Elementi tradotti,Elementi tradotti,Елементи перекладено,Елементи перекладено,Элементы переведены,Элементы переведены,번역된 항목,번역된 항목,Çevrilen öğeler,Çevrilen öğeler,
rewrite,P1,other,yes,title-case,Leave Anyway,public/locales/{code}/translation.json,Leave Anyway,Leave anyway,Leave anyway,Quitter quand même,Quitter quand même,Trotzdem verlassen,Trotzdem verlassen,Salir de todos modos,Salir de todos modos,それでも離れる,このまま離れる,無論如何離開,無論如何離開,离开,离开,Sair mesmo assim,Sair mesmo assim,Toch verlaten,Toch verlaten,Lämna ändå,Lämna ändå,Esci comunque,Esci comunque,Все одно піти,Все одно піти,"В любом случае, оставить форму?","В любом случае, оставить форму?",어쨌든 떠나다,어쨌든 떠나다,Yine de ayrıl,Yine de ayrıl,
rewrite,P1,other,yes,needs-rewrite|title-case,Locale Content,public/locales/{code}/translation.json,Locale Content,Locale content,Locale content,Contenu de locale,Contenu de paramètres régionaux,Locale-Inhalt,Locale-Inhalte,Contenido de locale,Contenido de configuración regional,ロケールコンテンツ,ロケールコンテンツ,語系內容,語系內容,语言包内容,语言包内容,Conteúdo de locale,Conteúdo de locale,Locale-inhoud,Locale-inhoud,Locale-innehåll,Locale-innehåll,Contenuto locale,Contenuto locale,Контент локалі,Контент локалі,Контент локали,Контент локали,로케일 콘텐츠,로케일 콘텐츠,Yerel içerik,Yerel içerik,
rewrite,P1,other,yes,needs-rewrite|title-case,Manual Editor,public/locales/{code}/translation.json,Manual Editor,Manual editor,Manual editor,Éditeur manuel,Éditeur manuel,Manueller Editor,Manueller Editor,Editor manual,Editor manual,手動エディター,手動エディター,手冊編輯器,手冊編輯器,手动编辑器,手动编辑器,Editor manual,Editor manual,Handmatige editor,Handmatige editor,Manuell redigerare,Manuell redigerare,Editor manuale,Editor manuale,Ручний редактор,Ручний редактор,Редактор вручную,Редактор вручную,수동 편집기,수동 편집기,Manuel düzenleyici,Manuel düzenleyici,
rewrite,P1,other,yes,title-case,Manual Rate,public/locales/{code}/translation.json,Manual Rate,Manual rate,Manual rate,Taux manuel,Taux manuel,Manueller Kurs,Manueller Satz,Tipo manual,Tarifa manual,手動レート,手動レート,手動速率,手動速率,手动汇率,手动汇率,Taxa manual,Taxa manual,Handmatige koers,Handmatige koers,Manuell kurs,Manuell kurs,Tasso manuale,Tasso manuale,Ручний курс,Ручний курс,Ручная ставка,Ручная ставка,수동 속도,수동 속도,Manuel kur,Manuel kur,
rewrite,P1,other,yes,needs-rewrite|title-case,Monthly Payment,public/locales/{code}/translation.json,Monthly Payment,Monthly payment,Monthly payment,Paiement mensuel,Paiement mensuel,Monatliche Zahlung,Monatliche Zahlung,Pago mensual,Pago mensual,月額支払い,月払い,每月付款,每月付款,月度支付,月度支付,Pagamento mensal,Pagamento mensal,Maandelijkse betaling,Maandelijkse betaling,Månadsbetalning,Månadsbetalning,Pagamento mensile,Pagamento mensile,Щомісячна оплата,Щомісячна оплата,Ежемесячная оплата,Ежемесячная оплата,월별 지불,월별 지불,Aylık ödeme,Aylık ödeme,
rewrite,P1,other,yes,title-case,North America,public/locales/{code}/translation.json,North America,North america,North america,Amérique du Nord,Amérique du Nord,Nordamerika,Nordamerika,América del Norte,Norteamérica,北アメリカ,北米,北美洲,北美洲,北美洲,北美洲,América do Norte,América do Norte,Noord-Amerika,Noord-Amerika,Nordamerika,Nordamerika,Nord America,Nord America,Північна Америка,Північна Америка,Северной Америки,Северной Америки,북아메리카,북아메리카,Kuzey Amerika,Kuzey Amerika,
rewrite,P1,other,yes,title-case,Online Store,public/locales/{code}/translation.json,Online Store,Online store,Online store,Boutique en ligne,Boutique en ligne,Online-Shop,Onlineshop,Tienda online,Tienda online,オンラインストア,オンラインストア,網上商店,網上商店,在线商店,在线商店,Loja online,Loja online,Onlinewinkelthema,Onlinewinkelthema,Webbutik,Webbutik,Negozio online,Negozio online,Інтернет-магазин,Інтернет-магазин,Онлайн-магазин,Онлайн-магазин,온라인 스토어,온라인 스토어,Çevrimiçi mağaza,Çevrimiçi mağaza,
rewrite,P1,other,yes,title-case,Online Store Theme,public/locales/{code}/translation.json,Online Store Theme,Online store theme,Online store theme,Thème de boutique en ligne,Thème de la boutique en ligne,Onlineshop-Theme,Onlineshop-Theme,Tema de tienda online,Tema de la tienda online,オンラインストアのテーマ,オンラインストアのテーマ,線上商店主題,線上商店主題,在线商店主题,在线商店主题,Tema da loja online,Tema da loja online,Online winkelthema,Online winkelthema,Tema för onlinebutik,Tema för onlinebutik,Tema del negozio online,Tema del negozio online,Тема інтернет-магазину,Тема інтернет-магазину,Тема интернет-магазина,Тема интернет-магазина,온라인 스토어 테마,온라인 스토어 테마,Çevrimiçi mağaza teması,Çevrimiçi mağaza teması,
rewrite,P1,other,yes,needs-rewrite,Option Border Color:,public/locales/{code}/translation.json,Option Border:,Option border color,Option border color,Bordure des options :,Couleur de bordure des options,Options-Rahmen:,Rahmenfarbe der Optionen,Borde de opción:,Color del borde de las opciones,オプション枠線：,オプションの枠線色,選項邊框：,選項邊框顏色,选项边框颜色：,选项边框颜色,Borda da opção:,Cor do contorno das opções,Rand opties:,Randkleur van opties,Alternativkant:,Kantfärg för alternativ,Bordo opzione:,Colore bordo opzioni,Межа опції:,Колір межі параметрів,Вариант границы,Цвет границы параметров,옵션 테두리:,옵션 테두리 색상,Seçenek kenarlığı:,Seçenek kenarlık rengi,
rewrite,P1,other,yes,title-case,Partly Translated,public/locales/{code}/translation.json,Partly Translated,Partly translated,Partly translated,Partiellement traduit,Partiellement traduit,Teilweise übersetzt,Teilweise übersetzt,Parcialmente traducido,Parcialmente traducido,一部翻訳済み,一部翻訳済み,部分翻譯,部分翻譯,部分翻译,部分翻译,Parcialmente traduzido,Parcialmente traduzido,Gedeeltelijk vertaald,Gedeeltelijk vertaald,Delvis översatt,Delvis översatt,Parzialmente tradotto,Parzialmente tradotto,Частково перекладено,Частково перекладено,Перевод осуществлялся частично,Перевод осуществлялся частично,부분적으로 번역됨,부분적으로 번역됨,Kısmen çevrildi,Kısmen çevrildi,
rewrite,P1,other,yes,needs-rewrite,pro_features8,public/locales/{code}/translation.json,Excess usage: 100 credit per IP,Excess usage: 100 credits per IP,Excess usage: 100 credits per IP,Utilisation excédentaire : 100 crédits par IP,Utilisation excédentaire : 100 crédits par IP,Überschreitung: 100 Credits pro IP,Mehrverbrauch: 100 Credits pro IP,Uso excedente: 100 créditos por IP,Uso excedente: 100 créditos por IP,超過利用：IP あたり 100 クレジット,超過利用：IPごとに100クレジット,超額使用：每個 IP 100 個信用點,超額使用：每個 IP 100 個信用點,超出限制：100 积分/IP,超出限制：100 积分/IP,Utilização em excesso: 100 créditos por IP,Utilização em excesso: 100 créditos por IP,Overgebruik: 100 credits per IP,Overgebruik: 100 credits per IP,Överförbrukning: 100 krediter per IP,Överförbrukning: 100 krediter per IP,Utilizzo in eccesso: 100 crediti per IP,Utilizzo in eccesso: 100 crediti per IP,Надмірне використання: 100 кредитів за IP,Надмірне використання: 100 кредитів за IP,Избыточное использование: 100 кредитов на IP,Избыточное использование: 100 кредитов на IP,초과 사용: IP당 100 크레딧,초과 사용: IP당 100 크레딧,Aşım kullanımı: IP başına 100 kredi,Aşım kullanımı: IP başına 100 kredi,
rewrite,P1,other,yes,needs-rewrite|title-case,Product Options,public/locales/{code}/translation.json,Product Options,Product options,Product options,Options de produit,Options de produit,Produktoptionen,Produktoptionen,Opciones de producto,Opciones de producto,商品オプション,商品オプション,產品選項,產品選項,产品选项,产品选项,Opções do produto,Opções do produto,Productopties,Productopties,Produktalternativ,Produktalternativ,Opzioni prodotto,Opzioni prodotto,Опції товару,Опції товару,Настройки товара,Настройки товара,제품 옵션,제품 옵션,Ürün seçenekleri,Ürün seçenekleri,
rewrite,P1,other,yes,needs-rewrite|awkward-phrasing,ProductType,public/locales/{code}/translation.json,ProductType,Product type,Product type,Type de produit,Type de produit,Produkttyp,Produkttyp,Tipo de producto,Tipo de producto,商品タイプ,商品タイプ,產品類型,產品類型,产品类型,产品类型,ProductType,Tipo de produto,Producttype,Producttype,Produkttyp,Produkttyp,ProductType,Tipo di prodotto,Тип товару,Тип товару,Тип продукта,Тип продукта,제품 유형,제품 유형,Ürün türü,Ürün türü,
rewrite,P1,other,yes,needs-rewrite|awkward-phrasing,Save successfully,public/locales/{code}/translation.json,Save successfully,Saved,Saved,Enregistré avec succès,Enregistré,Erfolgreich gespeichert,Gespeichert,Guardado correctamente,Guardado,保存に成功しました,保存済み,保存成功,已儲存,保存成功,已保存,Salvo com sucesso,Guardado,Succesvol opgeslagen,Opgeslagen,Sparat framgångsrikt,Sparad,Salvato con successo,Salvato,Успішно збережено,Збережено,Успешно сохранено,Сохранено,성공적으로 저장되었습니다,저장됨,Başarıyla kaydedildi,Kaydedildi,
rewrite,P1,other,yes,needs-rewrite,Saved successfully,public/locales/{code}/translation.json,Saved successfully,Saved,Saved,Enregistrement réussi,Enregistré,Erfolgreich gespeichert,Gespeichert,Guardado correctamente,Guardado,保存に成功しました,保存済み,保存成功,已儲存,保存成功,已保存,Guardado com sucesso,Guardado,Succesvol opgeslagen,Opgeslagen,Sparades,Sparad,Salvataggio riuscito,Salvato,Успішно збережено,Збережено,Сохранено,Сохранено,성공적으로 저장되었습니다,저장됨,Başarıyla kaydedildi,Kaydedildi,
rewrite,P1,other,yes,needs-rewrite|title-case,Section Group,public/locales/{code}/translation.json,Section Group,Section group,Section group,Groupe de sections,Groupe de sections,Abschnittsgruppe,Abschnittsgruppe,Grupo de secciones,Grupo de secciones,セクショングループ,セクショングループ,區段群組,區段群組,分区组,分区组,Grupo de secções,Grupo de secções,Sectiegroep,Sectiegroep,Sektionsgrupp,Sektionsgrupp,Gruppo di sezioni,Gruppo di sezioni,Група секцій,Група секцій,Группа секций,Группа секций,섹션 그룹,섹션 그룹,Bölüm grubu,Bölüm grubu,
rewrite,P1,other,yes,title-case,Select Currencies,public/locales/{code}/translation.json,Select Currencies,Select currencies,Select currencies,Sélectionner des devises,Sélectionner les devises,Währungen auswählen,Währungen auswählen,Seleccionar monedas,Seleccionar monedas,通貨を選択,通貨を選択,選擇貨幣,選擇貨幣,选择货币,选择货币,Selecionar moedas,Selecionar moedas,Valuta selecteren,Valuta selecteren,Välj valutor,Välj valutor,Seleziona valute,Seleziona valute,Вибрати валюти,Вибрати валюти,Выберите валюты,Выберите валюты,통화 선택,통화 선택,Para birimlerini seç,Para birimlerini seç,
rewrite,P1,other,yes,title-case,Select Languages,public/locales/{code}/translation.json,Select Languages,Select languages,Select languages,Sélectionner des langues,Sélectionner les langues,Sprachen auswählen,Sprachen auswählen,Seleccionar idiomas,Seleccionar idiomas,言語を選択,言語を選択,選擇語言,選擇語言,选择语言,选择语言,Selecionar idiomas,Selecionar idiomas,Talen selecteren,Talen selecteren,Välj språk,Välj språk,Seleziona lingue,Seleziona lingue,Вибрати мови,Вибрати мови,Выбор языка,Выбор языка,언어 선택,언어 선택,Dilleri seç,Dilleri seç,
rewrite,P1,other,yes,title-case,Settings Category,public/locales/{code}/translation.json,Settings Category,Settings category,Settings category,Catégorie de paramètres,Catégorie de paramètres,Einstellungskategorie,Einstellungskategorie,Categoría de ajustes,Categoría de configuración,設定カテゴリ,設定カテゴリ,設定類別,設定類別,设置类别,设置类别,Categoria de definições,Categoria de definições,Instellingencategorie,Instellingencategorie,Inställningskategori,Inställningskategori,Categoria di impostazioni,Categoria di impostazioni,Категорія налаштувань,Категорія налаштувань,Категория настроек,Категория настроек,설정 카테고리,설정 카테고리,Ayar kategorisi,Ayar kategorisi,
rewrite,P1,other,yes,needs-rewrite|title-case,Settings Data Sections,public/locales/{code}/translation.json,Settings Data Sections,Settings data sections,Settings data sections,Sections de données de paramètres,Sections de données des paramètres,Einstellungsdatenabschnitte,Datenabschnitte der Einstellungen,Secciones de datos de ajustes,Secciones de datos de configuración,設定データセクション,設定データセクション,設定資料區段,設定資料區段,设置数据分区,设置数据分区,Secções de dados de definições,Secções de dados de definições,Instellingengegevenssecties,Instellingengegevenssecties,Inställningsdatasektioner,Inställningsdatasektioner,Sezioni dati impostazioni,Sezioni dati impostazioni,Секції даних налаштувань,Секції даних налаштувань,Секции данных настроек,Секции данных настроек,설정 데이터 섹션,설정 데이터 섹션,Ayar veri bölümleri,Ayar veri bölümleri,
rewrite,P1,other,yes,needs-rewrite|title-case,Sidebar Widget,public/locales/{code}/translation.json,Sidebar Widget,Sidebar widget,Sidebar widget,Widget de barre latérale,Widget de barre latérale,Seitenleisten-Widget,Seitenleisten-Widget,Widget de barra lateral,Widget de barra lateral,サイドバーウィジェット,サイドバーウィジェット,側邊欄小工具,側邊欄小工具,侧边栏小部件,侧边栏小部件,Widget da barra lateral,Widget da barra lateral,Zijbalkwidget,Zijbalkwidget,Sidopanelswidget,Sidopanelswidget,Widget barra laterale,Widget barra laterale,Віджет бічної панелі,Віджет бічної панелі,Виджет сайдбара,Виджет сайдбара,사이드바 위젯,사이드바 위젯,Kenar çubuğu widget'ı,Kenar çubuğu widget'ı,
rewrite,P1,other,yes,needs-rewrite|awkward-phrasing,Some items saved failed,public/locales/{code}/translation.json,Some items saved failed,Some items couldn't be saved,Some items couldn't be saved,Certains éléments n'ont pas pu être enregistrés,Certains éléments n’ont pas pu être enregistrés,Einige Elemente konnten nicht gespeichert werden,Einige Elemente konnten nicht gespeichert werden,No se pudieron guardar algunos elementos,No se pudieron guardar algunos elementos,一部の項目の保存に失敗しました,一部の項目を保存できませんでした,部分專案保存失敗,部分專案保存失敗,一些项目保存失败,一些项目保存失败,Alguns itens não foram guardados,Alguns itens não foram guardados,Sommige items konden niet worden opgeslagen,Sommige items konden niet worden opgeslagen,Vissa objekt kunde inte sparas,Vissa objekt kunde inte sparas,Alcuni elementi non sono stati salvati,Alcuni elementi non sono stati salvati,Деякі елементи не вдалося зберегти,Деякі елементи не вдалося зберегти,Не удалось сохранить некоторые элементы,Не удалось сохранить некоторые элементы,일부 항목 저장에 실패했습니다.,일부 항목 저장에 실패했습니다.,Bazı öğeler kaydedilemedi,Bazı öğeler kaydedilemedi,
rewrite,P1,other,yes,title-case,South America,public/locales/{code}/translation.json,South America,South america,South america,Amérique du Sud,Amérique du Sud,Südamerika,Südamerika,América del Sur,Sudamérica,南アメリカ,南米,南美洲,南美洲,南美洲,南美洲,América do Sul,América do Sul,Zuid-Amerika,Zuid-Amerika,Sydamerika,Sydamerika,Sud America,Sud America,Південна Америка,Південна Америка,Южная Америка,Южная Америка,남아메리카,남아메리카,Güney Amerika,Güney Amerika,
rewrite,P1,other,yes,needs-rewrite|title-case,Top Right,public/locales/{code}/translation.json,Top Right,Top right,Top right,En haut à droite,En haut à droite,Oben rechts,Oben rechts,Arriba a la derecha,Arriba a la derecha,右上,右上,右上角,右上角,顶部右侧,顶部右侧,Canto superior direito,Canto superior direito,Rechtsboven,Rechtsboven,Övre höger,Övre höger,In alto a destra,In alto a destra,Зверху справа,Зверху справа,Правый багет,Правый багет,오른쪽 상단,오른쪽 상단,Sağ üst,Sağ üst,
rewrite,P1,other,yes,title-case,Upload Failed,public/locales/{code}/translation.json,Upload Failed,Upload failed,Upload failed,Échec du téléversement,Échec de l’importation,Upload fehlgeschlagen,Upload fehlgeschlagen,Error en la carga,Error al subir,アップロード失敗,アップロードに失敗しました,上傳失敗,上傳失敗,上传失败,上传失败,Falha no carregamento,Falha no carregamento,Upload mislukt,Upload mislukt,Uppladdning misslyckades,Uppladdning misslyckades,Caricamento non riuscito,Caricamento non riuscito,Не вдалося завантажити,Не вдалося завантажити,Загрузка не удалась,Загрузка не удалась,업로드 실패,업로드 실패,Yükleme başarısız,Yükleme başarısız,
rewrite,P1,other,yes,title-case,Upload Success,public/locales/{code}/translation.json,Upload Success,Upload success,Upload success,Téléversement réussi,Importation réussie,Upload erfolgreich,Upload erfolgreich,Carga exitosa,Subida correcta,アップロード成功,アップロード成功,上傳成功,上傳成功,上传成功,上传成功,Carregamento bem-sucedido,Carregamento bem-sucedido,Upload geslaagd,Upload geslaagd,Uppladdning lyckades,Uppladdning lyckades,Caricamento riuscito,Caricamento riuscito,Успішно завантажено,Успішно завантажено,Успешно загружено,Успешно загружено,업로드 성공,업로드 성공,Yükleme başarılı,Yükleme başarılı,
rewrite,P1,pricing,yes,needs-rewrite|title-case|awkward-phrasing,pricing.current_plan,public/locales/{code}/translation.json,In Use,Current plan,Current plan,Utilisé,Forfait actuel,In Verwendung,Aktueller Tarif,En uso,Plan actual,使用中,現在のプラン,使用中,目前方案,当前方案,当前方案,Em uso,Plano atual,In gebruik,Huidig abonnement,I bruk,Nuvarande abonnemang,In uso,Piano attuale,Використовується,Поточний план,В использовании,Текущий план,사용 중,현재 플랜,Kullanımda,Mevcut plan,
rewrite,P1,pricing,yes,title-case,pricing.plan.premium,public/locales/{code}/translation.json,Premium Plan,Premium plan,Premium plan,Forfait Premium,Forfait Premium,Premium-Plan,Premium-Tarif,Plan Premium,Plan Premium,プレミアムプラン,Premiumプラン,高級計劃,高級計劃,高级计划,高级计划,Plano Premium,Plano Premium,Premium-abonnement,Premium-abonnement,Premiumplan,Premiumplan,Piano Premium,Piano Premium,Преміум-план,Преміум-план,Премиум-план,Премиум-план,프리미엄 플랜,프리미엄 플랜,Premium Paket,Premium Paket,
rewrite,P1,switcher,yes,needs-rewrite,Font Color:,public/locales/{code}/translation.json,Text Color:,Text color,Text color,Couleur du texte :,Couleur du texte,Textfarbe:,Textfarbe,Color del texto:,Color del texto,テキストの色：,テキストの色,文字顏色：,文字顏色：,字体颜色：,字体颜色：,Cor do texto:,Cor do texto:,Tekstkleur:,Tekstkleur:,Textfärg:,Textfärg:,Colore del testo:,Colore del testo:,Колір тексту:,Колір тексту:,Цвет текста:,Цвет текста:,텍스트 색상:,텍스트 색상:,Metin rengi:,Metin rengi:,
rewrite,P1,switcher,yes,needs-rewrite|title-case,Top Left,public/locales/{code}/translation.json,Top Left,Top left,Top left,En haut à gauche,En haut à gauche,Oben links,Oben links,Arriba a la izquierda,Arriba a la izquierda,左上,左上,左上角,左上角,顶部左侧,顶部左侧,Canto superior esquerdo,Canto superior esquerdo,Linksboven,Linksboven,Övre vänster,Övre vänster,In alto a sinistra,In alto a sinistra,Зверху зліва,Зверху зліва,Левый багет,Левый багет,왼쪽 상단,왼쪽 상단,Sol üst,Sol üst,
rewrite,P1,v4,yes,needs-rewrite|click-tap,v4.billing.taskResumeAfterPurchaseFailed,public/locales/{code}/translation.json,"Credits were added, but the task could not resume automatically. Tap Resume on the task card.","Credits were added, but the task could not resume automatically. Select Resume on the task card.","Credits were added, but the task could not resume automatically. Select Resume on the task card.","Les crédits ont été ajoutés, mais la tâche n’a pas pu reprendre automatiquement. Appuyez sur Reprendre sur la carte de la tâche.","Les crédits ont été ajoutés, mais la tâche n’a pas pu reprendre automatiquement. Sélectionnez Reprendre sur la carte de la tâche.","Guthaben wurde hinzugefügt, aber die Aufgabe konnte nicht automatisch fortgesetzt werden. Tippe auf der Aufgabenkarte auf Fortsetzen.","Credits wurden hinzugefügt, aber die Aufgabe konnte nicht automatisch fortgesetzt werden. Wählen Sie auf der Aufgabenkarte „Fortsetzen“.","Se añadieron los créditos, pero la tarea no pudo reanudarse automáticamente. Pulsa Reanudar en la tarjeta de la tarea.","Se añadieron créditos, pero la tarea no pudo reanudarse automáticamente. Selecciona Reanudar en la tarjeta de la tarea.",クレジットは追加されましたが、タスクを自動再開できませんでした。タスクカードの「再開」をタップしてください。,クレジットは追加されましたが、タスクを自動的に再開できませんでした。タスクカードで「再開」を選択してください。,點數已入帳，但任務未能自動繼續，請在任務卡片上點「繼續」。,點數已新增，但任務無法自動繼續。請在任務卡片上選擇「繼續」。,积分已到账，但任务未能自动继续，请在任务卡片上点击「继续」。,积分已添加，但任务无法自动继续。请在任务卡片上选择“继续”。,"Os créditos foram adicionados, mas a tarefa não pôde ser retomada automaticamente. Toque em Retomar no cartão da tarefa.","Os créditos foram adicionados, mas a tarefa não pôde ser retomada automaticamente. Selecione Retomar no cartão da tarefa.","Tegoeden zijn toegevoegd, maar de taak kon niet automatisch worden hervat. Tik op Hervatten op de taakkaart.","De credits zijn toegevoegd, maar de taak kon niet automatisch worden hervat. Selecteer Hervatten op de taakkaart.","Krediter lades till, men uppgiften kunde inte återupptas automatiskt. Tryck på Återuppta på uppgiftskortet.","Krediterna har lagts till, men uppgiften kunde inte återupptas automatiskt. Välj Återuppta på uppgiftskortet.","I crediti sono stati aggiunti, ma l’attività non ha potuto riprendere automaticamente. Tocca Riprendi sulla scheda dell’attività.","I crediti sono stati aggiunti, ma l’attività non è stata ripresa automaticamente. Seleziona Riprendi nella scheda dell’attività.","Кредити додано, але завдання не вдалося відновити автоматично. Натисніть «Продовжити» на картці завдання.","Кредити додано, але завдання не вдалося відновити автоматично. Виберіть «Продовжити» на картці завдання.","Кредиты добавлены, но задачу не удалось возобновить автоматически. Нажмите «Продолжить» на карточке задачи.","Кредиты добавлены, но задачу не удалось возобновить автоматически. Выберите «Продолжить» на карточке задачи.",크레딧은 추가되었지만 작업을 자동으로 재개하지 못했습니다. 작업 카드에서 재개를 탭하세요.,크레딧이 추가되었지만 작업을 자동으로 재개하지 못했습니다. 작업 카드에서 재개를 선택하세요.,Krediler eklendi ancak görev otomatik olarak devam ettirilemedi. Görev kartında Devam et’e dokunun.,Krediler eklendi ancak görev otomatik olarak devam ettirilemedi. Görev kartında Devam et’i seçin.,
rewrite,P2,currency,no,title-case,Step 1: Set up Currency Format,public/locales/{code}/translation.json,Step 1: Set up Currency Format,Step 1: set up currency format,Step 1: set up currency format,Étape 1 : Configurer le format de devise,Étape 1 : configurer le format de devise,Schritt 1: Währungsformat einrichten,Schritt 1: Währungsformat einrichten,Paso 1: Configurar el formato de moneda,Paso 1: configurar el formato de moneda,ステップ 1：通貨フォーマットを設定,ステップ1：通貨形式を設定,步驟 1：設定貨幣格式,步驟 1：設定貨幣格式,步骤 1：设置货币格式,步骤 1：设置货币格式,Passo 1: Configurar formato da moeda,Passo 1: Configurar formato da moeda,Stap 1: Valutaopmaak instellen,Stap 1: Valutaopmaak instellen,Steg 1: Konfigurera valutaformat,Steg 1: Konfigurera valutaformat,Passaggio 1: Configura il formato valuta,Passaggio 1: Configura il formato valuta,Крок 1: Налаштуйте формат валюти,Крок 1: Налаштуйте формат валюти,Шаг 1. Настройка формата валюты,Шаг 1. Настройка формата валюты,1단계: 통화 형식 설정,1단계: 통화 형식 설정,Adım 1: Para birimi biçimini ayarlayın,Adım 1: Para birimi biçimini ayarlayın,Not referenced by t() in app/; skip unless you still see it in UI
rewrite,P2,currency,no,title-case,transCurrencyCard1.button,public/locales/{code}/translation.json,Manage Currency,Manage currency,Manage currency,Gérer les devises,Gérer les devises,Währung verwalten,Währungen verwalten,Gestionar moneda,Gestionar monedas,通貨を管理,通貨を管理,管理貨幣,管理貨幣,管理货币,管理货币,Gerir moeda,Gerir moeda,Valuta beheren,Valuta beheren,Hantera valuta,Hantera valuta,Gestisci valuta,Gestisci valuta,Керувати валютою,Керувати валютою,Управлять валютой,Управлять валютой,통화 관리,통화 관리,Para birimini yönet,Para birimini yönet,Not referenced by t() in app/; skip unless you still see it in UI
rewrite,P2,home,no,needs-rewrite|click-tap,v4Mvp.custom.nextStep,public/locales/{code}/translation.json,Click Translate to open the next page and continue with the full translation configuration.,Select Start translation to continue with the full translation setup.,Select Start translation to continue with the full translation setup.,Cliquez sur Traduire pour ouvrir la page suivante et continuer avec la configuration complète de la traduction.,Sélectionnez Démarrer la traduction pour poursuivre la configuration complète de la traduction.,"Klicke auf „Übersetzen“, um die nächste Seite zu öffnen und mit der vollständigen Übersetzungskonfiguration fortzufahren.","Wählen Sie „Übersetzung starten“, um mit der vollständigen Übersetzungseinrichtung fortzufahren.",Haz clic en Traducir para abrir la siguiente página y continuar con la configuración completa de la traducción.,Selecciona Iniciar traducción para continuar con la configuración completa de la traducción.,「翻訳」をクリックして次のページを開き、完全な翻訳設定を続行します。,完全な翻訳設定を続けるには「翻訳を開始」を選択してください。,按一下「翻譯」以開啟下一頁，並繼續完成完整的翻譯設定。,選擇「開始翻譯」以繼續完整的翻譯設定。,点击翻译后进入下一页，在完整配置页里继续设置翻译内容和选项。,选择“开始翻译”以继续完整的翻译设置。,Clique em Traduzir para abrir a página seguinte e continuar com a configuração completa da tradução.,Selecione Iniciar tradução para continuar com a configuração completa da tradução.,Klik op Vertalen om de volgende pagina te openen en door te gaan met de volledige vertaalconfiguratie.,Selecteer Vertaling starten om door te gaan met de volledige vertaalinstelling.,Klicka på Översätt för att öppna nästa sida och fortsätta med den fullständiga översättningskonfigurationen.,Välj Starta översättning för att fortsätta med den fullständiga översättningskonfigurationen.,Fai clic su Traduci per aprire la pagina successiva e continuare con la configurazione completa della traduzione.,Seleziona Avvia traduzione per continuare con la configurazione completa della traduzione.,"Натисніть «Перекласти», щоб відкрити наступну сторінку та продовжити з повною конфігурацією перекладу.","Виберіть «Почати переклад», щоб продовжити повне налаштування перекладу.","Нажмите «Перевести», чтобы открыть следующую страницу и продолжить полную настройку перевода.","Выберите «Начать перевод», чтобы продолжить полную настройку перевода.",번역을 클릭하면 다음 페이지가 열리고 전체 번역 구성으로 계속할 수 있습니다.,전체 번역 설정을 계속하려면 번역 시작을 선택하세요.,Sonraki sayfayı açmak ve tam çeviri yapılandırmasına devam etmek için Çevir'e tıklayın.,Tam çeviri kurulumuna devam etmek için Çeviriyi başlat’ı seçin.,Not referenced by t() in app/; skip unless you still see it in UI
rewrite,P2,home,no,needs-rewrite|grammar-or-jargon,v4Mvp.previewBadge,public/locales/{code}/translation.json,MVP preview,Preview,Preview,Aperçu MVP,Aperçu,MVP-Vorschau,Vorschau,Vista previa de MVP,Vista previa,MVPプレビュー,プレビュー,MVP 預覽,預覽,MVP 预览,预览,Pré-visualização MVP,Pré-visualização,MVP-voorvertoning,Voorbeeld,MVP-förhandsvisning,Förhandsvisning,Anteprima MVP,Anteprima,Попередній перегляд MVP,Попередній перегляд,Предварительная версия MVP,Предпросмотр,MVP 미리보기,미리보기,MVP önizleme,Önizleme,Not referenced by t() in app/; skip unless you still see it in UI
rewrite,P2,home,no,needs-rewrite,v4Mvp.subtitle,public/locales/{code}/translation.json,"A Polaris-based preview page for the translation workbench. It surfaces pending work, recommended tasks, manual rescan, and a secondary custom-task flow.","Review pending work, suggested tasks, and custom translation from this page.","Review pending work, suggested tasks, and custom translation from this page.","Une page d'aperçu basée sur Polaris pour l'atelier de traduction. Elle présente le travail en attente, les tâches recommandées, une nouvelle analyse manuelle et un flux de tâches personnalisé secondaire.","Consultez sur cette page le travail en attente, les tâches suggérées et la traduction personnalisée.","Eine Vorschauseite auf Polaris-Basis für die Übersetzungs-Workbench. Sie zeigt ausstehende Arbeiten, empfohlene Aufgaben, manuellen Rescan und einen sekundären Workflow für benutzerdefinierte Aufgaben.","Überprüfen Sie auf dieser Seite ausstehende Arbeiten, vorgeschlagene Aufgaben und benutzerdefinierte Übersetzungen.","Una página de vista previa basada en Polaris para la plataforma de traducción. Muestra el trabajo pendiente, las tareas recomendadas, el reescaneo manual y un flujo secundario de tareas personalizadas.","Revisa en esta página el trabajo pendiente, las tareas sugeridas y la traducción personalizada.",翻訳ワークベンチのPolarisベースのプレビューページです。保留中の作業、推奨タスク、手動再スキャン、およびセカンダリのカスタムタスクフローを表示します。,このページで保留中の作業、提案されたタスク、カスタム翻訳を確認します。,翻譯工作台的 Polaris 預覽頁面。它會顯示待處理工作、建議任務、手動重新掃描，以及次要的自訂任務流程。,在此頁面查看待處理工作、建議任務和自訂翻譯。,这是一个基于 Polaris 的翻译工作台预览页，先把待处理内容、推荐任务、手动扫描和自定义任务收进一套更聚焦的结构里。,在此页面查看待处理工作、建议任务和自定义翻译。,"Uma página de pré-visualização baseada em Polaris para o workbench de tradução. Apresenta o trabalho pendente, tarefas recomendadas, nova análise manual e um fluxo secundário de tarefas personalizadas.","Reveja nesta página o trabalho pendente, as tarefas sugeridas e a tradução personalizada.","Een op Polaris gebaseerde voorbeeldpagina voor de vertaalwerkbank. Deze toont openstaand werk, aanbevolen taken, handmatig opnieuw scannen en een secundaire flow voor aangepaste taken.","Bekijk op deze pagina openstaand werk, voorgestelde taken en aangepaste vertaling.","En Polaris-baserad förhandsvisningssida för översättningsarbetsbänken. Den visar pågående arbete, rekommenderade uppgifter, manuell omskanning och ett sekundärt flöde för anpassade uppgifter.","Granska väntande arbete, föreslagna uppgifter och anpassad översättning på den här sidan.","Una pagina di anteprima basata su Polaris per il workbench di traduzione. Mostra il lavoro in sospeso, le attività consigliate, la riscansione manuale e un flusso secondario di attività personalizzate.","Esamina in questa pagina il lavoro in sospeso, le attività suggerite e la traduzione personalizzata.","Попередня сторінка на основі Polaris для робочого місця перекладу. Вона показує незавершену роботу, рекомендовані завдання, ручне повторне сканування та додатковий потік спеціальних завдань.","Переглядайте на цій сторінці незавершену роботу, запропоновані завдання та власний переклад.","Предварительная страница для рабочего пространства перевода на основе Polaris. Она показывает незавершённую работу, рекомендуемые задачи, ручное повторное сканирование и дополнительный процесс пользовательских задач.","Просматривайте на этой странице незавершённую работу, предложенные задачи и пользовательский перевод.","번역 작업대를 위한 Polaris 기반 미리보기 페이지입니다. 보류 중인 작업, 추천 작업, 수동 다시 검색, 보조 사용자 지정 작업 흐름을 표시합니다.","이 페이지에서 보류 중인 작업, 추천 작업 및 사용자 지정 번역을 확인하세요.","Çeviri çalışma tezgahı için Polaris tabanlı bir önizleme sayfası. Bekleyen işleri, önerilen görevleri, manuel yeniden taramayı ve ikincil özel görev akışını gösterir.","Bu sayfada bekleyen işleri, önerilen görevleri ve özel çeviriyi inceleyin.",Not referenced by t() in app/; skip unless you still see it in UI
rewrite,P2,home,no,needs-rewrite|title-case|grammar-or-jargon,v4Mvp.title,public/locales/{code}/translation.json,Translation Workbench MVP,Translation workbench,Translation workbench,MVP de l'atelier de traduction,Espace de travail de traduction,Übersetzungs-Workbench MVP,Übersetzungsarbeitsbereich,MVP de la plataforma de traducción,Espacio de trabajo de traducción,翻訳ワークベンチ MVP,翻訳ワークベンチ,翻譯工作台 MVP,翻譯工作台,翻译工作台 MVP,翻译工作台,MVP do Workbench de Tradução,Área de trabalho de tradução,Vertaalwerkbank MVP,Vertaalwerkbank,MVP för översättningsarbetsbänken,Översättningsarbetsyta,MVP del Workbench di traduzione,Area di lavoro di traduzione,Робоче місце перекладу MVP,Робочий простір перекладу,Рабочее пространство перевода (MVP),Рабочее пространство перевода,번역 작업대 MVP,번역 작업대,Çeviri Çalışma Tezgahı MVP,Çeviri çalışma alanı,Not referenced by t() in app/; skip unless you still see it in UI
rewrite,P2,language,no,needs-rewrite|title-case,Language & Currency Switcher,public/locales/{code}/translation.json,Language & Currency Switcher,Language and currency switcher,Language and currency switcher,Sélecteur de langue et de devise,Sélecteur de langue et de devise,Sprach- und Währungsumschalter,Sprach- und Währungsumschalter,Selector de idioma y moneda,Selector de idioma y moneda,言語と通貨の切り替え,言語・通貨スイッチャー,語言和貨幣轉換器,語言和貨幣轉換器,语言和货币转换器,语言和货币转换器,Seletor de idioma e moeda,Seletor de idioma e moeda,Taal- en valutawisselaar,Taal- en valutawisselaar,Språk- och valutaväxling,Språk- och valutaväxling,Selettore di lingua e valuta,Selettore di lingua e valuta,Перемикач мови та валюти,Перемикач мови та валюти,Переключатель языка и валюты,Переключатель языка и валюты,언어 및 통화 전환기,언어 및 통화 전환기,Dil ve Para Birimi Değiştirici,Dil ve Para Birimi Değiştirici,Not referenced by t() in app/; skip unless you still see it in UI
rewrite,P2,language,no,needs-rewrite|title-case,Language Translation Status,public/locales/{code}/translation.json,Language Translation Status,Language translation status,Language translation status,Statut de la traduction linguistique,Statut de traduction des langues,Status der Sprachübersetzung,Übersetzungsstatus der Sprachen,Estado de la traducción del idioma,Estado de traducción de idiomas,言語翻訳ステータス,言語の翻訳ステータス,語言翻譯現狀,語言翻譯現狀,语言翻译现状,语言翻译现状,Status da tradução de idiomas,Status da tradução de idiomas,Taalvertalingstatus,Taalvertalingstatus,Status för språköversättning,Status för språköversättning,Stato della traduzione della lingua,Stato della traduzione della lingua,Стан перекладу мови,Стан перекладу мови,Статус перевода языка,Статус перевода языка,언어 번역 상태,언어 번역 상태,Dil Çeviri Durumu,Dil Çeviri Durumu,Not referenced by t() in app/; skip unless you still see it in UI
rewrite,P2,manage,no,needs-rewrite|title-case,Manage Translation & Edit,public/locales/{code}/translation.json,Manage Translation & Edit,Manage translation and edit,Manage translation and edit,Gérer la traduction et l'édition,Gérer et modifier la traduction,Übersetzung verwalten und bearbeiten,Übersetzung verwalten und bearbeiten,Administrar traducción y edición,Gestionar y editar traducción,翻訳と編集の管理,翻訳を管理・編集,管理翻譯和編輯,管理翻譯和編輯,管理翻译和编辑,管理翻译和编辑,Gerenciar tradução e edição,Gerenciar tradução e edição,Vertaling beheren en bewerken,Vertaling beheren en bewerken,Hantera översättning och redigering,Hantera översättning och redigering,Gestisci traduzione e modifica,Gestisci traduzione e modifica,Керування перекладом та редагуванням,Керування перекладом та редагуванням,Управление переводом и редактированием,Управление переводом и редактированием,번역 관리 및 편집,번역 관리 및 편집,Çeviriyi Yönet ve Düzenle,Çeviriyi Yönet ve Düzenle,Not referenced by t() in app/; skip unless you still see it in UI
rewrite,P2,other,no,needs-rewrite|grammar-or-jargon,{{ locale }} is unPublished,public/locales/{code}/translation.json,{{ locale }} is unPublished,{{ locale }} is unpublished,{{ locale }} is unpublished,{{ locale }} n'est pas publié,{{ locale }} n’est pas publié,{{ locale }} ist nicht veröffentlicht,{{ locale }} ist nicht veröffentlicht,{{ locale }} no está publicado,{{ locale }} no está publicado,{{ locale }} は非公開です,{{ locale }} は未公開です,{{ locale }} 尚未發布,{{ locale }} 尚未發布,{{ locale }} 已取消发布,{{ locale }} 尚未发布,{{ locale }} não está publicado,{{ locale }} não está publicado,{{ locale }} is niet gepubliceerd,{{ locale }} is niet gepubliceerd,{{ locale }} är avpublicerad,{{ locale }} är inte publicerat,{{ locale }} non è pubblicata,{{ locale }} non è pubblicato,{{ locale }} не опубліковано,{{ locale }} не опубліковано,{{ locale }} снят с публикации,{{ locale }} не опубликован,{{ locale }}은(는) 게시되지 않았습니다.,{{ locale }}은(는) 게시되지 않았습니다,{{ locale }} yayından kaldırıldı,{{ locale }} yayımlanmamış,Not referenced by t() in app/; skip unless you still see it in UI
rewrite,P2,other,no,needs-rewrite,"{{currentCredits}} has been used, total credits: {{maxCredits}}.",public/locales/{code}/translation.json,"<strong>{{currentCredits}}</strong> has been used, total credits: <strong>{{maxCredits}}</strong>.",<strong>{{currentCredits}}</strong> used of <strong>{{maxCredits}}</strong> credits.,<strong>{{currentCredits}}</strong> used of <strong>{{maxCredits}}</strong> credits.,"<strong>{{currentCredits}}</strong> utilisés, crédits totaux : <strong>{{maxCredits}}</strong>.",<strong>{{currentCredits}}</strong> utilisés sur <strong>{{maxCredits}}</strong> crédits.,"<strong>{{currentCredits}}</strong> wurde verwendet, Gesamt-Credits: <strong>{{maxCredits}}</strong>.",<strong>{{currentCredits}}</strong> von <strong>{{maxCredits}}</strong> Credits verwendet.,"{{currentCredits}} se han utilizado, créditos totales: {{maxCredits}}.",Se han usado <strong>{{currentCredits}}</strong> de <strong>{{maxCredits}}</strong> créditos.,<strong>{{currentCredits}}</strong> を使用済み、合計クレジット：<strong>{{maxCredits}}</strong>。,<strong>{{maxCredits}}</strong>クレジット中、<strong>{{currentCredits}}</strong>を使用済みです。,已使用<strong>{{currentCredits}} 個</strong>積分，總積分： <strong>{{maxCredits}} 個</strong>。,已使用 <strong>{{currentCredits}}</strong> / <strong>{{maxCredits}}</strong> 點數。,"<strong>{{currentCredits}}</strong> 已使用, 总积分: <strong>{{maxCredits}}</strong>.",已使用 <strong>{{currentCredits}}</strong> / <strong>{{maxCredits}}</strong> 积分。,"<strong>{{currentCredits}}</strong> utilizados, créditos totais: <strong>{{maxCredits}}</strong>.",<strong>{{currentCredits}}</strong> de <strong>{{maxCredits}}</strong> créditos utilizados.,"<strong>{{currentCredits}}</strong> gebruikt, totaal credits: <strong>{{maxCredits}}</strong>.",<strong>{{currentCredits}}</strong> van <strong>{{maxCredits}}</strong> credits gebruikt.,"<strong>{{currentCredits}}</strong> har använts, totalt antal krediter: <strong>{{maxCredits}}</strong>.",<strong>{{currentCredits}}</strong> av <strong>{{maxCredits}}</strong> krediter använda.,"<strong>{{currentCredits}}</strong> utilizzati, crediti totali: <strong>{{maxCredits}}</strong>.",<strong>{{currentCredits}}</strong> crediti utilizzati su <strong>{{maxCredits}}</strong>.,"<strong>{{currentCredits}}</strong> використано, всього кредитів: <strong>{{maxCredits}}</strong>.",Використано <strong>{{currentCredits}}</strong> із <strong>{{maxCredits}}</strong> кредитів.,"Использовано <strong>{{currentCredits}}</strong>, всего кредитов: <strong>{{maxCredits}}</strong>.",Использовано <strong>{{currentCredits}}</strong> из <strong>{{maxCredits}}</strong> кредитов.,"<strong>{{currentCredits}}개가</strong> 사용되었으며, 총 크레딧은 <strong>{{maxCredits}}개입니다</strong> .",<strong>{{maxCredits}}</strong> 크레딧 중 <strong>{{currentCredits}}</strong> 사용됨.,"<strong>{{currentCredits}}</strong> kullanıldı, toplam kredi: <strong>{{maxCredits}}</strong>.",<strong>{{maxCredits}}</strong> kredinin <strong>{{currentCredits}}</strong> kadarı kullanıldı.,Not referenced by t() in app/; skip unless you still see it in UI
rewrite,P2,other,no,title-case,1. Get the Store URL,public/locales/{code}/translation.json,1. Get the Store URL,1. Get the store URL,1. Get the store URL,1. Obtenir l'URL du magasin,1. Obtenir l’URL de la boutique,1. Holen Sie sich die Store-URL,1. Shop-URL abrufen,1. Obtenga la URL de la tienda,1. Obtener la URL de la tienda,1. ストアのURLを取得する,1. ストアURLを取得,1. 取得商店網址,1. 取得商店網址,1. 获取商店网址,1. 获取商店网址,1. Obtenha o URL da loja,1. Obtenha o URL da loja,1. Haal de winkel-URL op,1. Haal de winkel-URL op,1. Hämta butikens URL,1. Hämta butikens URL,1. Ottieni l'URL del negozio,1. Ottieni l'URL del negozio,1. Отримайте URL-адресу магазину,1. Отримайте URL-адресу магазину,1. Получите URL-адрес магазина.,1. Получите URL-адрес магазина.,1. 스토어 URL 가져오기,1. 스토어 URL 가져오기,1. Mağaza URL'sini alın,1. Mağaza URL'sini alın,Not referenced by t() in app/; skip unless you still see it in UI
rewrite,P2,other,no,title-case,3. Contact Support,public/locales/{code}/translation.json,3. Contact Support,3. Contact support,3. Contact support,3. Contacter le support,3. Contacter l’assistance,3. Kontaktieren Sie den Support,3. Support kontaktieren,3. Contactar con el soporte técnico,3. Contactar con soporte,3. サポートに連絡する,3. サポートに問い合わせ,3.聯絡客服,3.聯絡客服,3.联系客服,3.联系客服,3. Entre em contato com o suporte,3. Entre em contato com o suporte,3. Neem contact op met de ondersteuning,3. Neem contact op met de ondersteuning,3. Kontakta supporten,3. Kontakta supporten,3. Contatta l'assistenza,3. Contatta l'assistenza,3. Зверніться до служби підтримки,3. Зверніться до служби підтримки,3. Обратитесь в службу поддержки,3. Обратитесь в службу поддержки,3. 지원팀에 문의하기,3. 지원팀에 문의하기,3. Destek Ekibiyle İletişime Geçin,3. Destek Ekibiyle İletişime Geçin,Not referenced by t() in app/; skip unless you still see it in UI
rewrite,P2,other,no,needs-rewrite|title-case,5 Days Free Trial,public/locales/{code}/translation.json,5 Days Free Trial,5-day free trial,5-day free trial,Essai gratuit de 5 jours,Essai gratuit de 5 jours,5 Tage kostenlos testen,Kostenlose 5-Tage-Testversion,Prueba gratuita de 5 días,Prueba gratuita de 5 días,5日間無料トライアル,5日間の無料トライアル,5天免費試用,免費試用,5天免费试用,5 Days Free trial,Teste grátis por 5 dias,Teste gratuito,5 dagen gratis proefperiode,Gratis proefversie,5 dagars gratis provperiod,Gratis testversion,Prova gratuita di 5 giorni,Prova gratuita,5 днів безкоштовної пробної версії,Безкоштовна пробна версія,5 дней бесплатной пробной версии,Бесплатная пробная версия,5일 무료 체험,무료 체험,5 Günlük Ücretsiz Deneme,Ücretsiz deneme,Not referenced by t() in app/; skip unless you still see it in UI
rewrite,P2,other,no,needs-rewrite|title-case,5 Days Free Trial >>,public/locales/{code}/translation.json,5 Days Free Trial >>,5-day free trial,5-day free trial,5 jours de test gratuit >>,Essai gratuit de 5 jours,5 Tage kostenlos testen >>,Kostenlose 5-Tage-Testversion,5 días de prueba gratis >>,Prueba gratuita de 5 días,5日無料試用版 >>,5日間の無料トライアル,5 天免費試用 >>,免費試用,5 天免费试用 >>,5 Days Free trial,5 dias de teste grátis >>,Teste gratuito,5 dagen gratis proefperiode >>,Gratis proefversie,5 dagars gratis provperiod >>,Gratis testversion,5 giorni di prova gratuita >>,Prova gratuita,5 днів безкоштовної пробної версії >>,Безкоштовна пробна версія,5 дней бесплатной пробной версии >>,Бесплатная пробная версия,5일 무료 체험 >>,무료 체험,5 günü ücretsiz deneyin >>,Ücretsiz deneme,Not referenced by t() in app/; skip unless you still see it in UI
rewrite,P2,other,no,needs-rewrite,Active Market:,public/locales/{code}/translation.json,Active Market:,Active market,Active market,Marché actif :,Marché actif,Aktiver Markt:,Aktiver Markt,Mercado activo:,Mercado activo,アクティブマーケット：,有効なマーケット,活躍市場：,啟用中的市場,活跃市场：,活跃市场,Mercado ativo:,Mercado ativo,Actieve markt:,Actieve markt,Aktiv marknad:,Aktiv marknad,Mercato attivo:,Mercato attivo,Активний ринок:,Активний ринок,Активный рынок:,Активный рынок,활성 시장:,활성 시장,Aktif pazar:,Aktif pazar,Not referenced by t() in app/; skip unless you still see it in UI
rewrite,P2,other,no,needs-rewrite|title-case,Add Language & Auto Translate,public/locales/{code}/translation.json,Add Language & Auto Translate,Add language and auto-translate,Add language and auto-translate,Ajouter une langue et traduire automatiquement,Ajouter une langue et traduire automatiquement,Sprache hinzufügen und automatisch übersetzen,Sprache hinzufügen und automatisch übersetzen,Agregar idioma y traducción automática,Añadir idioma y traducir automáticamente,言語を追加して自動翻訳する,言語を追加して自動翻訳,新增語言和自動翻譯,新增語言和自動翻譯,添加语言和自动翻译,添加语言和自动翻译,Adicionar idioma e tradução automática,Adicionar idioma e tradução automática,Taal toevoegen en automatisch vertalen,Taal toevoegen en automatisch vertalen,Lägg till språk och automatisk översättning,Lägg till språk och automatisk översättning,Aggiungi lingua e traduzione automatica,Aggiungi lingua e traduzione automatica,Додати мову та автоматично перекласти,Додати мову та автоматично перекласти,Добавить язык и автоматический перевод,Добавить язык и автоматический перевод,언어 추가 및 자동 번역,언어 추가 및 자동 번역,Dil Ekle ve Otomatik Çeviri,Dil Ekle ve Otomatik Çeviri,Not referenced by t() in app/; skip unless you still see it in UI
rewrite,P2,other,no,title-case,Add to Cart Conversion Rate,public/locales/{code}/translation.json,Add to Cart Conversion Rate,Add to cart conversion rate,Add to cart conversion rate,Taux de conversion d'ajout au panier,Taux de conversion d’ajout au panier,Conversion-Rate zum Hinzufügen zum Warenkorb,Conversion-Rate für „In den Warenkorb“,Tasa de conversión de añadir al carrito,Tasa de conversión de añadir al carrito,カートに追加コンバージョン率,カート追加コンバージョン率,加入購物車轉換率,加入購物車轉換率,加入购物车转化率,加入购物车转化率,Taxa de conversão de adicionar ao carrinho,Taxa de conversão de adicionar ao carrinho,Conversiepercentage toevoegen aan winkelwagen,Conversiepercentage toevoegen aan winkelwagen,Lägg till i varukorgen Konverteringsfrekvens,Lägg till i varukorgen Konverteringsfrekvens,Aggiungi al carrello Tasso di conversione,Aggiungi al carrello Tasso di conversione,Коефіцієнт конверсії додавання до кошика,Коефіцієнт конверсії додавання до кошика,Коэффициент конверсии «Добавить в корзину»,Коэффициент конверсии «Добавить в корзину»,장바구니에 담기 전환율,장바구니에 담기 전환율,Sepete Ekle Dönüşüm Oranı,Sepete Ekle Dönüşüm Oranı,Not referenced by t() in app/; skip unless you still see it in UI
rewrite,P2,other,no,needs-rewrite|title-case|awkward-phrasing,Advance Setting,public/locales/{code}/translation.json,Advance Setting,Advanced settings,Advanced settings,Paramètres avancés,Paramètres avancés,Erweiterte Einstellung,Erweiterte Einstellungen,Configuración avanzada,Configuración avanzada,詳細設定,詳細設定,提前設定,進階設定,高级设置,高级设置,Definições avançadas,Definições avançadas,Geavanceerde instellingen,Geavanceerde instellingen,Avancerade inställningar,Avancerade inställningar,Impostazioni avanzate,Impostazioni avanzate,Розширені налаштування,Розширені налаштування,Дополнительные настройки,Расширенные настройки,고급 설정,고급 설정,Gelişmiş ayar,Gelişmiş ayarlar,Not referenced by t() in app/; skip unless you still see it in UI
rewrite,P2,other,no,title-case,And More,public/locales/{code}/translation.json,And More,And more,And more,Et plus,Et plus encore,Und mehr,Und mehr,Y más,Y más,その他,その他,以及更多,以及更多,以及更多,以及更多,E mais,E mais,En meer,En meer,Och mer,Och mer,E altro ancora,E altro ancora,І більше,І більше,И многое другое,И многое другое,그리고 더 많은 것,그리고 더 많은 것,Ve Daha Fazlası,Ve Daha Fazlası,Not referenced by t() in app/; skip unless you still see it in UI
rewrite,P2,other,no,title-case,Automotive Parts,public/locales/{code}/translation.json,Automotive Parts,Automotive parts,Automotive parts,Pièces automobiles,Pièces automobiles,Autoteile,Autoteile,Repuestos automotrices,Piezas de automóvil,自動車部品,自動車部品,汽車零件,汽車零件,汽车配件,汽车配件,Peças automóveis,Peças automóveis,Auto-onderdelen,Auto-onderdelen,Bildelar,Bildelar,Ricambi auto,Ricambi auto,Автомобільні запчастини,Автомобільні запчастини,Запасные части к автомобилям,Запасные части к автомобилям,자동차 부품,자동차 부품,Otomotiv parçaları,Otomotiv parçaları,Not referenced by t() in app/; skip unless you still see it in UI
rewrite,P2,other,no,title-case,Baby & Toddler Products,public/locales/{code}/translation.json,Baby & Toddler Products,Baby & toddler products,Baby & toddler products,Produits pour bébés et jeunes enfants,Produits pour bébés et tout-petits,Baby- & Kleinkindprodukte,Baby- und Kleinkindprodukte,Productos para bebés y niños pequeños,Productos para bebés y niños pequeños,ベビー・幼児用品,ベビー・幼児用品,嬰幼兒產品,嬰幼兒產品,婴儿用品,婴儿用品,Produtos para bebés e crianças,Produtos para bebés e crianças,Baby- en peuterproducten,Baby- en peuterproducten,Produkter för baby och småbarn,Produkter för baby och småbarn,Prodotti per neonati e bambini,Prodotti per neonati e bambini,Товари для немовлят та малюків,Товари для немовлят та малюків,Товары для младенцев и детей ясельного возраста,Товары для младенцев и детей ясельного возраста,유아용품,유아용품,Bebek ve çocuk ürünleri,Bebek ve çocuk ürünleri,Not referenced by t() in app/; skip unless you still see it in UI
rewrite,P2,other,no,title-case,Bad Gateway,public/locales/{code}/translation.json,Bad Gateway,Bad gateway,Bad gateway,Passerelle incorrecte,Passerelle incorrecte,Fehlerhaftes Gateway,Bad Gateway,Puerta de enlace incorrecta,Puerta de enlace incorrecta,不正なゲートウェイ,Bad Gateway,壞網關,壞網關,网关错误,网关错误,Bad Gateway,Bad Gateway,Slechte gateway,Slechte gateway,Felaktig gateway,Felaktig gateway,Bad Gateway,Bad Gateway,Поганий шлюз,Поганий шлюз,Плохой Шлюз,Плохой Шлюз,배드 게이트웨이,배드 게이트웨이,Hatalı ağ geçidi,Hatalı ağ geçidi,Not referenced by t() in app/; skip unless you still see it in UI
rewrite,P2,other,no,title-case,Bad Request,public/locales/{code}/translation.json,Bad Request,Bad request,Bad request,Requête incorrecte,Requête incorrecte,Fehlerhafte Anfrage,Bad Request,Solicitud incorrecta,Solicitud incorrecta,不正なリクエスト,Bad Request,錯誤的請求,錯誤的請求,错误请求,错误请求,Pedido inválido,Pedido inválido,Ongeldig verzoek,Ongeldig verzoek,Felaktig begäran,Felaktig begäran,Richiesta non valida,Richiesta non valida,Поганий запит,Поганий запит,Неправильный запрос.,Неправильный запрос.,잘못된 요청,잘못된 요청,Hatalı istek,Hatalı istek,Not referenced by t() in app/; skip unless you still see it in UI
rewrite,P2,other,no,title-case,Beauty & Personal Care,public/locales/{code}/translation.json,Beauty & Personal Care,Beauty & personal care,Beauty & personal care,Beauté et soins personnels,Beauté et soins personnels,Schönheit & Körperpflege,Beauty & Körperpflege,Belleza y cuidado personal,Belleza y cuidado personal,美容・パーソナルケア,美容・パーソナルケア,美容與個人護理,美容與個人護理,美容护理,美容护理,Beleza e cuidados pessoais,Beleza e cuidados pessoais,Schoonheid en persoonlijke verzorging,Schoonheid en persoonlijke verzorging,Skönhet och personvård,Skönhet och personvård,Bellezza e cura personale,Bellezza e cura personale,Краса та особистий догляд,Краса та особистий догляд,Красота и уход,Красота и уход,뷰티 & 퍼스널 케어,뷰티 & 퍼스널 케어,Güzellik ve kişisel bakım,Güzellik ve kişisel bakım,Not referenced by t() in app/; skip unless you still see it in UI
rewrite,P2,other,no,needs-rewrite,Button Color:,public/locales/{code}/translation.json,Button Text Color:,Button text color,Button text color,Couleur du texte du bouton :,Couleur du texte du bouton,Button-Textfarbe:,Textfarbe der Schaltfläche,Color del texto del botón:,Color del texto del botón,ボタンテキストの色：,ボタンのテキスト色,按鈕文字顏色：,按鈕文字顏色：,按钮颜色：,按钮颜色：,Cor do texto do botão:,Cor do texto do botão:,Knoptekstkleur:,Knoptekstkleur:,Knapptextfärg:,Knapptextfärg:,Colore testo pulsante:,Colore testo pulsante:,Колір тексту кнопки:,Колір тексту кнопки:,Цвет текста кнопки:,Цвет текста кнопки:,버튼 텍스트 색상:,버튼 텍스트 색상:,Düğme metin rengi:,Düğme metin rengi:,Not referenced by t() in app/; skip unless you still see it in UI
rewrite,P2,other,no,needs-rewrite|title-case|grammar-or-jargon,Buy Credit,public/locales/{code}/translation.json,Buy Credit,Buy credits,Buy credits,Acheter des crédits,Acheter des crédits,Guthaben kaufen,Credits kaufen,Comprar crédito,Comprar créditos,クレジットを購入,クレジットを購入,購買點數,購買積分,购买积分,购买积分,Comprar crédito,Comprar créditos,Koop krediet,Credits kopen,Köp kredit,Köp krediter,Acquista credito,Acquista crediti,Купити кредит,Купити кредити,Купить кредит,Купить кредиты,크레딧 구매,크레딧 구매,Kredi al,Kredi satın al,Not referenced by t() in app/; skip unless you still see it in UI
rewrite,P2,other,no,needs-rewrite|awkward-phrasing,Can't find the language you want to translate into? Click here to add a language.,public/locales/{code}/translation.json,Can't find your language?->Add One,Can't find your language? Add one,Can't find your language? Add one,Vous ne trouvez pas votre langue ?->Ajoutez-en une,Vous ne trouvez pas votre langue ? Ajoutez-en une,Können Sie Ihre Sprache nicht finden?->Eine hinzufügen,Ihre Sprache ist nicht dabei? Fügen Sie eine hinzu,¿No encuentra su idioma?->Agregar uno,¿No encuentras tu idioma? Añade uno,言語が見つかりませんか？→追加,言語が見つかりませんか？追加してください,找不到您的語言？ ->新增一個,找不到您的語言？新增一種,找不到您想要翻译的语言？点击这里添加语言。,找不到您的语言？添加一种,Não encontra o seu idioma?->Adicione um,Não encontra o seu idioma? Adicione um,Kunt u uw taal niet vinden?->Voeg er een toe,Kun je je taal niet vinden? Voeg er een toe,Hittar du inte ditt språk?->Lägg till ett,Hittar du inte ditt språk? Lägg till ett,Non trovi la tua lingua?->Aggiungine una,Non trovi la tua lingua? Aggiungine una,"Не можете знайти мову для перекладу? Натисніть тут, щоб додати мову.",Не можете знайти свою мову? Додайте її,Не можете найти свой язык?->Добавить один,Не можете найти свой язык? Добавьте его,원하는 언어를 찾을 수 없나요?-> 추가하기,원하는 언어를 찾을 수 없나요? 하나 추가하세요,Dilinizi bulamıyor musunuz?->Bir tane ekleyin,Dilinizi bulamıyor musunuz? Bir tane ekleyin,Not referenced by t() in app/; skip unless you still see it in UI
rewrite,P2,other,no,needs-rewrite|title-case,Character Limit Reached,public/locales/{code}/translation.json,Character Limit Reached,Character limit reached,Character limit reached,Limite de caractères atteinte,Limite de caractères atteinte,Zeichenlimit erreicht,Zeichenlimit erreicht,Límite de caracteres alcanzado,Límite de caracteres alcanzado,文字数制限に達しました,文字数制限に達しました,已達到字元限制,已達到字元限制,字符限制已达,字符限制已达,Limite de caracteres atingido,Limite de caracteres atingido,Tekenlimiet bereikt,Tekenlimiet bereikt,Teckengräns uppnådd,Teckengräns uppnådd,Limite di caratteri raggiunto,Limite di caratteri raggiunto,Досягнуто ліміт символів,Досягнуто ліміт символів,Достигнуто максимальное число символов.,Достигнуто максимальное число символов.,문자 제한에 도달했습니다,문자 제한에 도달했습니다,Karakter sınırına ulaşıldı,Karakter sınırına ulaşıldı,Not referenced by t() in app/; skip unless you still see it in UI
rewrite,P2,other,no,title-case,Ciwi Help Center,public/locales/{code}/translation.json,Ciwi Help Center,Ciwi help center,Ciwi help center,Centre d'aide Ciwi,Centre d’aide Ciwi,Ciwi Hilfe-Center,Ciwi-Hilfezentrum,Centro de ayuda de Ciwi,Centro de ayuda de Ciwi,Ciwi ヘルプセンター,Ciwiヘルプセンター,Ciwi幫助中心,Ciwi幫助中心,Ciwi帮助中心,Ciwi帮助中心,Centro de Ajuda Ciwi,Centro de Ajuda Ciwi,Ciwi Helpcentrum,Ciwi Helpcentrum,Ciwi Hjälpcenter,Ciwi Hjälpcenter,Centro assistenza Ciwi,Centro assistenza Ciwi,Центр допомоги Ciwi,Центр допомоги Ciwi,Центр помощи,Центр помощи,Ciwi 도움말 센터,Ciwi 도움말 센터,Ciwi Yardım Merkezi,Ciwi Yardım Merkezi,Not referenced by t() in app/; skip unless you still see it in UI
rewrite,P2,other,no,needs-rewrite|title-case,Configure Redirect Rule,public/locales/{code}/translation.json,Configure Redirect Rule,Configure redirect rule,Configure redirect rule,Configurer la règle de redirection,Configurer la règle de redirection,Weiterleitungsregel konfigurieren,Weiterleitungsregel konfigurieren,Configurar regla de redirección,Configurar regla de redirección,リダイレクトルールを設定,リダイレクトルールを設定,設置重定向規則,設置重定向規則,配置重定向规则,配置重定向规则,Configurar regra de redirecionamento,Configurar regra de redirecionamento,Configureer doorverwijsregel,Configureer doorverwijsregel,Konfigurera omdirigeringsregel,Konfigurera omdirigeringsregel,Configura la regola di reindirizzamento,Configura la regola di reindirizzamento,Налаштувати правило перенаправлення,Налаштувати правило перенаправлення,Настроить правило редиректа,Настроить правило редиректа,리디렉션 규칙 설정,리디렉션 규칙 설정,Yönlendirme Kuralını Yapılandır,Yönlendirme Kuralını Yapılandır,Not referenced by t() in app/; skip unless you still see it in UI
rewrite,P2,other,no,needs-rewrite|missing-space,Configure region-specific redirects for your visitors.Need more regions? Add them in your,public/locales/{code}/translation.json,Configure region-specific redirects for your visitors.Need more regions? Add them in your,Configure region-specific redirects for your visitors. Need more regions? Add them in your,Configure region-specific redirects for your visitors. Need more regions? Add them in your,Configurez des redirections par région pour vos visiteurs. Besoin de plus de régions ? Ajoutez-les dans votre,Configurez des redirections spécifiques à chaque région pour vos visiteurs. Besoin de plus de régions ? Ajoutez-les dans votre,Konfigurieren Sie regionsspezifische Weiterleitungen für Ihre Besucher. Weitere Regionen benötigt? Fügen Sie sie in Ihrem,Konfigurieren Sie regionsspezifische Weiterleitungen für Ihre Besucher. Benötigen Sie weitere Regionen? Fügen Sie sie in Ihrem,Configure redirecciones por región para sus visitantes. ¿Necesita más regiones? Añádalas en su,Configura redirecciones específicas por región para tus visitantes. ¿Necesitas más regiones? Añádelas en tu,訪問者向けに地域別のリダイレクトを設定します。地域を追加したい場合は、,訪問者向けに地域別のリダイレクトを設定します。さらに地域が必要ですか？次の場所で追加してください：,為您的訪客設定地區專屬的轉址。需要更多地區嗎？請在您的,為您的訪客設定地區專屬的轉址。需要更多地區嗎？請在您的,为您的访客配置地区特定的重定向。需要更多地区吗？在您的,为您的访客配置地区特定的重定向。需要更多地区吗？在您的,Configure redirecionamentos específicos por região para os seus visitantes. Precisa de mais regiões? Adicione-as no seu,Configure redirecionamentos específicos por região para os seus visitantes. Precisa de mais regiões? Adicione-as no seu,Configureer regiospecifieke omleidingen voor uw bezoekers. Meer regio's nodig? Voeg ze toe in uw,Configureer regiospecifieke omleidingen voor uw bezoekers. Meer regio's nodig? Voeg ze toe in uw,Konfigurera regionspecifika omdirigeringar för dina besökare. Behöver du fler regioner? Lägg till dem i din,Konfigurera regionspecifika omdirigeringar för dina besökare. Behöver du fler regioner? Lägg till dem i din,Configura reindirizzamenti specifici per regione per i tuoi visitatori. Servono altre regioni? Aggiungile nel tuo,Configura reindirizzamenti specifici per regione per i tuoi visitatori. Servono altre regioni? Aggiungile nel tuo,Налаштуйте регіональні перенаправлення для відвідувачів. Потрібно більше регіонів? Додайте їх у своєму,Налаштуйте регіональні перенаправлення для відвідувачів. Потрібно більше регіонів? Додайте їх у своєму,Настройте региональные перенаправления для посетителей. Нужно больше регионов? Добавьте их в,Настройте региональные перенаправления для посетителей. Нужно больше регионов? Добавьте их в,방문자를 위한 지역별 리디렉션을 설정하세요. 더 많은 지역이 필요하신가요? ,방문자를 위한 지역별 리디렉션을 설정하세요. 더 많은 지역이 필요하신가요?,Ziyaretçileriniz için bölgeye özel yönlendirmeler ayarlayın. Daha fazla bölgeye mi ihtiyacınız var? Bunları,Ziyaretçileriniz için bölgeye özel yönlendirmeler ayarlayın. Daha fazla bölgeye mi ihtiyacınız var? Bunları,Not referenced by t() in app/; skip unless you still see it in UI
rewrite,P2,other,no,needs-rewrite|title-case,Contact Support,public/locales/{code}/translation.json,Contact Support,Contact support,Contact support,Contacter le support,Contacter l’assistance,Support kontaktieren,Support kontaktieren,Contactar soporte,Contactar con soporte,サポートに連絡,サポートに問い合わせ,聯繫支持,聯繫支持,联系支持,联系支持,Contactar o suporte,Contactar o suporte,Contact opnemen met support,Contact opnemen met support,Kontakta support,Kontakta support,Contatta l'assistenza,Contatta l'assistenza,Зв'язатися з підтримкою,Зв'язатися з підтримкою,Связаться со службой поддержки,Связаться со службой поддержки,지원팀에 문의하세요,지원팀에 문의하세요,Destekle iletişime geç,Destekle iletişime geç,Not referenced by t() in app/; skip unless you still see it in UI
rewrite,P2,other,no,needs-rewrite|title-case,contact.contactButton,public/locales/{code}/translation.json,Contact Support,Contact support,Contact support,Contacter le support,Contacter l’assistance,Support kontaktieren,Support kontaktieren,Contactar soporte,Contactar con soporte,サポートに連絡,サポートに問い合わせ,聯繫支持,聯繫支持,联系支持,联系支持,Contactar o suporte,Contactar o suporte,Contact opnemen met support,Contact opnemen met support,Kontakta support,Kontakta support,Contatta l'assistenza,Contatta l'assistenza,Зв'язатися з підтримкою,Зв'язатися з підтримкою,Связаться со службой поддержки,Связаться со службой поддержки,지원팀에 문의하세요,지원팀에 문의하세요,Destekle iletişime geç,Destekle iletişime geç,Not referenced by t() in app/; skip unless you still see it in UI
rewrite,P2,other,no,needs-rewrite|title-case,contact.title,public/locales/{code}/translation.json,Contact Us,Contact us,Contact us,Nous contacter,Nous contacter,Kontaktieren Sie uns,Kontakt aufnehmen,Contáctenos,Contáctanos,お問い合わせ,お問い合わせ,聯絡我們,聯絡我們,联系我们,联系我们,Contacte-nos,Contacte-nos,Neem contact met ons op,Neem contact met ons op,Kontakta oss,Kontakta oss,Contattaci,Contattaci,Зв'язатися з нами,Зв'язатися з нами,Свяжитесь с нами,Свяжитесь с нами,문의하기,문의하기,Bize ulaşın,Bize ulaşın,Not referenced by t() in app/; skip unless you still see it in UI
rewrite,P2,other,no,title-case,Crafts & Small Goods,public/locales/{code}/translation.json,Crafts & Small Goods,Crafts & small goods,Crafts & small goods,Artisanat et petits articles,Artisanat et petits articles,Handwerk & kleine Waren,Kunsthandwerk & Kleinwaren,Artesanía y productos pequeños,Artesanía y artículos pequeños,クラフト・雑貨,工芸品・小物,工藝品和小商品,工藝品和小商品,手工艺品,手工艺品,Artesanato e pequenos artigos,Artesanato e pequenos artigos,Handwerk en kleine artikelen,Handwerk en kleine artikelen,Hantverk och småvaror,Hantverk och småvaror,Artigianato e piccoli articoli,Artigianato e piccoli articoli,Ремесла та дрібні товари,Ремесла та дрібні товари,Ремесла и мелкие товары,Ремесла и мелкие товары,공예품 및 소품,공예품 및 소품,El sanatları ve küçük ürünler,El sanatları ve küçük ürünler,Not referenced by t() in app/; skip unless you still see it in UI
rewrite,P2,other,no,needs-rewrite|title-case,Customize Redirects by Region,public/locales/{code}/translation.json,Customize Redirects by Region,Customize redirects by region,Customize redirects by region,Personnaliser les redirections par région,Personnaliser les redirections par région,Weiterleitungen nach Region anpassen,Weiterleitungen nach Region anpassen,Personalizar redirecciones por región,Personalizar redirecciones por región,地域別にリダイレクトをカスタマイズ,地域別にリダイレクトをカスタマイズ,根據區域自訂重定向,根據區域自訂重定向,按地区自定义重定向,按地区自定义重定向,Personalizar redirecionamentos por região,Personalizar redirecionamentos por região,Pas doorverwijzingen per regio aan,Pas doorverwijzingen per regio aan,Anpassa omdirigeringar per region,Anpassa omdirigeringar per region,Personalizza i reindirizzamenti per regione,Personalizza i reindirizzamenti per regione,Налаштувати перенаправлення за регіонами,Налаштувати перенаправлення за регіонами,Настроить редиректы по регионам,Настроить редиректы по регионам,지역별 리디렉션 맞춤 설정,지역별 리디렉션 맞춤 설정,Bölgeye göre yönlendirmeleri özelleştir,Bölgeye göre yönlendirmeleri özelleştir,Not referenced by t() in app/; skip unless you still see it in UI
rewrite,P2,other,no,needs-rewrite,dashboard.title2,public/locales/{code}/translation.json,Multi-Currency Settings,Multi-currency settings,Multi-currency settings,Paramètres multidevise,Paramètres multidevises,Multi-Währungs-Einstellungen,Mehrwährungseinstellungen,Configuración de múltiples monedas,Configuración multidivisa,多通貨設定,複数通貨設定,多幣種設置,多幣種設置,本地化货币,本地化货币,Definições multimoeda,Definições multimoeda,Meervoudige valuta-instellingen,Meervoudige valuta-instellingen,Inställningar för flera valutor,Inställningar för flera valutor,Impostazioni multivaluta,Impostazioni multivaluta,Налаштування мультивалют,Налаштування мультивалют,Импорт  настроек мультивалютности,Импорт  настроек мультивалютности,다중 통화 설정,다중 통화 설정,Çoklu para birimi ayarları,Çoklu para birimi ayarları,Not referenced by t() in app/; skip unless you still see it in UI
rewrite,P2,other,no,needs-rewrite,dashboard.title3,public/locales/{code}/translation.json,Building in Progress,Building in progress,Building in progress,En cours de développement,En cours de construction,In Entwicklung,Im Aufbau,En desarrollo,En construcción,開発中,構築中,在建工程,在建工程,我们不断开发新功能,我们不断开发新功能,Em construção,Em construção,In ontwikkeling,In ontwikkeling,Under utveckling,Under utveckling,In costruzione,In costruzione,Розробка в процесі,Розробка в процесі,Идет постройка,Идет постройка,진행 중인 건물,진행 중인 건물,Geliştirme devam ediyor,Geliştirme devam ediyor,Not referenced by t() in app/; skip unless you still see it in UI
rewrite,P2,other,no,title-case,Disable App,public/locales/{code}/translation.json,Disable App,Disable app,Disable app,Désactiver l'application,Désactiver l’application,App deaktivieren,App deaktivieren,Deshabilitar aplicación,Desactivar aplicación,アプリを無効化,アプリを無効化,禁用應用程式,禁用應用程式,禁用应用,禁用应用,Desativar aplicação,Desativar aplicação,App uitschakelen,App uitschakelen,Inaktivera app,Inaktivera app,Disabilita app,Disabilita app,Вимкнути додаток,Вимкнути додаток,Отключить приложение?,Отключить приложение?,앱 비활성화,앱 비활성화,Uygulamayı devre dışı bırak,Uygulamayı devre dışı bırak,Not referenced by t() in app/; skip unless you still see it in UI
rewrite,P2,other,no,title-case,Full Translation,public/locales/{code}/translation.json,Full Translation,Full translation,Full translation,Traduction complète,Traduction complète,Vollständige Übersetzung,Vollständige Übersetzung,Traducción completa,Traducción completa,全文翻訳,完全翻訳,完整翻譯,完整翻譯,全量翻译,全量翻译,Tradução completa,Tradução completa,Volledige vertaling,Volledige vertaling,Fullständig översättning,Fullständig översättning,Traduzione completa,Traduzione completa,Повний переклад,Повний переклад,(полный перевод),(полный перевод),전체 번역,전체 번역,Tam çeviri,Tam çeviri,Not referenced by t() in app/; skip unless you still see it in UI
rewrite,P2,other,no,title-case,Fuzzy Replacement,public/locales/{code}/translation.json,Fuzzy Replacement,Fuzzy replacement,Fuzzy replacement,Remplacement approximatif,Remplacement approximatif,Unscharfe Ersetzung,Unscharfe Ersetzung,Reemplazo difuso,Reemplazo aproximado,あいまい置換,あいまい置換,模糊替換,模糊替換,模糊替换,模糊替换,Substituição difusa,Substituição difusa,Vage vervanging,Vage vervanging,Fuzzy-ersättning,Fuzzy-ersättning,Sostituzione fuzzy,Sostituzione fuzzy,Нечітка заміна,Нечітка заміна,Нечеткая замена,Нечеткая замена,퍼지 교체,퍼지 교체,Bulanık değiştirme,Bulanık değiştirme,Not referenced by t() in app/; skip unless you still see it in UI
rewrite,P2,other,no,title-case,Gateway Timeout,public/locales/{code}/translation.json,Gateway Timeout,Gateway timeout,Gateway timeout,Délai d'attente de la passerelle dépassé,Délai d’attente de la passerelle dépassé,Gateway-Timeout,Gateway Timeout,Tiempo de espera de la puerta de enlace agotado,Tiempo de espera de la puerta de enlace agotado,ゲートウェイタイムアウト,Gateway Timeout,網關逾時,網關逾時,网关超时,网关超时,Tempo limite do gateway,Tempo limite do gateway,Gateway-time-out,Gateway-time-out,Gateway-timeout,Gateway-timeout,Timeout del gateway,Timeout del gateway,Тайм-аут шлюзу,Тайм-аут шлюзу,Время Ожидания Шлюза,Время Ожидания Шлюза,게이트웨이 시간 초과,게이트웨이 시간 초과,Ağ geçidi zaman aşımı,Ağ geçidi zaman aşımı,Not referenced by t() in app/; skip unless you still see it in UI
rewrite,P2,other,no,title-case,Google Translation,public/locales/{code}/translation.json,Google Translate,Google translate,Google translate,Google Traduction,Google Translate,Google Übersetzer,Google Translate,Google Traductor,Google Translate,Google 翻訳,Google Translate,Google翻譯,Google翻譯,Google 翻译,Google 翻译,Google Tradutor,Google Tradutor,Google Vertalen,Google Vertalen,Google Översätt,Google Översätt,Google Traduttore,Google Traduttore,Google Переклад,Google Переклад,Google AdSense,Google AdSense,구글 번역,구글 번역,Google Çeviri,Google Çeviri,Not referenced by t() in app/; skip unless you still see it in UI
rewrite,P2,other,no,title-case,Home Appliances,public/locales/{code}/translation.json,Home Appliances,Home appliances,Home appliances,Électroménager,Électroménager,Haushaltsgeräte,Haushaltsgeräte,Electrodomésticos,Electrodomésticos,家電,家電製品,家用電器,家用電器,家用电器,家用电器,Eletrodomésticos,Eletrodomésticos,Huishoudelijke apparaten,Huishoudelijke apparaten,Hushållsapparater,Hushållsapparater,Elettrodomestici,Elettrodomestici,Побутова техніка,Побутова техніка,Бытовая техника,Бытовая техника,가전제품,가전제품,Ev aletleri,Ev aletleri,Not referenced by t() in app/; skip unless you still see it in UI
rewrite,P2,other,no,title-case,Home Goods & Daily Essentials,public/locales/{code}/translation.json,Home Goods & Daily Essentials,Home goods & daily essentials,Home goods & daily essentials,Articles ménagers et produits du quotidien,Articles pour la maison et produits essentiels du quotidien,Haushaltswaren & tägliche Essentials,Haushaltswaren & Dinge des täglichen Bedarfs,Artículos para el hogar y productos de uso diario,Artículos para el hogar y productos esenciales diarios,生活用品・日用品,家庭用品・日用品,家居用品和日常必需品,家居用品和日常必需品,家居用品,家居用品,Artigos para o lar e produtos do dia a dia,Artigos para o lar e produtos do dia a dia,Huishoudelijke artikelen en dagelijkse benodigdheden,Huishoudelijke artikelen en dagelijkse benodigdheden,Hushållsvaror och dagliga nödvändigheter,Hushållsvaror och dagliga nödvändigheter,Articoli per la casa e prodotti quotidiani,Articoli per la casa e prodotti quotidiani,Товари для дому та щоденні потреби,Товари для дому та щоденні потреби,Товары для дома и предметы первой необходимости,Товары для дома и предметы первой необходимости,가정용품 및 생활필수품,가정용품 및 생활필수품,Ev eşyaları ve günlük ihtiyaçlar,Ev eşyaları ve günlük ihtiyaçlar,Not referenced by t() in app/; skip unless you still see it in UI
rewrite,P2,other,no,title-case,Image & Alt Text Translation,public/locales/{code}/translation.json,Image & Alt Text Translation,Image & alt text translation,Image & alt text translation,Traduction d'images et de textes alternatifs,Traduction des images et du texte alternatif,Bild- und Alternativtextübersetzung,Übersetzung von Bildern & Alt-Texten,Traducción de imágenes y texto alternativo,Traducción de imágenes y texto alternativo,画像と代替テキストの翻訳,画像・代替テキスト翻訳,圖片和替代文字翻譯,圖片和替代文字翻譯,图片和替代文本翻译,图片和替代文本翻译,Tradução de imagens e textos alternativos,Tradução de imagens e textos alternativos,Vertaling van afbeeldingen en alternatieve tekst,Vertaling van afbeeldingen en alternatieve tekst,Översättning av bilder och alternativtext,Översättning av bilder och alternativtext,Traduzione di immagini e testo alternativo,Traduzione di immagini e testo alternativo,Переклад зображень та альтернативного тексту,Переклад зображень та альтернативного тексту,Перевод изображений и альтернативного текста,Перевод изображений и альтернативного текста,이미지 및 대체 텍스트 번역,이미지 및 대체 텍스트 번역,Resim ve Alternatif Metin Çevirisi,Resim ve Alternatif Metin Çevirisi,Not referenced by t() in app/; skip unless you still see it in UI
rewrite,P2,other,no,title-case,Internal Server Error,public/locales/{code}/translation.json,Internal Server Error,Internal server error,Internal server error,Erreur interne du serveur,Erreur interne du serveur,Interner Serverfehler,Interner Serverfehler,Error interno del servidor,Error interno del servidor,内部サーバーエラー,内部サーバーエラー,內部伺服器錯誤,內部伺服器錯誤,服务器内部错误,服务器内部错误,Erro interno do servidor,Erro interno do servidor,Interne serverfout,Interne serverfout,Internt serverfel,Internt serverfel,Errore interno del server,Errore interno del server,Внутрішня помилка сервера,Внутрішня помилка сервера,Внутренняя ошибка сервера,Внутренняя ошибка сервера,내부 서버 오류,내부 서버 오류,Dahili sunucu hatası,Dahili sunucu hatası,Not referenced by t() in app/; skip unless you still see it in UI
rewrite,P2,other,no,title-case,Last 30 Days,public/locales/{code}/translation.json,Last 30 Days,Last 30 days,Last 30 days,Les 30 derniers jours,30 derniers jours,Letzte 30 Tage,Letzte 30 Tage,Últimos 30 días,Últimos 30 días,過去30日間,過去30日間,過去 30 天,過去 30 天,过去 30 天,过去 30 天,Últimos 30 dias,Últimos 30 dias,Laatste 30 dagen,Laatste 30 dagen,Senaste 30 dagarna,Senaste 30 dagarna,Ultimi 30 giorni,Ultimi 30 giorni,Останні 30 днів,Останні 30 днів,Последние 30 дней,Последние 30 дней,지난 30일,지난 30일,Son 30 Gün,Son 30 Gün,Not referenced by t() in app/; skip unless you still see it in UI
rewrite,P2,other,no,title-case,Last 7 Days,public/locales/{code}/translation.json,Last 7 Days,Last 7 days,Last 7 days,Les 7 derniers jours,7 derniers jours,Letzte 7 Tage,Letzte 7 Tage,Últimos 7 días,Últimos 7 días,過去7日間,過去7日間,過去 7 天,過去 7 天,过去 7 天,过去 7 天,Últimos 7 dias,Últimos 7 dias,Laatste 7 dagen,Laatste 7 dagen,Senaste 7 dagarna,Senaste 7 dagarna,Ultimi 7 giorni,Ultimi 7 giorni,Останні 7 днів,Останні 7 днів,Последние 7 дней,Последние 7 дней,지난 7일,지난 7일,Son 7 Gün,Son 7 Gün,Not referenced by t() in app/; skip unless you still see it in UI
rewrite,P2,other,no,needs-rewrite|title-case,Manage Languages,public/locales/{code}/translation.json,Manage Languages,Manage languages,Manage languages,Gérer les langues,Gérer les langues,Sprachen verwalten,Sprachen verwalten,Administrar idiomas,Gestionar idiomas,言語を管理する,言語を管理,管理語言,管理語言,管理语言,管理语言,Gerenciar idiomas,Gerenciar idiomas,Talen beheren,Talen beheren,Hantera språk,Hantera språk,Gestisci le lingue,Gestisci le lingue,Керування мовами,Керування мовами,Управление языками,Управление языками,언어 관리,언어 관리,Dilleri Yönet,Dilleri Yönet,Not referenced by t() in app/; skip unless you still see it in UI
rewrite,P2,other,no,title-case,More Translation Tools,public/locales/{code}/translation.json,More Translation Tools,More translation tools,More translation tools,Plus d'outils de traduction,Plus d’outils de traduction,Weitere Übersetzungstools,Weitere Übersetzungstools,Más herramientas de traducción,Más herramientas de traducción,その他の翻訳ツール,その他の翻訳ツール,更多翻譯工具,更多翻譯工具,更多翻译工具,更多翻译工具,Mais ferramentas de tradução,Mais ferramentas de tradução,Meer vertaalhulpmiddelen,Meer vertaalhulpmiddelen,Fler översättningsverktyg,Fler översättningsverktyg,Altri strumenti di traduzione,Altri strumenti di traduzione,Більше інструментів перекладу,Більше інструментів перекладу,Дополнительные инструменты перевода,Дополнительные инструменты перевода,더 많은 번역 도구,더 많은 번역 도구,Daha Fazla Çeviri Aracı,Daha Fazla Çeviri Aracı,Not referenced by t() in app/; skip unless you still see it in UI
rewrite,P2,other,no,title-case,No Translation Credits Available,public/locales/{code}/translation.json,No Translation Credits Available,No translation credits available,No translation credits available,Pas de crédits de traduction disponibles,Aucun crédit de traduction disponible,Keine Übersetzungsguthaben verfügbar,Keine Übersetzungs-Credits verfügbar,No hay créditos de traducción disponibles,No hay créditos de traducción disponibles,無料クレジットがありません,利用可能な翻訳クレジットがありません,沒有可用的翻譯積分,沒有可用的翻譯積分,没有可用的翻译积分,没有可用的翻译积分,Nenhum crédito de tradução disponível,Nenhum crédito de tradução disponível,Geen vertaalcredits beschikbaar,Geen vertaalcredits beschikbaar,Inga gratis krediter tillgängliga,Inga gratis krediter tillgängliga,Nessun credito di traduzione disponibile,Nessun credito di traduzione disponibile,Немає доступних безкоштовних кредитів,Немає доступних безкоштовних кредитів,Нет бесплатных кредитов,Нет бесплатных кредитов,번역 크레딧이 없습니다,번역 크레딧이 없습니다,Çeviri kredisi mevcut değil,Çeviri kredisi mevcut değil,Not referenced by t() in app/; skip unless you still see it in UI
rewrite,P2,other,no,title-case,Not Found,public/locales/{code}/translation.json,Not Found,Not found,Not found,Introuvable,Introuvable,Nicht gefunden,Nicht gefunden,No encontrado,No encontrado,見つかりません,見つかりません,未找到,未找到,未找到,未找到,Não encontrado,Não encontrado,Niet gevonden,Niet gevonden,Hittades inte,Hittades inte,Non trovato,Non trovato,Не знайдено,Не знайдено,Не найдено,Не найдено,찾을 수 없음,찾을 수 없음,Bulunamadı,Bulunamadı,Not referenced by t() in app/; skip unless you still see it in UI
rewrite,P2,other,no,title-case,openai.ip,public/locales/{code}/translation.json,Input Prompt,Input prompt,Input prompt,Invite de saisie,Invite de saisie,Eingabe-Prompt,Eingabeaufforderung,Solicitud de entrada,Prompt de entrada,入力プロンプト,入力プロンプト,輸入提示,輸入提示,输入提示词,输入提示词,Prompt de entrada,Prompt de entrada,Invoerprompt,Invoerprompt,Inmatningsprompt,Inmatningsprompt,Richiesta di input,Richiesta di input,Введіть підказку,Введіть підказку,Запрос на ввод,Запрос на ввод,입력 프롬프트,입력 프롬프트,Giriş İstemi,Giriş İstemi,Not referenced by t() in app/; skip unless you still see it in UI
rewrite,P2,other,no,title-case,openai.pe,public/locales/{code}/translation.json,Please enter API Key,Please enter API key,Please enter API key,Veuillez saisir la clé API,Veuillez saisir la clé API,Bitte geben Sie den API-Schlüssel ein,Bitte API-Schlüssel eingeben,Por favor ingrese la clave API,Introduce la clave API,APIキーを入力してください,APIキーを入力してください,請輸入API金鑰,請輸入API金鑰,请输入 API Key,请输入 API Key,"Por favor, insira a chave da API","Por favor, insira a chave da API",Voer de API-sleutel in,Voer de API-sleutel in,Ange API-nyckeln,Ange API-nyckeln,Inserisci la chiave API,Inserisci la chiave API,Введіть API ключ,Введіть API ключ,"Пожалуйста, введите ключ API","Пожалуйста, введите ключ API",API 키를 입력하세요,API 키를 입력하세요,Lütfen API Anahtarını girin,Lütfen API Anahtarını girin,Not referenced by t() in app/; skip unless you still see it in UI
rewrite,P2,other,no,title-case,Permissions Needed for Multilingual Analytics,public/locales/{code}/translation.json,Permissions Needed for Multilingual Analytics,Permissions needed for multilingual analytics,Permissions needed for multilingual analytics,Autorisations requises pour les analyses multilingues,Autorisations nécessaires pour l’analyse multilingue,Für mehrsprachige Analysen erforderliche Berechtigungen,Für mehrsprachige Analysen benötigte Berechtigungen,Permisos necesarios para análisis multilingües,Permisos necesarios para el análisis multilingüe,多言語分析に必要な権限,多言語分析に必要な権限,多語言分析所需的權限,多語言分析所需的權限,多语言分析所需的权限,多语言分析所需的权限,Permissões necessárias para análises multilíngues,Permissões necessárias para análises multilíngues,Vereiste machtigingen voor meertalige analyses,Vereiste machtigingen voor meertalige analyses,Behörigheter som krävs för flerspråkig analys,Behörigheter som krävs för flerspråkig analys,Autorizzazioni necessarie per l'analisi multilingue,Autorizzazioni necessarie per l'analisi multilingue,"Дозволи, необхідні для багатомовної аналітики","Дозволи, необхідні для багатомовної аналітики","Разрешения, необходимые для многоязычной аналитики","Разрешения, необходимые для многоязычной аналитики",다국어 분석에 필요한 권한,다국어 분석에 필요한 권한,Çok Dilli Analizler İçin Gerekli İzinler,Çok Dilli Analizler İçin Gerekli İzinler,Not referenced by t() in app/; skip unless you still see it in UI
rewrite,P2,other,no,title-case,Permissions Required,public/locales/{code}/translation.json,Permissions Required,Permissions required,Permissions required,Autorisations requises,Autorisations requises,Erforderliche Berechtigungen,Erforderliche Berechtigungen,Permisos requeridos,Permisos requeridos,必要な権限,必要な権限,所需權限,所需權限,所需权限,所需权限,Permissões necessárias,Permissões necessárias,Vereiste toestemmingen,Vereiste toestemmingen,Behörigheter som krävs,Behörigheter som krävs,Autorizzazioni richieste,Autorizzazioni richieste,Необхідні дозволи,Необхідні дозволи,Требуются разрешения,Требуются разрешения,필요한 권한,필요한 권한,Gerekli İzinler,Gerekli İzinler,Not referenced by t() in app/; skip unless you still see it in UI
rewrite,P2,other,no,title-case,Pet Supplies,public/locales/{code}/translation.json,Pet Supplies,Pet supplies,Pet supplies,Articles pour animaux,Fournitures pour animaux,Haustierbedarf,Tierbedarf,Productos para mascotas,Suministros para mascotas,ペット用品,ペット用品,寵物用品,寵物用品,宠物用品,宠物用品,Produtos para animais de estimação,Produtos para animais de estimação,Huisdierbenodigdheden,Huisdierbenodigdheden,Djurtillbehör,Djurtillbehör,Prodotti per animali domestici,Prodotti per animali domestici,Товари для тварин,Товари для тварин,Для Животных,Для Животных,반려동물용품,반려동물용품,Evcil hayvan malzemeleri,Evcil hayvan malzemeleri,Not referenced by t() in app/; skip unless you still see it in UI
rewrite,P2,other,no,title-case,planCard.title,public/locales/{code}/translation.json,Committed to Your Success,Committed to your success,Committed to your success,Engagés pour votre réussite,Engagés pour votre réussite,Verpflichtet zu Ihrem Erfolg,Ihrem Erfolg verpflichtet,Comprometidos con su éxito,Comprometidos con tu éxito,お客様の成功にコミット,お客様の成功を支援します,致力於您的成功,致力於您的成功,为客户成功而开发,为客户成功而开发,Comprometidos com o seu sucesso,Comprometidos com o seu sucesso,Toegewijd aan uw succes,Toegewijd aan uw succes,Engagerade i din framgång,Engagerade i din framgång,Impegnati per il tuo successo,Impegnati per il tuo successo,Прагнемо до вашого успіху,Прагнемо до вашого успіху,Ориентация на клиентов,Ориентация на клиентов,귀하의 성공을 위해 최선을 다합니다,귀하의 성공을 위해 최선을 다합니다,Başarınıza bağlıyız,Başarınıza bağlıyız,Not referenced by t() in app/; skip unless you still see it in UI
rewrite,P2,other,no,title-case,planCardTableList1.title,public/locales/{code}/translation.json,Feature Requests,Feature requests,Feature requests,Demandes de fonctionnalités,Demandes de fonctionnalités,Funktionsanfragen,Funktionswünsche,Solicitudes de funciones,Solicitudes de funciones,機能リクエスト,機能リクエスト,功能請求,功能請求,请求功能,请求功能,Pedidos de funcionalidades,Pedidos de funcionalidades,Functieverzoeken,Functieverzoeken,Funktionsförfrågningar,Funktionsförfrågningar,Richieste di funzionalità,Richieste di funzionalità,Запити функцій,Запити функцій,Функциональность,Функциональность,기능 요청,기능 요청,Özellik talepleri,Özellik talepleri,Not referenced by t() in app/; skip unless you still see it in UI
rewrite,P2,other,no,title-case,planCardTableList3.title,public/locales/{code}/translation.json,Development Status,Development status,Development status,État du développement,État du développement,Entwicklungsstatus,Entwicklungsstatus,Estado de desarrollo,Estado de desarrollo,開発状況,開発状況,開發現況,開發現況,开发状态,开发状态,Estado de desenvolvimento,Estado de desenvolvimento,Ontwikkelingsstatus,Ontwikkelingsstatus,Utvecklingsstatus,Utvecklingsstatus,Stato di sviluppo,Stato di sviluppo,Статус розробки,Статус розробки,Статус разработки,Статус разработки,개발 현황,개발 현황,Geliştirme durumu,Geliştirme durumu,Not referenced by t() in app/; skip unless you still see it in UI
rewrite,P2,other,no,title-case,Premium Plan,public/locales/{code}/translation.json,Premium Plan →,Premium plan →,Premium plan →,Forfait Premium →,Forfait Premium →,Premium-Plan →,Premium-Tarif →,Plan Premium →,Plan Premium →,プレミアムプラン →,Premiumプラン →,高級計劃 →,高級計劃 →,高级计划 →,高级计划 →,Plano Premium →,Plano Premium →,Premium-abonnement →,Premium-abonnement →,Premiumplan →,Premiumplan →,Piano Premium →,Piano Premium →,Преміум-план →,Преміум-план →,Премиум-план →,Премиум-план →,프리미엄 플랜 →,프리미엄 플랜 →,Premium Paket →,Premium Paket →,Not referenced by t() in app/; skip unless you still see it in UI
rewrite,P2,other,no,title-case,Pro Plan,public/locales/{code}/translation.json,Pro Plan →,Pro plan →,Pro plan →,Plan Pro →,Forfait Pro →,Pro-Plan →,Pro-Tarif →,Plan Pro →,Plan Pro →,プロプラン →,Proプラン →,專業計劃 →,專業計劃 →,专业计划 →,专业计划 →,Plano Pro →,Plano Pro →,Pro-plan →,Pro-plan →,Pro-plan →,Pro-plan →,Piano Pro →,Piano Pro →,Професійний план →,Професійний план →,Профессиональный план →,Профессиональный план →,프로 플랜 →,프로 플랜 →,Pro Paket →,Pro Paket →,Not referenced by t() in app/; skip unless you still see it in UI
rewrite,P2,other,no,needs-rewrite|title-case,progressing.review,public/locales/{code}/translation.json,Review Translation,Review translation,Review translation,Vérifier la traduction,Vérifier la traduction,Übersetzung überprüfen,Übersetzung prüfen,Revisar traducción,Revisar traducción,翻訳を確認,翻訳を確認,審閱翻譯,審閱翻譯,检查翻译,检查翻译,Rever tradução,Rever tradução,Vertaling controleren,Vertaling controleren,Granska översättning,Granska översättning,Rivedi traduzione,Rivedi traduzione,Переглянути переклад,Переглянути переклад,Рецензировать перевод,Рецензировать перевод,번역 검토,번역 검토,Çeviriyi incele,Çeviriyi incele,Not referenced by t() in app/; skip unless you still see it in UI
rewrite,P2,other,no,needs-rewrite,progressing.title,public/locales/{code}/translation.json,Translation Tasks: ,Translation tasks,Translation tasks,Tâches de traduction : ,Tâches de traduction,Übersetzungsaufgaben: ,Übersetzungsaufgaben,Tareas de traducción: ,Tareas de traducción,翻訳タスク：,翻訳タスク,翻譯任務：,翻譯任務：,翻译任务：,翻译任务：,Tarefas de tradução: ,Tarefas de tradução:,Vertaaltaken: ,Vertaaltaken:,Översättningsuppgifter: ,Översättningsuppgifter:,Attività di traduzione: ,Attività di traduzione:,Завдання перекладу: ,Завдання перекладу:,Задачи перевода:,Задачи перевода:,번역 작업:,번역 작업:,Çeviri görevleri: ,Çeviri görevleri:,Not referenced by t() in app/; skip unless you still see it in UI
rewrite,P2,other,no,needs-rewrite|title-case,Published Languages,public/locales/{code}/translation.json,Published Languages,Published languages,Published languages,Langues publiées,Langues publiées,Veröffentlichte Sprachen,Veröffentlichte Sprachen,Idiomas publicados,Idiomas publicados,出版言語,公開済み言語,已發布的語言,已發布的語言,已发布的语言,已发布的语言,Idiomas publicados,Idiomas publicados,Gepubliceerde talen,Gepubliceerde talen,Publicerade språk,Publicerade språk,Lingue pubblicate,Lingue pubblicate,Опубліковані мови,Опубліковані мови,Опубликованные языки,Опубликованные языки,게시된 언어,게시된 언어,Yayınlanan Diller,Yayınlanan Diller,Not referenced by t() in app/; skip unless you still see it in UI
rewrite,P2,other,no,needs-rewrite|title-case,Recommendations to Improve Quality,public/locales/{code}/translation.json,Recommendations to Improve Quality,Recommendations to improve quality,Recommendations to improve quality,Recommandations pour améliorer la qualité,Recommandations pour améliorer la qualité,Empfehlungen zur Qualitätsverbesserung,Empfehlungen zur Qualitätsverbesserung,Recomendaciones para mejorar la calidad,Recomendaciones para mejorar la calidad,品質向上のための推奨事項,品質向上のための推奨事項,提高品質的建議,提高品質的建議,提高质量的建议,提高质量的建议,Recomendações para melhorar a qualidade,Recomendações para melhorar a qualidade,Aanbevelingen om de kwaliteit te verbeteren,Aanbevelingen om de kwaliteit te verbeteren,Rekommendationer för att förbättra kvaliteten,Rekommendationer för att förbättra kvaliteten,Raccomandazioni per migliorare la qualità,Raccomandazioni per migliorare la qualità,Рекомендації щодо покращення якості,Рекомендації щодо покращення якості,Рекомендации по улучшению качества,Рекомендации по улучшению качества,품질 개선을 위한 권장 사항,품질 개선을 위한 권장 사항,Kaliteyi İyileştirmeye Yönelik Öneriler,Kaliteyi İyileştirmeye Yönelik Öneriler,Not referenced by t() in app/; skip unless you still see it in UI
rewrite,P2,other,no,title-case,Selector style configuration:,public/locales/{code}/translation.json,Switcher Style,Switcher style,Switcher style,Style du sélecteur,Style du sélecteur,Umschalter-Stil,Umschalter-Stil,Estilo del selector,Estilo del selector,スイッチャースタイル,スイッチャーのスタイル,切換器樣式,切換器樣式,选择器样式配置：,选择器样式配置：,Estilo do seletor,Estilo do seletor,Stijl wisselaar,Stijl wisselaar,Växlarstil,Växlarstil,Stile del selettore,Stile del selettore,Стиль перемикача,Стиль перемикача,Стиль меню переключателч,Стиль меню переключателч,스위처 스타일,스위처 스타일,Değiştirici stili,Değiştirici stili,Not referenced by t() in app/; skip unless you still see it in UI
rewrite,P2,other,no,title-case,Selector type configuration:,public/locales/{code}/translation.json,Switcher Type,Switcher type,Switcher type,Type de sélecteur,Type de sélecteur,Umschalter-Typ,Umschalter-Typ,Tipo de selector,Tipo de selector,スイッチャータイプ,スイッチャーの種類,切換器類型,切換器類型,选择器类型配置：,选择器类型配置：,Tipo de seletor,Tipo de seletor,Type wisselaar,Type wisselaar,Växlartyp,Växlartyp,Tipo di selettore,Tipo di selettore,Тип перемикача,Тип перемикача,Тип переключателя,Тип переключателя,스위처 유형,스위처 유형,Değiştirici türü,Değiştirici türü,Not referenced by t() in app/; skip unless you still see it in UI
rewrite,P2,other,no,title-case,Service Unavailable,public/locales/{code}/translation.json,Service Unavailable,Service unavailable,Service unavailable,Service indisponible,Service indisponible,Service nicht verfügbar,Dienst nicht verfügbar,Servicio no disponible,Servicio no disponible,サービス利用不可,サービスを利用できません,暫停服務,暫停服務,服务不可用,服务不可用,Serviço indisponível,Serviço indisponível,Service niet beschikbaar,Service niet beschikbaar,Tjänsten är inte tillgänglig,Tjänsten är inte tillgänglig,Servizio non disponibile,Servizio non disponibile,Сервіс недоступний,Сервіс недоступний,Услуга недоступна,Услуга недоступна,서비스를 이용할 수 없습니다,서비스를 이용할 수 없습니다,Hizmet kullanılamıyor,Hizmet kullanılamıyor,Not referenced by t() in app/; skip unless you still see it in UI
rewrite,P2,other,no,title-case,Settings >> General,public/locales/{code}/translation.json, Settings >> General, Settings >> general,Settings >> general, Paramètres >> Général,Paramètres >> général, Einstellungen >> Allgemein,Einstellungen >> Allgemein, Configuración >> General,Configuración >> general, 設定 >> 一般 ,設定 >> 一般,設定>>常規,設定>>常規,设置 >> 常规,设置 >> 常规, Definições >> Geral,Definições >> Geral, Instellingen >> Algemeen,Instellingen >> Algemeen, Inställningar >> Allmänt,Inställningar >> Allmänt, Impostazioni >> Generale,Impostazioni >> Generale, Налаштування >> Загальні,Налаштування >> Загальні,Настройки > Основные,Настройки > Основные,설정 >> 일반,설정 >> 일반, Ayarlar >> Genel,Ayarlar >> Genel,Not referenced by t() in app/; skip unless you still see it in UI
rewrite,P2,other,no,title-case,Setup App,public/locales/{code}/translation.json,Setup App,Setup app,Setup app,Configurer l'application,Configurer l’application,App einrichten,App einrichten,Configurar aplicación,Configurar aplicación,アプリをセットアップ,アプリを設定,設定應用程式,設定應用程式,设置应用,设置应用,Configurar aplicação,Configurar aplicação,App instellen,App instellen,Konfigurera app,Konfigurera app,Configura app,Configura app,Налаштувати додаток,Налаштувати додаток,Настройка приложения,Настройка приложения,앱 설정,앱 설정,Uygulamayı kur,Uygulamayı kur,Not referenced by t() in app/; skip unless you still see it in UI
rewrite,P2,other,no,title-case,Shared Plan,public/locales/{code}/translation.json,Shared Plan,Shared plan,Shared plan,Plan partagé,Forfait partagé,Gemeinsamer Plan,Gemeinsamer Tarif,Plan compartido,Plan compartido,共有プラン,共有プラン,共享計劃,共享計劃,共享计划,共享计划,Plano Compartilhado,Plano Compartilhado,Gedeeld plan,Gedeeld plan,Delad plan,Delad plan,Piano condiviso,Piano condiviso,Спільний план,Спільний план,Общий план,Общий план,공유 계획,공유 계획,Paylaşımlı Plan,Paylaşımlı Plan,Not referenced by t() in app/; skip unless you still see it in UI
rewrite,P2,other,no,title-case,Soft CTA – Gentle encouragement,public/locales/{code}/translation.json,Soft CTA – Gentle encouragement,Soft CTA – gentle encouragement,Soft CTA – gentle encouragement,CTA doux – Encouragement délicat,CTA doux – encouragement léger,Sanfter CTA – Sanfte Ermutigung,Sanfter CTA – dezente Ermutigung,CTA suave – Estímulo amable,CTA suave – estímulo sutil,ソフト CTA – 穏やかな促し,ソフトCTA – やさしい後押し,軟 CTA – 溫柔的鼓勵,軟 CTA – 溫柔的鼓勵,弱引导 —— 自然引导用户进一步了解或考虑购买,弱引导 —— 自然引导用户进一步了解或考虑购买,CTA suave – Encorajamento delicado,CTA suave – Encorajamento delicado,Zachte CTA – Zachte aanmoediging,Zachte CTA – Zachte aanmoediging,Mjuk CTA – Mjuk uppmuntran,Mjuk CTA – Mjuk uppmuntran,CTA soft – Incoraggiamento delicato,CTA soft – Incoraggiamento delicato,М'який заклик до дії – Ніжне заохочення,М'який заклик до дії – Ніжне заохочення,Мягкий призыв к действию – мягкое поощрение,Мягкий призыв к действию – мягкое поощрение,부드러운 CTA – 부드러운 격려,부드러운 CTA – 부드러운 격려,Yumuşak CTA – Nazik teşvik,Yumuşak CTA – Nazik teşvik,Not referenced by t() in app/; skip unless you still see it in UI
rewrite,P2,other,no,title-case,Start Free Trial,public/locales/{code}/translation.json,Start Free Trial,Start free trial,Start free trial,Démarrer l'essai gratuit,Commencer l’essai gratuit,Kostenlose Testversion starten,Kostenlose Testversion starten,Comenzar prueba gratuita,Iniciar prueba gratuita,無料試用版を開始する,無料トライアルを開始,開始免費試用版,開始免費試用版,立即试用,立即试用,Iniciar prova gratuita,Iniciar prova gratuita,Gratis proefperiode starten,Gratis proefperiode starten,Starta gratis provperiod,Starta gratis provperiod,Inizia la prova gratuita,Inizia la prova gratuita,Почати безкоштовну пробну версію,Почати безкоштовну пробну версію,Начать бесплатную пробную версию,Начать бесплатную пробную версию,무료 체험 시작,무료 체험 시작,Ücretsiz deneyim başlat,Ücretsiz deneyim başlat,Not referenced by t() in app/; skip unless you still see it in UI
rewrite,P2,other,no,title-case,transLanguageCard2.button,public/locales/{code}/translation.json,Manage Language,Manage language,Manage language,Gérer la langue,Gérer la langue,Sprache verwalten,Sprache verwalten,Gestionar idioma,Gestionar idioma,言語を管理,言語を管理,管理語言,管理語言,管理语言,管理语言,Gerir idioma,Gerir idioma,Taal beheren,Taal beheren,Hantera språk,Hantera språk,Gestisci lingua,Gestisci lingua,Керувати мовою,Керувати мовою,Управление языками,Управление языками,언어 관리,언어 관리,Dili yönet,Dili yönet,Not referenced by t() in app/; skip unless you still see it in UI
rewrite,P2,other,no,title-case,Translate Settings,public/locales/{code}/translation.json,Translate Settings,Translate settings,Translate settings,Paramètres de traduction,Traduire les paramètres,Übersetzungseinstellungen,Einstellungen übersetzen,Configuración de traducción,Traducir configuración,翻訳設定,設定を翻訳,翻譯設定,翻譯設定,翻译设置,翻译设置,Definições de tradução,Definições de tradução,Vertaalinstellingen,Vertaalinstellingen,Översättningsinställningar,Översättningsinställningar,Impostazioni di traduzione,Impostazioni di traduzione,Налаштування перекладу,Налаштування перекладу,Настройка перевода,Настройка перевода,번역 설정,번역 설정,Çeviri ayarları,Çeviri ayarları,Not referenced by t() in app/; skip unless you still see it in UI
rewrite,P2,other,no,title-case,Translate Store,public/locales/{code}/translation.json,Start Store Translation,Start store translation,Start store translation,Démarrer la traduction de la boutique,Commencer la traduction de la boutique,Shop-Übersetzung starten,Shop-Übersetzung starten,Iniciar traducción de la tienda,Iniciar traducción de la tienda,ストア翻訳を開始,ストア翻訳を開始,開始商店翻譯,開始商店翻譯,翻译商店,翻译商店,Iniciar tradução da loja,Iniciar tradução da loja,Winkelvertaling starten,Winkelvertaling starten,Starta butiksöversättning,Starta butiksöversättning,Avvia traduzione del negozio,Avvia traduzione del negozio,Почати переклад магазину,Почати переклад магазину,Начать перевод магазина,Начать перевод магазина,스토어 번역 시작,스토어 번역 시작,Mağaza çevirisine başla,Mağaza çevirisine başla,Not referenced by t() in app/; skip unless you still see it in UI
rewrite,P2,other,no,title-case,Translation Exception,public/locales/{code}/translation.json,Translation Exception,Translation exception,Translation exception,Exception de traduction,Exception de traduction,Übersetzungsausnahme,Übersetzungsausnahme,Excepción de traducción,Excepción de traducción,翻訳例外,翻訳例外,翻譯例外,翻譯例外,翻译异常,翻译异常,Exceção de tradução,Exceção de tradução,Vertaaluitzondering,Vertaaluitzondering,Översättningsundantag,Översättningsundantag,Eccezione di traduzione,Eccezione di traduzione,Виняток перекладу,Виняток перекладу,Исключение перевода,Исключение перевода,번역 예외,번역 예외,Çeviri istisnası,Çeviri istisnası,Not referenced by t() in app/; skip unless you still see it in UI
rewrite,P2,other,no,title-case,Translation Quality Report,public/locales/{code}/translation.json,Translation Quality Report,Translation quality report,Translation quality report,Rapport sur la qualité de la traduction,Rapport sur la qualité de la traduction,Bericht zur Übersetzungsqualität,Bericht zur Übersetzungsqualität,Informe de calidad de la traducción,Informe de calidad de traducción,翻訳品質レポート,翻訳品質レポート,翻譯品質報告,翻譯品質報告,翻译质量报告,翻译质量报告,Relatório de Qualidade da Tradução,Relatório de Qualidade da Tradução,Rapport over vertaalkwaliteit,Rapport over vertaalkwaliteit,Rapport om översättningskvalitet,Rapport om översättningskvalitet,Rapporto sulla qualità della traduzione,Rapporto sulla qualità della traduzione,Звіт про якість перекладу,Звіт про якість перекладу,Отчет о качестве перевода,Отчет о качестве перевода,번역 품질 보고서,번역 품질 보고서,Çeviri Kalite Raporu,Çeviri Kalite Raporu,Not referenced by t() in app/; skip unless you still see it in UI
rewrite,P2,other,no,title-case,Try Premium Plan,public/locales/{code}/translation.json,Try Premium Plan,Try Premium plan,Try Premium plan,Essayer le plan Premium,Essayer le forfait Premium,Premium Plan testen,Premium-Tarif testen,Probar plan Premium,Probar el plan Premium,Premium プランを試す,Premiumプランを試す,嘗試高級計劃,嘗試高級計劃,试用Premium计划,试用Premium计划,Experimentar o plano Premium,Experimentar o plano Premium,Premium-plan proberen,Premium-plan proberen,Prova Premium-planen,Prova Premium-planen,Prova il Piano Premium,Prova il Piano Premium,Спробувати преміум план,Спробувати преміум план,Выберите тип,Выберите тип,프리미엄 플랜을 사용해 보세요,프리미엄 플랜을 사용해 보세요,Premium Plan'ı dene,Premium Plan'ı dene,Not referenced by t() in app/; skip unless you still see it in UI
rewrite,P2,other,no,title-case,Update Translation,public/locales/{code}/translation.json,Update Translation,Update translation,Update translation,Mettre à jour la traduction,Mettre à jour la traduction,Übersetzung aktualisieren,Übersetzung aktualisieren,Actualizar traducción,Actualizar traducción,翻訳を更新,翻訳を更新,更新翻譯,更新翻譯,增量翻译,增量翻译,Atualizar tradução,Atualizar tradução,Vertaling bijwerken,Vertaling bijwerken,Uppdatera översättning,Uppdatera översättning,Aggiorna traduzione,Aggiorna traduzione,Оновити переклад,Оновити переклад,Обновить перевод,Обновить перевод,번역 업데이트,번역 업데이트,Çeviriyi güncelle,Çeviriyi güncelle,Not referenced by t() in app/; skip unless you still see it in UI
rewrite,P2,other,no,title-case,userGuide.title,public/locales/{code}/translation.json,Learn How It Works,Learn how it works,Learn how it works,Découvrir le fonctionnement,Découvrez son fonctionnement,"Lernen Sie, wie es funktioniert",So funktioniert es,Aprenda cómo funciona,Descubre cómo funciona,使い方を学ぶ,使い方を見る,了解其工作原理,了解其工作原理,用户指南,用户指南,Saiba como funciona,Saiba como funciona,Ontdek hoe het werkt,Ontdek hoe het werkt,Lär dig hur det fungerar,Lär dig hur det fungerar,Scopri come funziona,Scopri come funziona,"Дізнайтеся, як це працює","Дізнайтеся, як це працює","Узнайте, как это работает","Узнайте, как это работает",작동 원리 알아보기,작동 원리 알아보기,Nasıl çalıştığını öğrenin,Nasıl çalıştığını öğrenin,Not referenced by t() in app/; skip unless you still see it in UI
rewrite,P2,other,no,needs-rewrite|awkward-phrasing,web Pixel not configured,public/locales/{code}/translation.json,web Pixel not configured,Web pixel not configured,Web pixel not configured,Pixel Web non configuré,Web pixel non configuré,Web-Pixel nicht konfiguriert,Web Pixel nicht konfiguriert,Píxel web no configurado,Web pixel no configurado,ウェブピクセルが設定されていません,Web pixel が設定されていません,未配置 Web Pixel,Web Pixel 未設定,未配置 Web Pixel,Web Pixel 未配置,web Pixel não configurado,Web Pixel não configurado,webpixel niet geconfigureerd,Webpixel niet geconfigureerd,webbpixeln är inte konfigurerad,Webbpixeln är inte konfigurerad,Pixel web non configurato,Web Pixel non configurato,Веб-піксель не налаштовано,Веб-піксель не налаштовано,веб-пиксель не настроен,Веб-пиксель не настроен,웹 픽셀이 구성되지 않았습니다,웹 픽셀이 구성되지 않았습니다,web Pikseli yapılandırılmadı,Web Pixel yapılandırılmadı,Not referenced by t() in app/; skip unless you still see it in UI
rewrite,P2,other,no,title-case,Your translation quota,public/locales/{code}/translation.json,Your Translation Balance,Your translation balance,Your translation balance,Votre solde de traduction,Solde de traduction,Ihr Übersetzungsguthaben,Übersetzungsguthaben,Su saldo de traducción,Saldo de traducción,翻訳残高,翻訳残高,您的翻譯餘額,您的翻譯餘額,您的翻译额度,您的翻译额度,O seu saldo de tradução,O seu saldo de tradução,Uw vertaaltegoed,Uw vertaaltegoed,Ditt översättningssaldo,Ditt översättningssaldo,Il tuo saldo traduzioni,Il tuo saldo traduzioni,Ваша квота перекладу,Ваша квота перекладу,Ваш переводческий баланс,Ваш переводческий баланс,번역 잔액,번역 잔액,Çeviri bakiyeniz,Çeviri bakiyeniz,Not referenced by t() in app/; skip unless you still see it in UI
rewrite,P2,switcher,no,title-case,Activate Switcher,public/locales/{code}/translation.json,Enable Switcher,Enable switcher,Enable switcher,Activer le sélecteur,Activer le sélecteur,Umschalter aktivieren,Umschalter aktivieren,Activar el selector,Activar selector,スイッチャーを有効にする,スイッチャーを有効化,啟用切換器,啟用切換器,启用切换器,启用切换器,Ativar o seletor,Ativar o seletor,Wisselaar inschakelen,Wisselaar inschakelen,Aktivera växlaren,Aktivera växlaren,Attiva il selettore,Attiva il selettore,Увімкнути перемикач,Увімкнути перемикач,Включить переключатель,Включить переключатель,스위처 활성화,스위처 활성화,Değiştiriciyi etkinleştir,Değiştiriciyi etkinleştir,Not referenced by t() in app/; skip unless you still see it in UI
rewrite,P2,switcher,no,needs-rewrite|title-case,Switcher Configuration Guide,public/locales/{code}/translation.json,Enable Storefront Switcher,Enable storefront switcher,Enable storefront switcher,Guide de configuration du sélecteur de langue et de devise,Activer le sélecteur de vitrine,Sprach- & Währungsumschalter-Setup-Anleitung,Storefront-Umschalter aktivieren,Guía de configuración del selector de idioma y moneda,Activar selector de la tienda,言語・通貨スイッチャー設定ガイド,ストアフロントスイッチャーを有効化,語言和貨幣轉換器設定指南,語言和貨幣轉換器設定指南,启用前台切换器,启用前台切换器,Guia de configuração do seletor de idioma e moeda,Guia de configuração do seletor de idioma e moeda,Handleiding voor taal- en valutawisselaar,Handleiding voor taal- en valutawisselaar,Konfigurationsguide för språk- och valutaväxlare,Konfigurationsguide för språk- och valutaväxlare,Guida alla configurazione del selettore lingua e valuta,Guida alla configurazione del selettore lingua e valuta,Посібник з налаштування перемикача мови та валюти,Посібник з налаштування перемикача мови та валюти,Руководство по настройке переключателя языка и валюты,Руководство по настройке переключателя языка и валюты,언어 및 통화 전환기 설정 가이드,언어 및 통화 전환기 설정 가이드,Dil ve para birimi değiştirici kurulum kılavuzu,Dil ve para birimi değiştirici kurulum kılavuzu,Not referenced by t() in app/; skip unless you still see it in UI
rewrite,P2,tasks,no,needs-rewrite|click-tap,v4.notice.quotaInsufficientPartial,public/locales/{code}/translation.json,Not enough credits. Some resources were translated and written back. Add credits and click Resume to continue.,Not enough credits. Some resources were translated and written back. Add credits and select Resume to continue.,Not enough credits. Some resources were translated and written back. Add credits and select Resume to continue.,Crédits insuffisants. Certaines ressources ont été traduites et écrites. Ajoutez des crédits et cliquez sur Reprendre pour continuer.,Pas assez de crédits. Certaines ressources ont été traduites et réécrites. Ajoutez des crédits et sélectionnez Reprendre pour continuer.,"Nicht genügend Credits. Einige Ressourcen wurden übersetzt und zurückgeschrieben. Credits hinzufügen und auf Fortsetzen klicken, um fortzufahren.","Nicht genügend Credits. Einige Ressourcen wurden übersetzt und zurückgeschrieben. Fügen Sie Credits hinzu und wählen Sie „Fortsetzen“, um fortzufahren.",No hay suficientes créditos. Algunos recursos se tradujeron y se escribieron. Añade créditos y pulsa Reanudar para continuar.,No hay suficientes créditos. Algunos recursos se tradujeron y se volvieron a escribir. Añade créditos y selecciona Reanudar para continuar.,クレジットが不足しています。一部のリソースは翻訳して書き戻しました。クレジットを追加し、「続行」をクリックして残りの翻訳を続けてください。,クレジットが不足しています。一部のリソースは翻訳され、書き戻されました。クレジットを追加し、「再開」を選択して続行してください。,額度不足，僅翻譯並寫回了部分資源。補充額度後點擊「繼續」可翻譯剩餘內容。,點數不足。部分資源已翻譯並寫回。新增點數並選擇「繼續」以繼續。,额度不足，仅翻译并写回了部分资源。补充额度后点击「继续」可翻译剩余内容。,积分不足。部分资源已翻译并写回。添加积分并选择“继续”以继续。,Créditos insuficientes. Alguns recursos foram traduzidos e gravados. Adicione créditos e clique em Retomar para continuar.,Créditos insuficientes. Alguns recursos foram traduzidos e gravados. Adicione créditos e selecione Retomar para continuar.,Onvoldoende credits. Sommige resources zijn vertaald en teruggeschreven. Voeg credits toe en klik op Hervatten om door te gaan.,Onvoldoende credits. Sommige resources zijn vertaald en teruggeschreven. Voeg credits toe en selecteer Hervatten om door te gaan.,Otillräckliga krediter. Vissa resurser har översatts och skrivits tillbaka. Lägg till krediter och klicka på Återuppta för att fortsätta.,Otillräckliga krediter. Vissa resurser har översatts och skrivits tillbaka. Lägg till krediter och välj Återuppta för att fortsätta.,Crediti insufficienti. Alcune risorse sono state tradotte e scritte. Aggiungi crediti e fai clic su Riprendi per continuare.,Crediti insufficienti. Alcune risorse sono state tradotte e riscritte. Aggiungi crediti e seleziona Riprendi per continuare.,"Недостатньо кредитів. Частину ресурсів перекладено й записано. Додайте кредити та натисніть «Продовжити», щоб перекласти решту.","Недостатньо кредитів. Деякі ресурси перекладено й записано назад. Додайте кредити та виберіть «Продовжити», щоб продовжити.","Недостаточно кредитов. Часть ресурсов переведена и записана. Добавьте кредиты и нажмите «Продолжить», чтобы перевести остальное.","Недостаточно кредитов. Некоторые ресурсы переведены и записаны обратно. Добавьте кредиты и выберите «Продолжить», чтобы продолжить.",크레딧이 부족합니다. 일부 리소스는 번역되어 반영되었습니다. 크레딧을 추가한 뒤 계속을 눌러 나머지 번역을 이어가세요.,크레딧이 부족합니다. 일부 리소스는 번역되어 반영되었습니다. 크레딧을 추가하고 계속하려면 재개를 선택하세요.,Yeterli kredi yok. Bazı kaynaklar çevrildi ve yazıldı. Kredi ekleyip Devam’a tıklayarak kalanları çevirmeye devam edin.,Yeterli kredi yok. Bazı kaynaklar çevrildi ve geri yazıldı. Kredi ekleyin ve devam etmek için Devam et’i seçin.,Not referenced by t() in app/; skip unless you still see it in UI
review,P0,create-task,yes,style-review,v4.createTask.confirmBuyCreditsAndStart,public/locales/{code}/translation.json,Buy credits and start full task,,,Acheter des crédits et commencer la tâche complète,,Credits kaufen und vollständige Aufgabe starten,,Comprar créditos e iniciar tarea completa,,クレジットを購入して完全なタスクを開始,,購買點數並開始完整任務,,购买积分并完整启动,,Comprar créditos e iniciar tarefa completa,,Koop credits en start volledige taak,,Köp credits och starta hela uppgiften,,Acquista crediti e avvia attività completa,,Купити кредити та почати повне завдання,,Купить кредиты и начать полную задачу,,크레딧 구매 및 전체 작업 시작,,Kredi satın al ve tam görevi başlat,,
review,P0,create-task,yes,style-review,v4.createTask.confirmBuyCreditsOnly,public/locales/{code}/translation.json,Buy credits,,,Acheter des crédits,,Credits kaufen,,Comprar créditos,,クレジットを購入,,購買積分,,购买积分,,Comprar créditos,,Credits kopen,,Köp krediter,,Acquista crediti,,Купити кредити,,Купить кредит,,크레딧 구매,,Kredi satın al,,
review,P0,create-task,yes,style-review,v4.createTask.confirmStartNow,public/locales/{code}/translation.json,Start translation,,,Commencer la traduction,,Übersetzung starten,,Iniciar traducción,,翻訳を開始,,開始翻譯,,启动翻译,,Iniciar tradução,,Start vertaling,,Starta översättning,,Avvia traduzione,,Почати переклад,,Начать перевод,,번역 시작,,Çeviriyi başlat,,
review,P0,create-task,yes,style-review,v4.createTask.confirmStartPartial,public/locales/{code}/translation.json,Start covered part first,,,Commencer d'abord la partie couverte,,Zuerst abgedeckten Teil starten,,Iniciar parte cubierta primero,,カバーされた部分を先に開始,,先開始已覆蓋的部分,,先翻译可覆盖部分,,Iniciar parte coberta primeiro,,Start eerst het gedekte deel,,Starta täckt del först,,Avvia prima la parte coperta,,Спочатку почати покриту частину,,Сначала начать покрытую часть,,적용된 부분 먼저 시작,,Önce kapsanan kısmı başlat,,
review,P0,create-task,yes,style-review,v4.createTask.confirmTrialAndStart,public/locales/{code}/translation.json,Start free trial,,,Commencer l'essai gratuit,,Kostenlose Testversion starten,,Iniciar prueba gratuita,,無料トライアルを開始,,開始免費試用,,开启免费试用,,Iniciar teste gratuito,,Start gratis proefversie,,Starta gratis testversion,,Avvia prova gratuita,,Почати безкоштовну пробну версію,,Начать бесплатную пробную версию,,무료 체험 시작,,Ücretsiz denemeyi başlat,,
review,P0,home,yes,style-review,v4Mvp.coverageCard.title,public/locales/{code}/translation.json,Overall store translation status,,,Statut global de traduction de la boutique,,Gesamtstatus der Shop-Übersetzung,,Estado general de traducción de la tienda,,ストア翻訳全体のステータス,,商店整體翻譯狀態,,商店整体翻译情况,,Estado geral da tradução da loja,,Algehele vertaalstatus van de winkel,,Övergripande översättningsstatus för butiken,,Stato complessivo della traduzione del negozio,,Загальний статус перекладу магазину,,Общий статус перевода магазина,,전체 스토어 번역 상태,,Genel mağaza çeviri durumu,,
review,P0,home,yes,style-review,v4Mvp.custom.title,public/locales/{code}/translation.json,Batch translation,,,Traduction par lots,,Stapelübersetzung,,Traducción masiva,,一括翻訳,,批次翻譯,,批量翻译,,Tradução em lote,,Batchvertaling,,Batchöversättning,,Traduzione batch,,Пакетний переклад,,Пакетный перевод,,일괄 번역,,Toplu çeviri,,
review,P0,home,yes,style-review,v4Mvp.custom.translate,public/locales/{code}/translation.json,Start translation,,,Démarrer la traduction,,Übersetzung starten,,Iniciar traducción,,翻訳を開始,,開始翻譯,,开始翻译,,Iniciar tradução,,Vertaling starten,,Starta översättning,,Avvia traduzione,,Почати переклад,,Начать перевод,,번역 시작,,Çeviriyi başlat,,
review,P0,home,yes,style-review,v4Mvp.recommended.emptyDescription,public/locales/{code}/translation.json,There are no pending translation tasks right now. You can still open custom translation and choose the languages and scope yourself.,,,Il n'y a aucune tâche de traduction en attente pour le moment. Vous pouvez toujours ouvrir la traduction personnalisée et choisir vous-même les langues et la portée.,,Es gibt derzeit keine ausstehenden Übersetzungsaufgaben. Sie können dennoch eine benutzerdefinierte Übersetzung öffnen und Sprachen und Umfang selbst wählen.,,No hay tareas de traducción pendientes en este momento. Puedes abrir la traducción personalizada y elegir los idiomas y el alcance tú mismo.,,現在、保留中の翻訳タスクはありません。カスタム翻訳を開いて、言語と範囲を自分で選択することもできます。,,目前沒有待處理的翻譯任務。您仍可開啟自訂翻譯，自行選擇語言和範圍。,,当前没有需要处理的翻译任务。你也可以直接进入自定义翻译，自行选择语言和翻译范围。,,Não há tarefas de tradução pendentes neste momento. Ainda pode abrir a tradução personalizada e escolher os idiomas e o âmbito.,,Er zijn nu geen openstaande vertaaltaken. Je kunt nog steeds aangepaste vertaling openen en zelf de talen en het bereik kiezen.,,Det finns inga väntande översättningsuppgifter just nu. Du kan fortfarande öppna anpassad översättning och välja språk och omfattning själv.,,Non ci sono attività di traduzione in sospeso in questo momento. Puoi comunque aprire la traduzione personalizzata e scegliere tu stesso lingue e ambito.,,"Зараз немає завдань на переклад, які очікують виконання. Ви можете відкрити довільний переклад і самостійно обрати мови й обсяг.",,Сейчас нет ожидающих задач на перевод. Вы можете открыть настраиваемый перевод и самостоятельно выбрать языки и область.,,현재 대기 중인 번역 작업이 없습니다. 사용자 지정 번역을 열고 언어와 범위를 직접 선택할 수 있습니다.,,Şu anda bekleyen çeviri görevi yok. Yine de özel çeviriyi açabilir ve dilleri ile kapsamı kendiniz seçebilirsiniz.,,
review,P0,home,yes,style-review,v4Mvp.tabs.queue,public/locales/{code}/translation.json,Task list ({{count}}),,,Liste des tâches ({{count}}),,Aufgabenliste ({{count}}),,Lista de tareas ({{count}}),,タスク一覧 ({{count}}),,工作清單（{{count}}）,,任务列表（{{count}}）,,Lista de tarefas ({{count}}),,Takenlijst ({{count}}),,Uppgiftslista ({{count}}),,Elenco attività ({{count}}),,Список завдань ({{count}}),,Список задач ({{count}}),,작업 목록 ({{count}}),,Görev listesi ({{count}}),,
review,P0,home,yes,style-review,v4Mvp.themeExtension.enable,public/locales/{code}/translation.json,Enable in theme,,,Activer dans le thème,,Im Theme aktivieren,,Activar en el tema,,テーマで有効にする,,在主題中啟用,,在主题中启用,,Ativar no tema,,Inschakelen in thema,,Aktivera i temat,,Attiva nel tema,,Увімкнути в темі,,Включить в теме,,테마에서 사용,,Temada etkinleştir,,
review,P0,home,yes,style-review,v4Mvp.themeExtension.title,public/locales/{code}/translation.json,Storefront language switcher,,,Sélecteur de langue de la vitrine,,Storefront-Sprachumschalter,,Selector de idioma de la tienda,,ストアフロントの言語スイッチャー,,店面語言切換器,,店面语言切换器,,Seletor de idioma da loja,,Taalwisselaar in de winkel,,Språkväxlare i butiken,,Selettore di lingua della vetrina,,Мовний перемикач вітрини,,Языковой переключатель витрины,,스토어프론트 언어 스위처,,Vitrin dil değiştiricisi,,
review,P0,home-setup-guide,yes,style-review,v4Mvp.setupGuide.dismiss,public/locales/{code}/translation.json,Dismiss setup guide,,,Fermer le guide de configuration,,Einrichtungsleitfaden schließen,,Cerrar la guía de configuración,,セットアップガイドを閉じる,,關閉新手指引,,关闭新手指引,,Fechar o guia de configuração,,Installatiegids sluiten,,Stäng installationsguiden,,Chiudi la guida di configurazione,,Закрити посібник із налаштування,,Закрыть руководство по настройке,,설정 가이드 닫기,,Kurulum kılavuzunu kapat,,
review,P0,home-setup-guide,yes,style-review,v4Mvp.setupGuide.glossary.description,public/locales/{code}/translation.json,Add a glossary rule before translating so brand terms stay consistent.,,,Ajoutez une règle au glossaire avant de traduire pour garder les termes de marque cohérents.,,"Füge vor dem Übersetzen eine Glossarregel hinzu, damit Markenbegriffe einheitlich bleiben.",,Añade una regla al glosario antes de traducir para mantener coherentes los términos de marca.,,翻訳前に用語集ルールを追加して、ブランド用語を統一しましょう。,,翻譯前先新增詞彙規則，保持品牌用詞一致。,,翻译前先添加术语规则，保持品牌用词一致。,,Adicione uma regra ao glossário antes de traduzir para manter os termos da marca consistentes.,,Voeg voor het vertalen een woordenlijstregel toe zodat merknamen consistent blijven.,,Lägg till en ordlistregel före översättning så att varumärkestermer förblir konsekventa.,,Aggiungi una regola al glossario prima di tradurre per mantenere coerenti i termini del brand.,,"Перед перекладом додайте правило до глосарія, щоб терміни бренду залишалися узгодженими.",,"Перед переводом добавьте правило в глоссарий, чтобы термины бренда оставались единообразными.",,번역하기 전에 용어집 규칙을 추가해 브랜드 용어를 일관되게 유지하세요.,,Marka terimlerinin tutarlı kalması için çevirmeden önce terim sözlüğüne bir kural ekleyin.,,
review,P0,home-setup-guide,yes,style-review,v4Mvp.setupGuide.glossary.step1,public/locales/{code}/translation.json,"Before translating, add a rule to the glossary.",,,"Avant de traduire, ajoutez une règle au glossaire.",,Füge vor dem Übersetzen eine Regel zum Glossar hinzu.,,"Antes de traducir, añade una regla al glosario.",,翻訳する前に、用語集にルールを追加します。,,翻譯之前，在詞彙表新增一條規則。,,翻译之前，在术语表添加一条规则。,,"Antes de traduzir, adicione uma regra ao glossário.",,Voeg voor het vertalen een regel toe aan de woordenlijst.,,Lägg till en regel i ordlistan innan du översätter.,,"Prima di tradurre, aggiungi una regola al glossario.",,Перед перекладом додайте правило до глосарія.,,Перед переводом добавьте правило в глоссарий.,,번역하기 전에 용어집에 규칙을 추가하세요.,,Çevirmeden önce terim sözlüğüne bir kural ekleyin.,,
review,P0,home-setup-guide,yes,style-review,v4Mvp.setupGuide.progress,public/locales/{code}/translation.json,{{completed}} / {{total}} completed,,,{{completed}} / {{total}} terminé,,{{completed}} / {{total}} abgeschlossen,,{{completed}} / {{total}} completado,,{{completed}} / {{total}} 完了,,已完成 {{completed}} / {{total}},,已完成 {{completed}} / {{total}},,{{completed}} / {{total}} concluído,,{{completed}} / {{total}} voltooid,,{{completed}} / {{total}} slutfört,,{{completed}} / {{total}} completato,,{{completed}} / {{total}} виконано,,{{completed}} / {{total}} выполнено,,{{completed}} / {{total}} 완료,,{{completed}} / {{total}} tamamlandı,,
review,P0,home-setup-guide,yes,style-review,v4Mvp.setupGuide.thirdParty.description,public/locales/{code}/translation.json,Activate the language switcher in your theme and translate third-party Liquid text.,,,Activez le sélecteur de langue dans votre thème et traduisez le texte Liquid des applications tierces.,,Aktiviere den Sprachumschalter im Theme und übersetze Liquid-Text von Drittanbieter-Apps.,,Activa el selector de idioma en tu tema y traduce el texto Liquid de apps de terceros.,,テーマで言語スイッチャーを有効にし、サードパーティの Liquid テキストを翻訳します。,,在主題中啟用語言切換器，並翻譯第三方 Liquid 文字。,,在主题中激活语言切换器，并翻译第三方 Liquid 文本。,,Ative o seletor de idioma no tema e traduza o texto Liquid de aplicações de terceiros.,,Activeer de taalswitcher in je thema en vertaal Liquid-tekst van apps van derden.,,Aktivera språkväxlaren i temat och översätt Liquid-text från tredjepartsappar.,,Attiva il selettore di lingua nel tema e traduci il testo Liquid delle app di terze parti.,,Активуйте мовний перемикач у темі та перекладіть Liquid-текст сторонніх додатків.,,Активируйте языковой переключатель в теме и переведите Liquid-текст сторонних приложений.,,테마에서 언어 스위처를 활성화하고 타사 Liquid 텍스트를 번역하세요.,,Temanızda dil değiştiricisini etkinleştirin ve üçüncü taraf Liquid metnini çevirin.,,
review,P0,home-setup-guide,yes,style-review,v4Mvp.setupGuide.thirdParty.step1,public/locales/{code}/translation.json,Activate the switcher in the theme.,,,Activez le sélecteur dans le thème.,,Aktiviere den Umschalter im Theme.,,Activa el selector en el tema.,,テーマでスイッチャーを有効にします。,,在主題內啟用切換器。,,在主题内激活切换器。,,Ative o seletor no tema.,,Activeer de wisselaar in het thema.,,Aktivera växlaren i temat.,,Attiva il selettore nel tema.,,Активуйте перемикач у темі.,,Активируйте переключатель в теме.,,테마에서 스위처를 활성화하세요.,,Temada değiştiriciyi etkinleştirin.,,
review,P0,home-setup-guide,yes,style-review,v4Mvp.setupGuide.translate.step2,public/locales/{code}/translation.json,Select languages and translation modules.,,,Sélectionnez les langues et les modules de traduction.,,Wähle Sprachen und Übersetzungsmodule.,,Selecciona idiomas y módulos de traducción.,,言語と翻訳モジュールを選択します。,,選擇語言、翻譯模組。,,选择语言、翻译模块。,,Selecione idiomas e módulos de tradução.,,Selecteer talen en vertaalmodules.,,Välj språk och översättningsmoduler.,,Seleziona lingue e moduli di traduzione.,,Виберіть мови та модулі перекладу.,,Выберите языки и модули перевода.,,언어와 번역 모듈을 선택하세요.,,Dilleri ve çeviri modüllerini seçin.,,
review,P0,nav,yes,style-review,Currency,public/locales/{code}/translation.json,Currency,,,Devise,,Währung,,Moneda,,通貨,,貨幣,,货币,,Moeda,,Valuta,,Valuta,,Valuta,,Валюта,,Валюта,,통화,,Para Birimi,,
review,P0,nav,yes,style-review,Glossary,public/locales/{code}/translation.json,Glossary,,,Glossaire,,Glossar,,Glosario,,用語集,,詞彙表,,术语表,,Glossário,,Woordenlijst,,Ordlista,,Glossario,,Глосарій,,Глоссарий,,어휘,,Terim sözlüğü,,
review,P0,nav,yes,style-review,Language,public/locales/{code}/translation.json,Language,,,Langue,,Sprache,,Idioma,,言語,,語言,,语言,,Idioma,,Taal,,Språk,,Lingua,,Мова,,Язык,,언어,,Dil,,
review,P0,nav,yes,style-review,Pricing,public/locales/{code}/translation.json,Pricing,,,Tarifs,,Preisgestaltung,,Precios,,料金,,定價,,定价,,Preços,,Prijzen,,Prissättning,,Prezzi,,Ціноутворення,,Ценообразование,,가격,,Fiyatlandırma,,
review,P0,pricing,yes,style-review,v4.quotaGate.pricingTitle,public/locales/{code}/translation.json,Your credits are empty. Upgrade to keep translations moving,,,Vos crédits sont épuisés. Passez à un forfait supérieur pour continuer à traduire,,"Ihre Credits sind aufgebraucht. Upgraden Sie, um weiter zu übersetzen",,Sus créditos se han agotado. Actualice su plan para seguir traduciendo,,クレジットが不足しています。プランをアップグレードして翻訳を続けましょう,,積分已用完，升級方案以繼續翻譯,,积分已用完，升级套餐以继续翻译,,Os seus créditos acabaram. Atualize o plano para continuar a traduzir,,Uw credits zijn op. Upgrade uw plan om door te gaan met vertalen,,Dina krediter är slut. Uppgradera för att fortsätta översätta,,I crediti sono esauriti. Aggiorna il piano per continuare a tradurre,,"Кредити закінчилися. Оновіть тариф, щоб продовжити переклад",,"Кредиты закончились. Обновите тариф, чтобы продолжить перевод",,크레딧이 부족합니다. 플랜을 업그레이드하여 번역을 계속하세요,,Kredileriniz bitti. Çeviriye devam etmek için planı yükseltin,,
review,P1,create-task,yes,style-review,v4.create.createdBelow,public/locales/{code}/translation.json,You can track progress in the task list below.,,,Vous pouvez suivre la progression dans la liste des tâches ci-dessous.,,Sie können den Fortschritt in der Aufgabenliste unten verfolgen.,,Puede seguir el progreso en la lista de tareas de abajo.,,下のタスク一覧で進捗を確認できます。,,您可以在下方工作清單中查看進度。,,你可以在下方任务列表查看进度。,,Pode acompanhar o progresso na lista de tarefas abaixo.,,U kunt de voortgang volgen in de takenlijst hieronder.,,Du kan följa förloppet i uppgiftslistan nedan.,,Puoi seguire il progresso nell'elenco attività sotto.,,Прогрес можна відстежувати у списку завдань нижче.,,Прогресс можно отслеживать в списке задач ниже.,,아래 작업 목록에서 진행 상황을 확인할 수 있습니다.,,İlerlemeyi aşağıdaki görev listesinden takip edebilirsiniz.,,
review,P1,create-task,yes,style-review,v4.create.draftRestored,public/locales/{code}/translation.json,Your previous translation selections were restored. Review and start when ready.,,,Vos sélections de traduction précédentes ont été restaurées. Vérifiez-les et lancez quand vous êtes prêt.,,"Ihre vorherigen Übersetzungsauswahlen wurden wiederhergestellt. Prüfen Sie sie und starten Sie, wenn Sie bereit sind.",,Se restauraron tus selecciones de traducción anteriores. Revísalas y empieza cuando quieras.,,以前の翻訳選択が復元されました。内容を確認し、準備ができたら開始してください。,,已恢復你之前的翻譯選項，確認後即可建立任務。,,已恢复你之前的翻译选项，确认后即可创建任务。,,As tuas seleções de tradução anteriores foram restauradas. Revisa e inicia quando estiveres pronto.,,Je eerdere vertaalkeuzes zijn hersteld. Controleer ze en start wanneer je klaar bent.,,Dina tidigare översättningsval har återställts. Granska och starta när du är redo.,,Le selezioni di traduzione precedenti sono state ripristinate. Controllale e avvia quando sei pronto.,,"Ваш попередній вибір для перекладу відновлено. Перевірте та запустіть, коли будете готові.",,"Ваш предыдущий выбор для перевода восстановлен. Проверьте и запустите, когда будете готовы.",,이전 번역 선택 항목이 복원되었습니다. 확인 후 준비가 되면 시작하세요.,,Önceki çeviri seçimleriniz geri yüklendi. İnceleyin ve hazır olduğunuzda başlatın.,,
review,P1,create-task,yes,style-review,v4.create.failed,public/locales/{code}/translation.json,Failed to create,,,Échec de la création,,Erstellung fehlgeschlagen,,No se pudo crear,,作成に失敗しました,,建立失敗,,创建失败,,Falha ao criar,,Aanmaken mislukt,,Det gick inte att skapa,,Creazione non riuscita,,Не вдалося створити,,Не удалось создать,,생성에 실패했습니다,,Oluşturma başarısız oldu,,
review,P1,create-task,yes,style-review,v4.create.partialSuccess,public/locales/{code}/translation.json,"Created {{created}}, failed {{failed}}",,,"{{created}} créée(s), {{failed}} échouée(s)",,"{{created}} erstellt, {{failed}} fehlgeschlagen",,"{{created}} creada(s), {{failed}} fallida(s)",,{{created}}件作成、{{failed}}件失敗,,已建立 {{created}} 項，失敗 {{failed}} 項,,已创建 {{created}} 个，失败 {{failed}} 个,,"{{created}} criada(s), {{failed}} falhada(s)",,"{{created}} aangemaakt, {{failed}} mislukt",,"{{created}} skapade, {{failed}} misslyckades",,"{{created}} create, {{failed}} non riuscite",,"Створено: {{created}}, помилок: {{failed}}",,"Создано: {{created}}, ошибок: {{failed}}",,"{{created}}개 생성됨, {{failed}}개 실패",,"{{created}} oluşturuldu, {{failed}} başarısız",,
review,P1,create-task,yes,style-review,v4.create.quotaUnavailable,public/locales/{code}/translation.json,Unable to verify your credits. Please try again in a moment.,,,Impossible de vérifier vos crédits. Veuillez réessayer dans un instant.,,Credits konnten nicht überprüft werden. Bitte versuchen Sie es in einem Moment erneut.,,No se pudieron verificar sus créditos. Inténtelo de nuevo en un momento.,,クレジットを確認できません。しばらくしてから再試行してください。,,目前無法驗證您的額度，請稍後再試。,,暂时无法校验你的积分，请稍后再试。,,Não foi possível verificar os seus créditos. Tente novamente dentro de instantes.,,Kan uw credits niet verifiëren. Probeer het over een moment opnieuw.,,Det går inte att verifiera dina krediter just nu. Försök igen om en stund.,,Impossibile verificare i crediti. Riprova tra un momento.,,Не вдалося перевірити ваші кредити. Спробуйте ще раз за мить.,,Не удалось проверить ваши кредиты. Повторите попытку через некоторое время.,,크레딧을 확인할 수 없습니다. 잠시 후 다시 시도해 주세요.,,Kredileriniz doğrulanamadı. Lütfen birazdan tekrar deneyin.,,
review,P1,create-task,yes,style-review,v4.create.taskQueued,public/locales/{code}/translation.json,Task created; worker will start shortly,,,Tâche créée ; le worker démarrera sous peu,,Aufgabe erstellt; Worker startet in Kürze,,Tarea creada; el worker comenzará en breve,,タスクが作成されました。まもなくワーカーが開始します,,工作已建立，Worker 即將開始處理,,任务已创建，worker 即将开始处理,,Tarefa criada; o worker será iniciado em breve,,Taak aangemaakt; de worker start binnenkort,,Uppgift skapad; workern startar inom kort,,Attività creata; il worker inizierà a breve,,Завдання створено; воркер скоро розпочне роботу,,Задача создана; воркер скоро начнёт работу,,작업이 생성되었습니다. 워커가 곧 시작됩니다,,Görev oluşturuldu; worker kısa süre içinde başlayacak,,
review,P1,create-task,yes,style-review,v4.create.tasksQueued,public/locales/{code}/translation.json,{{count}} translation tasks created,,,{{count}} tâches de traduction créées,,{{count}} Übersetzungsaufgaben erstellt,,{{count}} tareas de traducción creadas,,{{count}}件の翻訳タスクを作成しました,,已建立 {{count}} 項翻譯工作,,已创建 {{count}} 个翻译任务,,{{count}} tarefas de tradução criadas,,{{count}} vertaaltaken aangemaakt,,{{count}} översättningsuppgifter skapade,,{{count}} attività di traduzione create,,Створено завдань перекладу: {{count}},,Создано задач перевода: {{count}},,번역 작업 {{count}}개가 생성되었습니다,,{{count}} çeviri görevi oluşturuldu,,
review,P1,create-task,yes,style-review,v4.createTask.advancedSettings,public/locales/{code}/translation.json,Advanced settings,,,Paramètres avancés,,Erweiterte Einstellungen,,Ajustes avanzados,,詳細設定,,進階設定,,高级设置,,Definições avançadas,,Geavanceerde instellingen,,Avancerade inställningar,,Impostazioni avanzate,,Розширені налаштування,,Расширенные настройки,,고급 설정,,Gelişmiş ayarlar,,
review,P1,create-task,yes,style-review,v4.createTask.aiModel,public/locales/{code}/translation.json,AI model,,,Modèle IA,,KI-Modell,,Modelo de IA,,AIモデル,,AI 模型,,AI 模型,,Modelo de IA,,AI-model,,AI-modell,,Modello IA,,Модель ШІ,,Модель ИИ,,AI 모델,,Yapay zeka modeli,,
review,P1,create-task,yes,style-review,v4.createTask.confirmCompactList,public/locales/{code}/translation.json,{{count}} selected · {{items}},,,{{count}} sélectionné(s) · {{items}},,{{count}} ausgewählt · {{items}},,{{count}} seleccionados · {{items}},,{{count}}件選択中 · {{items}},,已選取 {{count}} 項 · {{items}},,已选 {{count}} 项：{{items}},,{{count}} selecionados · {{items}},,{{count}} geselecteerd · {{items}},,{{count}} valda · {{items}},,{{count}} selezionati · {{items}},,{{count}} вибрано · {{items}},,{{count}} выбрано · {{items}},,{{count}}개 선택됨 · {{items}},,{{count}} seçildi · {{items}},,
review,P1,create-task,yes,style-review,v4.createTask.confirmCompactListEmpty,public/locales/{code}/translation.json,Nothing selected,,,Aucune sélection,,Nichts ausgewählt,,Nada seleccionado,,選択なし,,未選取任何項目,,未选择,,Nada selecionado,,Niets geselecteerd,,Inget valt,,Nessuna selezione,,Нічого не вибрано,,Ничего не выбрано,,선택된 항목 없음,,Hiçbir şey seçilmedi,,
review,P1,create-task,yes,style-review,v4.createTask.confirmCompactListMore,public/locales/{code}/translation.json,"{{count}} selected, including: {{items}}, plus {{more}} more",,,"{{count}} sélectionné(s), dont : {{items}}, plus {{more}} autres",,"{{count}} ausgewählt, einschließlich: {{items}}, plus {{more}} weitere",,"{{count}} seleccionados, incluyendo: {{items}}, y {{more}} más",,{{count}}件選択中（{{items}}を含む、他{{more}}件）,,已選取 {{count}} 項，包括：{{items}}，以及另外 {{more}} 項,,已选 {{count}} 项，其中：{{items}}，另 {{more}} 项,,"{{count}} selecionados, incluindo: {{items}}, e mais {{more}}",,"{{count}} geselecteerd, waaronder: {{items}}, plus {{more}} meer",,"{{count}} valda, inklusive: {{items}}, plus {{more}} till",,"{{count}} selezionati, inclusi: {{items}}, più altri {{more}}",,"{{count}} вибрано, зокрема: {{items}}, ще {{more}}",,"{{count}} выбрано, включая: {{items}}, и ещё {{more}}",,"{{count}}개 선택됨, 포함: {{items}}, 외 {{more}}개 더",,"{{count}} seçildi, dahil: {{items}}, artı {{more}} daha",,
review,P1,create-task,yes,style-review,v4.createTask.confirmCreditsAvailable,public/locales/{code}/translation.json,Available,,,Disponible,,Verfügbar,,Disponible,,利用可能,,可用,,当前可用,,Disponível,,Beschikbaar,,Tillgängligt,,Disponibili,,Доступно,,Доступно,,사용 가능,,Mevcut,,
review,P1,create-task,yes,style-review,v4.createTask.confirmCreditsRequired,public/locales/{code}/translation.json,Required,,,Requis,,Erforderlich,,Requerido,,必要,,所需,,预计消耗,,Necessário,,Vereist,,Krävs,,Richiesti,,Необхідно,,Требуется,,필요,,Gerekli,,
review,P1,create-task,yes,style-review,v4.createTask.confirmEstimateComputing,public/locales/{code}/translation.json,Calculating...,,,Calcul en cours...,,Berechnung läuft…,,Calculando...,,計算中...,,計算中...,,计算中……,,A calcular...,,Berekenen...,,Beräknar...,,Calcolo in corso...,,Обчислення...,,Расчёт...,,계산 중...,,Hesaplanıyor...,,
review,P1,create-task,yes,style-review,v4.createTask.confirmEstimateExactHint,public/locales/{code}/translation.json,This is only an upper-bound estimate. Actual billing is based on translation usage.,,,Ceci n'est qu'une estimation maximale. La facturation réelle est basée sur l'utilisation de la traduction.,,Dies ist nur eine Obergrenzenschätzung. Die tatsächliche Abrechnung basiert auf der Übersetzungsnutzung.,,Esto es solo una estimación máxima. La facturación real se basa en el uso de traducción.,,これは上限の見積もりです。実際の請求は翻訳の使用量に基づきます。,,這僅為上限預估值。實際費用依翻譯用量計算。,,仅为上限预估，实际扣费以翻译消耗为准。,,Esta é apenas uma estimativa máxima. A cobrança real é baseada no uso da tradução.,,Dit is slechts een bovengrens schatting. De werkelijke facturering is gebaseerd op vertaalgebruik.,,Detta är endast en övre gräns. Faktisk debitering baseras på översättningsanvändning.,,Questa è solo una stima massima. La fatturazione effettiva si basa sull'utilizzo della traduzione.,,Це лише верхня межа оцінки. Фактична оплата базується на використанні перекладу.,,Это только верхняя оценка. Фактическое списание основано на использовании перевода.,,이것은 상한 추정치일 뿐입니다. 실제 청구는 번역 사용량에 따라 결정됩니다.,,Bu yalnızca üst sınır tahminidir. Gerçek faturalandırma çeviri kullanımına dayanır.,,
review,P1,create-task,yes,style-review,v4.createTask.confirmEstimatePanelTitle,public/locales/{code}/translation.json,Credits,,,Crédits,,Credits,,Créditos,,クレジット,,點數,,积分信息,,Créditos,,Credits,,Krediter,,Crediti,,Кредити,,Кредиты,,크레딧,,Krediler,,
review,P1,create-task,yes,style-review,v4.createTask.confirmNoCreditsTitle,public/locales/{code}/translation.json,Not enough credits,,,"Crédits insuffisants, achetez-en plus pour continuer",,"Credits reichen nicht aus, kaufen Sie mehr, um fortzufahren",,"Los créditos no son suficientes, compra más para continuar",,クレジットが不足しています。続行するには購入してください,,點數不足，請購買更多點數以繼續,,积分不足，购买积分后继续,,"Créditos insuficientes, compre mais para continuar",,"Credits zijn niet genoeg, koop meer om door te gaan",,"Krediterna räcker inte, köp fler för att fortsätta",,"Crediti insufficienti, acquista altri per continuare",,"Кредитів недостатньо, придбайте більше, щоб продовжити",,"Кредитов недостаточно, купите больше, чтобы продолжить",,크레딧이 부족합니다. 계속하려면 더 구매하세요.,,"Krediler yetersiz, devam etmek için daha fazla satın alın",,
review,P1,create-task,yes,style-review,v4.createTask.confirmPaidOfferDesc,public/locales/{code}/translation.json,"Buy more credits if you want to complete the full task now, or start the covered part with the current balance first.",,,"Achetez plus de crédits si vous souhaitez terminer la tâche complète maintenant, ou commencez d'abord la partie couverte avec le solde actuel.",,"Kaufen Sie mehr Credits, wenn Sie die vollständige Aufgabe jetzt abschließen möchten, oder starten Sie zuerst den abgedeckten Teil mit dem aktuellen Guthaben.",,"Compre más créditos si desea completar la tarea completa ahora, o inicie la parte cubierta con el saldo actual primero.",,今すぐ完全なタスクを完了したい場合はクレジットを追加購入するか、現在の残高でカバーされた部分を先に開始してください。,,若想立即完成完整任務，請購買更多點數，或先以目前餘額開始已覆蓋的部分。,,如果希望完整翻译本次任务，可以先补充积分；如果想现在开始，也可以先翻译当前积分可覆盖的部分。,,"Compre mais créditos se quiser concluir a tarefa completa agora, ou inicie a parte coberta com o saldo atual primeiro.",,"Koop meer credits als u de volledige taak nu wilt voltooien, of start eerst het gedekte deel met het huidige saldo.",,"Köp fler credits om du vill slutföra hela uppgiften nu, eller starta den täckta delen med nuvarande saldo först.",,"Acquista più crediti se vuoi completare l'attività completa ora, oppure avvia prima la parte coperta con il saldo attuale.",,"Купіть більше кредитів, якщо хочете завершити повне завдання зараз, або спочатку почніть покриту частину з поточним балансом.",,"Купите больше кредитов, если хотите завершить полную задачу сейчас, или сначала начните покрытую часть с текущим балансом.",,"지금 전체 작업을 완료하려면 크레딧을 더 구매하거나, 현재 잔액으로 적용된 부분을 먼저 시작하세요.",,Şimdi tam görevi tamamlamak istiyorsanız daha fazla kredi satın alın veya mevcut bakiye ile önce kapsanan kısmı başlatın.,,
review,P1,create-task,yes,style-review,v4.createTask.confirmPaidOfferTitle,public/locales/{code}/translation.json,Paid plan is already active,,,Le forfait payant est déjà actif,,Bezahlter Plan ist bereits aktiv,,El plan de pago ya está activo,,有料プランはすでに有効です,,付費方案已啟用,,已订阅付费计划,,Plano pago já está ativo,,Betaald abonnement is al actief,,Betald plan är redan aktiv,,Piano a pagamento già attivo,,Платний план вже активний,,Платный план уже активен,,유료 플랜이 이미 활성화되어 있습니다,,Ücretli plan zaten aktif,,
review,P1,create-task,yes,style-review,v4.createTask.confirmPartialTitle,public/locales/{code}/translation.json,Not enough credits — part can still start,,,"Crédits insuffisants, mais une partie de la tâche peut démarrer",,"Credits reichen nicht aus, aber ein Teil der Aufgabe kann trotzdem gestartet werden",,"Los créditos no son suficientes, pero parte de la tarea puede iniciarse",,クレジットが不足していますが、タスクの一部は開始できます,,點數不足，但部分任務仍可開始,,积分不足，可先翻译部分内容,,"Créditos insuficientes, mas parte da tarefa ainda pode ser iniciada",,"Credits zijn niet genoeg, maar een deel van de taak kan nog steeds starten",,"Krediterna räcker inte, men en del av uppgiften kan fortfarande starta",,"I crediti non bastano, ma parte dell'attività può comunque iniziare",,"Кредитів недостатньо, але частину завдання можна розпочати",,"Кредитов недостаточно, но часть задачи всё равно может быть запущена",,크레딧이 충분하지 않지만 작업의 일부는 시작할 수 있습니다,,"Krediler yetersiz, ancak görevin bir kısmı yine de başlayabilir",,
review,P1,create-task,yes,style-review,v4.createTask.confirmPricingFeatureCredits,public/locales/{code}/translation.json,"Plan credits
3M",,,"Crédits du forfait
3M",,"Plancredits
3M",,"Créditos del plan
3M",,"プランクレジット
3M",,"方案點數
3M",,"订阅赠送
最高 800 万积分",,"Créditos do plano
3M",,"Abonnementscredits
3M",,"Plan credits
3M",,"Crediti del piano
3M",,"Кредити плану
3M",,"Кредиты плана
3M",,"플랜 크레딧
3M",,"Plan kredileri
3M",,
review,P1,create-task,yes,style-review,v4.createTask.confirmPricingFeatureModel,public/locales/{code}/translation.json,"Available model
GPT",,,"Modèle disponible
GPT",,"Verfügbares Modell
GPT",,"Modelo disponible
GPT",,"利用可能なモデル
GPT",,"可用模型
GPT",,GPT 5.6等模型,,"Modelo disponível
GPT",,"Beschikbaar model
GPT",,"Tillgänglig modell
GPT",,"Modello disponibile
GPT",,"Доступна модель
GPT",,"Доступная модель
GPT",,"사용 가능한 모델
GPT",,"Mevcut model
GPT",,
review,P1,create-task,yes,style-review,v4.createTask.confirmPricingFeatureSpeed,public/locales/{code}/translation.json,"Translation speed
x2",,,"Vitesse de traduction
x2",,"Übersetzungsgeschwindigkeit
x2",,"Velocidad de traducción
x2",,"翻訳速度
x2",,"翻譯速度
x2",,"翻译速度
x2",,"Velocidade de tradução
x2",,"Vertalingssnelheid
x2",,"Översättningshastighet
x2",,"Velocità di traduzione
x2",,"Швидкість перекладу
x2",,"Скорость перевода
x2",,"번역 속도
x2",,"Çeviri hızı
x2",,
review,P1,create-task,yes,style-review,v4.createTask.confirmPricingOfferDesc,public/locales/{code}/translation.json,"Subscribe before creating this task, or skip the subscription and buy credits only.",,,"Abonnez-vous avant de créer cette tâche, ou ignorez l'abonnement et achetez des crédits uniquement.",,"Abonnieren Sie, bevor Sie diese Aufgabe erstellen, oder überspringen Sie das Abonnement und kaufen Sie nur Credits.",,"Suscríbase antes de crear esta tarea, u omita la suscripción y compre solo créditos.",,このタスクを作成する前にサブスクリプションに登録するか、サブスクリプションをスキップしてクレジットのみ購入してください。,,請先訂閱再建立此任務，或略過訂閱，僅購買點數。,,继续创建任务前，需要先订阅套餐；如果暂时不想订阅，也可以仅购买积分。,,"Assine antes de criar esta tarefa, ou pule a assinatura e compre apenas créditos.",,"Abonneer voordat u deze taak maakt, of sla het abonnement over en koop alleen credits.",,"Prenumerera innan du skapar denna uppgift, eller hoppa över prenumerationen och köp endast credits.",,"Abbonati prima di creare questa attività, oppure salta l'abbonamento e acquista solo crediti.",,Підпишіться перед створенням цього завдання або пропустіть підписку та купіть лише кредити.,,Подпишитесь перед созданием этой задачи или пропустите подписку и купите только кредиты.,,"이 작업을 만들기 전에 구독하거나, 구독을 건너뛰고 크레딧만 구매하세요.",,Bu görevi oluşturmadan önce abone olun veya aboneliği atlayıp yalnızca kredi satın alın.,,
review,P1,create-task,yes,style-review,v4.createTask.confirmPricingOfferTitle,public/locales/{code}/translation.json,Subscription,,,Abonnement,,Abonnement,,Suscripción,,サブスクリプション,,訂閱,,订阅套餐,,Assinatura,,Abonnement,,Prenumeration,,Abbonamento,,Підписка,,Подписка,,구독,,Abonelik,,
review,P1,create-task,yes,style-review,v4.createTask.confirmPricingTitle,public/locales/{code}/translation.json,Not enough credits,,,"Crédits insuffisants, veuillez vous abonner ou acheter des crédits d'abord",,"Credits reichen nicht aus, bitte abonnieren Sie oder kaufen Sie zuerst Credits",,"Los créditos no son suficientes, suscríbete o compra créditos primero",,クレジットが不足しています。まずサブスクライブするかクレジットを購入してください,,點數不足，請先訂閱或購買點數,,积分不足，请先订阅或购买积分,,"Créditos insuficientes, assine ou compre créditos primeiro",,"Credits zijn niet genoeg, abonneer u of koop eerst credits",,"Krediterna räcker inte, prenumerera eller köp krediter först",,"Crediti insufficienti, abbonati o acquista crediti prima",,"Кредитів недостатньо, спершу підпишіться або придбайте кредити",,"Кредитов недостаточно, сначала оформите подписку или купите кредиты",,크레딧이 부족합니다. 먼저 구독하거나 크레딧을 구매하세요.,,"Krediler yetersiz, lütfen abone olun veya önce kredi satın alın",,
review,P1,create-task,yes,style-review,v4.createTask.confirmReadyTitle,public/locales/{code}/translation.json,Confirm translation task,,,Confirmer la tâche de traduction,,Übersetzungsaufgabe bestätigen,,Confirmar tarea de traducción,,翻訳タスクの確認,,確認翻譯任務,,确认翻译任务,,Confirmar tarefa de tradução,,Bevestig vertaaltaak,,Bekräfta översättningsuppgift,,Conferma attività di traduzione,,Підтвердження завдання перекладу,,Подтвердите задачу перевода,,번역 작업 확인,,Çeviri görevini onayla,,
review,P1,create-task,yes,style-review,v4.createTask.confirmRecommendedPlan,public/locales/{code}/translation.json,Recommended plan,,,Plan recommandé,,Empfohlener Plan,,Plan recomendado,,推奨プラン,,建議方案,,推荐套餐,,Plano recomendado,,Aanbevolen abonnement,,Rekommenderad plan,,Piano consigliato,,Рекомендований план,,Рекомендуемый план,,추천 플랜,,Önerilen plan,,
review,P1,create-task,yes,style-review,v4.createTask.confirmRecommendedPlanMonthlyValue,public/locales/{code}/translation.json,{{plan}} · {{monthly}} credits/month,,,{{plan}} · {{monthly}} crédits/mois,,{{plan}} · {{monthly}} Credits/Monat,,{{plan}} · {{monthly}} créditos/mes,,{{plan}} · {{monthly}} クレジット/月,,{{plan}} · 每月 {{monthly}} 點數,,{{plan}} · 每月 {{monthly}} 积分,,{{plan}} · {{monthly}} créditos/mês,,{{plan}} · {{monthly}} credits/maand,,{{plan}} · {{monthly}} krediter/månad,,{{plan}} · {{monthly}} crediti/mese,,{{plan}} · {{monthly}} кредитів/місяць,,{{plan}} · {{monthly}} кредитов/месяц,,{{plan}} · 월 {{monthly}} 크레딧,,{{plan}} · {{monthly}} kredi/ay,,
review,P1,create-task,yes,style-review,v4.createTask.confirmTaskDetailTitle,public/locales/{code}/translation.json,Task setup,,,Configuration de la tâche,,Aufgabeneinrichtung,,Configuración de la tarea,,タスク設定,,任務設定,,任务配置,,Configuração da tarefa,,Taakinstellingen,,Uppgiftsinställningar,,Configurazione attività,,Налаштування завдання,,Настройка задачи,,작업 설정,,Görev kurulumu,,
review,P1,create-task,yes,style-review,v4.createTask.confirmTrialFeatureModelValue,public/locales/{code}/translation.json,$7.99/month,,,$7.99/mois,,$7.99/month,,$7.99/mes,,$7.99/月,,$7.99/month,,$7.99/month,,$7.99/mês,,$7.99/maand,,$7.99/månad,,$7.99/mese,,$7.99/місяць,,$7.99/месяц,,$7.99/월,,$7.99/ay,,
review,P1,create-task,yes,style-review,v4.createTask.confirmTrialFeatureSpeedBadge,public/locales/{code}/translation.json,Bonus,,,Bonus,,Bonus,,Extra,,ボーナス,,加贈,,Bonus,,Bónus,,Bonus,,Bonus,,Bonus,,Бонус,,Бонус,,보너스,,Bonus,,
review,P1,create-task,yes,style-review,v4.createTask.confirmTrialFeatureSpeedValue,public/locales/{code}/translation.json,$31.99 value,,,Valeur de $31.99,,Wert von $31.99,,Valor de $31.99,,$31.99 相当,,價值 $31.99,,$31.99 value,,valor de $31.99,,$31.99 waarde,,$31.99 i värde,,Valore $31.99,,Вартість $31.99,,На сумму $31.99,,$31.99 상당,,$31.99 değerinde,,
review,P1,create-task,yes,style-review,v4.createTask.confirmTrialTitle,public/locales/{code}/translation.json,Not enough credits — free trial available,,,"Crédits insuffisants, mais un essai gratuit est encore disponible",,"Credits reichen nicht aus, aber eine kostenlose Testphase ist noch verfügbar",,"Los créditos no son suficientes, pero aún tienes una prueba gratuita disponible",,クレジットが不足していますが、無料トライアルがまだ利用可能です,,點數不足，但仍可使用免費試用,,积分不足，可开启免费试用,,"Créditos insuficientes, mas um teste gratuito ainda está disponível",,"Credits zijn niet genoeg, maar een gratis proefperiode is nog beschikbaar",,"Krediterna räcker inte, men en kostnadsfri provperiod är fortfarande tillgänglig",,"Crediti insufficienti, ma la prova gratuita è ancora disponibile",,"Кредитів недостатньо, але безкоштовна пробна версія ще доступна",,"Кредитов недостаточно, но бесплатная пробная версия всё ещё доступна",,크레딧이 부족하지만 무료 체험이 아직 가능합니다,,"Krediler yetersiz, ancak ücretsiz deneme hâlâ mevcut",,
review,P1,create-task,yes,style-review,v4.createTask.content,public/locales/{code}/translation.json,Content to translate,,,Contenu à traduire,,Zu übersetzender Inhalt,,Contenido a traducir,,翻訳するコンテンツ,,要翻譯的內容,,翻译内容,,Conteúdo a traduzir,,Te vertalen inhoud,,Innehåll att översätta,,Contenuto da tradurre,,Вміст для перекладу,,Содержимое для перевода,,번역할 콘텐츠,,Çevrilecek içerik,,
review,P1,create-task,yes,style-review,v4.createTask.creating,public/locales/{code}/translation.json,Creating…,,,Création…,,Wird erstellt…,,Creando…,,作成中…,,建立中…,,创建中…,,A criar…,,Bezig met aanmaken…,,Skapar…,,Creazione…,,Створення…,,Создание…,,생성 중…,,Oluşturuluyor…,,
review,P1,create-task,yes,style-review,v4.createTask.detailedEstimateAction,public/locales/{code}/translation.json,Precise estimate,,,Estimation précise,,Präzise Schätzung,,Estimación precisa,,正確な見積もり,,精確估算,,精准预估,,Estimativa precisa,,Nauwkeurige schatting,,Exakt uppskattning,,Stima precisa,,Точна оцінка,,Точная оценка,,정밀 예상,,Kesin tahmin,,
review,P1,create-task,yes,style-review,v4.createTask.detailedEstimateDoneHint,public/locales/{code}/translation.json,Precise estimate excludes translation-memory hits. Closer to actual usage; still not exact billing.,,,"L'estimation précise exclut les correspondances de mémoire de traduction. Plus proche de l'utilisation réelle, mais pas encore une facturation exacte.",,"Die genaue Schätzung schließt Translation-Memory-Treffer aus. Sie liegt näher am tatsächlichen Verbrauch, ist aber keine exakte Abrechnung.",,"La estimación precisa excluye los aciertos de memoria de traducción. Se acerca más al uso real, pero sigue sin ser la facturación exacta.",,正確な見積もりは翻訳メモリのヒットを除外しています。実際の使用量に近いですが、正確な請求ではありません。,,精確估價不包含翻譯記憶庫的相符項目。較接近實際用量，但仍非精確計費。,,精准预估已排除翻译记忆命中，更接近实扣，仍非精确账单。,,A estimativa precisa exclui correspondências da memória de tradução. Mais próxima da utilização real; ainda assim não é a faturação exata.,,De nauwkeurige schatting sluit vertaalgeheugen-hits uit. Dichter bij het werkelijke verbruik; nog steeds geen exacte facturering.,,"Den exakta uppskattningen exkluderar träffar från översättningsminnet. Närmare faktisk användning, men fortfarande inte exakt fakturering.",,"La stima precisa esclude le corrispondenze nella memoria di traduzione. Più vicina all'uso effettivo, ma non è comunque una fatturazione esatta.",,"Точна оцінка не враховує збігів із пам'яттю перекладів. Ближче до фактичного використання, але не є точним рахунком.",,"Точная оценка не учитывает совпадения из памяти переводов. Ближе к фактическому использованию, но не является точным выставлением счёта.",,정밀 견적에는 번역 메모리 적중 항목이 제외됩니다. 실제 사용량에 더 가깝지만 정확한 청구 금액은 아닙니다.,,"Kesin tahmin, çeviri belleği eşleşmelerini hariç tutar. Gerçek kullanıma daha yakındır; yine de tam fatura değildir.",,
review,P1,create-task,yes,style-review,v4.createTask.detailedEstimateErrorHint,public/locales/{code}/translation.json,"Precise estimate failed. You can retry, or use the upper-bound estimate above.",,,L'estimation précise a échoué. Vous pouvez réessayer ou utiliser l'estimation maximale ci-dessus.,,Die genaue Schätzung ist fehlgeschlagen. Du kannst es erneut versuchen oder die obere Schätzung oben verwenden.,,La estimación precisa falló. Puedes reintentarlo o usar la estimación con límite superior indicada arriba.,,正確な見積もりに失敗しました。再試行するか、上記の上限見積もりを使用できます。,,精確估價失敗。您可以重試，或使用上述的上限估價。,,精准预估失败，可重试，或继续使用上方的上限预估。,,A estimativa precisa falhou. Pode tentar novamente ou utilizar a estimativa máxima acima.,,"De nauwkeurige schatting is mislukt. U kunt het opnieuw proberen, of gebruik de bovenstaande bovengrens-schatting.",,"Den exakta uppskattningen misslyckades. Du kan försöka igen, eller använda den övre gränsuppskattningen ovan.",,La stima precisa non è riuscita. Puoi riprovare o usare la stima massima qui sopra.,,Не вдалося отримати точну оцінку. Ви можете повторити спробу або скористатися верхньою оцінкою вище.,,Не удалось выполнить точную оценку. Вы можете повторить попытку или воспользоваться верхней границей оценки выше.,,정밀 견적에 실패했습니다. 다시 시도하거나 위의 상한 견적을 사용할 수 있습니다.,,Kesin tahmin başarısız oldu. Yeniden deneyebilir veya yukarıdaki üst sınır tahminini kullanabilirsiniz.,,
review,P1,create-task,yes,style-review,v4.createTask.detailedEstimateRerun,public/locales/{code}/translation.json,Re-run precise estimate,,,Relancer l'estimation précise,,Präzise Schätzung erneut ausführen,,Volver a ejecutar la estimación precisa,,正確な見積もりを再実行,,重新執行精確估算,,重新精准预估,,Refazer estimativa precisa,,Nauwkeurige schatting opnieuw uitvoeren,,Kör om exakt uppskattning,,Ricalcola la stima precisa,,Повторити точну оцінку,,Пересчитать точную оценку,,정밀 예상 다시 실행,,Kesin tahmini yeniden çalıştır,,
review,P1,create-task,yes,style-review,v4.createTask.includeLiquid,public/locales/{code}/translation.json,Custom Liquid / third-party text,,,Liquid personnalisé / texte tiers,,Benutzerdefiniertes Liquid / Text von Drittanbietern,,Liquid personalizado / texto de terceros,,カスタムLiquid / サードパーティのテキスト,,自訂 Liquid / 第三方文字,,自定义 Liquid / 第三方文案,,Liquid personalizado / texto de terceiros,,Aangepaste Liquid / tekst van derden,,Anpassad Liquid / tredjepartstext,,Liquid personalizzato / testo di terze parti,,Спеціальний Liquid / сторонній текст,,Кастомный Liquid / сторонний текст,,커스텀 Liquid / 타사 텍스트,,Özel Liquid / üçüncü taraf metin,,
review,P1,create-task,yes,style-review,v4.createTask.modelRecommended,public/locales/{code}/translation.json,deepseek-v4-flash (recommended),,,deepseek-v4-flash (recommandé),,deepseek-v4-flash (empfohlen),,deepseek-v4-flash (recomendado),,deepseek-v4-flash（推奨）,,deepseek-v4-flash（建議使用）,,deepseek-v4-flash（推荐）,,deepseek-v4-flash (recomendado),,deepseek-v4-flash (aanbevolen),,deepseek-v4-flash (rekommenderas),,deepseek-v4-flash (consigliato),,deepseek-v4-flash (рекомендовано),,deepseek-v4-flash (рекомендуется),,deepseek-v4-flash(권장),,deepseek-v4-flash (önerilir),,
review,P1,create-task,yes,style-review,v4.createTask.overwriteExisting,public/locales/{code}/translation.json,Overwrite existing translations,,,Écraser les traductions existantes,,Bestehende Übersetzungen überschreiben,,Sobrescribir traducciones existentes,,既存の翻訳を上書き,,覆蓋現有譯文,,覆盖已有译文,,Substituir traduções existentes,,Bestaande vertalingen overschrijven,,Skriv över befintliga översättningar,,Sovrascrivi traduzioni esistenti,,Перезаписати наявні переклади,,Перезаписать существующие переводы,,기존 번역 덮어쓰기,,Mevcut çevirilerin üzerine yaz,,
review,P1,create-task,yes,style-review,v4.createTask.targetLanguages,public/locales/{code}/translation.json,Target languages,,,Langues cibles,,Zielsprachen,,Idiomas de destino,,対象言語,,目標語言,,目标语言,,Idiomas de destino,,Doeltalen,,Målspråk,,Lingue di destinazione,,Цільові мови,,Целевые языки,,대상 언어,,Hedef diller,,
review,P1,create-task,yes,style-review,v4.createTask.title,public/locales/{code}/translation.json,Create translation task,,,Créer une tâche de traduction,,Übersetzungsaufgabe erstellen,,Crear tarea de traducción,,翻訳タスクを作成,,建立翻譯工作,,新建翻译任务,,Criar tarefa de tradução,,Vertaaltaak aanmaken,,Skapa översättningsuppgift,,Crea attività di traduzione,,Створити завдання перекладу,,Создать задачу перевода,,번역 작업 만들기,,Çeviri görevi oluştur,,
review,P1,create-task,yes,style-review,v4.createTask.translateHandle,public/locales/{code}/translation.json,Translate handle,,,Traduire le handle,,Handle übersetzen,,Traducir handle,,ハンドルを翻訳,,翻譯 handle,,翻译 handle,,Traduzir handle,,Handle vertalen,,Översätt handle,,Traduci handle,,Перекладати handle,,Переводить handle,,핸들 번역,,Handle'ı çevir,,
review,P1,create-task,yes,style-review,v4.createTask.translationOptions,public/locales/{code}/translation.json,Translation options,,,Options de traduction,,Übersetzungsoptionen,,Opciones de traducción,,翻訳オプション,,翻譯選項,,翻译选项,,Opções de tradução,,Vertaalopties,,Översättningsalternativ,,Opzioni di traduzione,,Параметри перекладу,,Параметры перевода,,번역 옵션,,Çeviri seçenekleri,,
review,P1,currency,yes,style-review,Match currency by market,public/locales/{code}/translation.json,Match currency by market,,,Faire correspondre la devise au marché,,Währung anhand des Markts ermitteln,,Coincidir moneda por mercado,,マーケットで通貨を照合,,依市場比對貨幣,,根据市场适配货币,,Corresponder moeda por mercado,,Valuta matchen op markt,,Matcha valuta efter marknad,,Abbina valuta al mercato,,Визначати валюту за ринком,,Определять валюту по рынку,,마켓별 통화 매칭,,Para birimini pazara göre eşleştir,,
review,P1,glossary,yes,style-review,Glossary ({{count}} entries),public/locales/{code}/translation.json,Glossary support (up to {{count}} entries),,,Prise en charge du glossaire (jusqu'à {{count}} entrées),,Glossar-Unterstützung (bis zu {{count}} Einträge),,Soporte de glosario (hasta {{count}} entradas),,用語集サポート（最大 {{count}} 件）,,詞彙表支援（最多 {{count}} 個條目）,,术语表 ({{count}} 条目),,Suporte de glossário (até {{count}} entradas),,Woordenlijstondersteuning (maximaal {{count}} items),,Ordlistestöd (upp till {{count}} poster),,Supporto glossario (fino a {{count}} voci),,Підтримка глосарію (до {{count}} записів),,Поддержка глоссария (до {{count}} записей),,용어집 지원(최대 {{count}}개 항목),,Terim sözlüğü desteği (en fazla {{count}} giriş),,
review,P1,glossary,yes,missing-space,"You’ve added all the terms allowed in your current plan.To keep building your glossary and improve translation accuracy, upgrade to a higher plan for more capacity.",public/locales/{code}/translation.json,"You’ve added all the terms allowed in your current plan.To keep building your glossary and improve translation accuracy, upgrade to a higher plan for more capacity.",,,"Vous avez ajouté tous les termes autorisés dans votre plan actuel. Pour continuer à construire votre glossaire et améliorer la précision des traductions, passez à un plan supérieur pour plus de capacité.",,"Sie haben alle Begriffe hinzugefügt, die in Ihrem aktuellen Plan erlaubt sind. Um weiterhin Ihr Glossar zu erweitern und die Übersetzungsgenauigkeit zu verbessern, upgraden Sie auf einen höheren Plan für mehr Kapazität.",,"Has agregado todos los términos permitidos en tu plan actual. Para seguir construyendo tu glosario y mejorar la precisión de las traducciones, actualiza a un plan superior para obtener más capacidad.",,現在のプランで許可されたすべての用語を追加しました。用語集をさらに構築し、翻訳精度を向上させるために、より多くの容量を持つ上位プランにアップグレードしてください。,,您已新增了目前方案允許的所有詞彙。若要持續建立詞彙表並提升翻譯準確度，請升級至更高級的方案以獲得更多容量。,,您已添加了当前计划允许的所有术语。要继续构建术语表并提高翻译准确性，请升级到更高的计划以获得更多容量。,,"Você adicionou todos os termos permitidos no seu plano atual. Para continuar construindo seu glossário e melhorar a precisão das traduções, faça um upgrade para um plano superior com mais capacidade.",,"Je hebt alle termen toegevoegd die in je huidige plan zijn toegestaan. Om je woordenlijst verder uit te breiden en de vertaalnauwkeurigheid te verbeteren, upgrade je naar een hoger plan voor meer capaciteit.",,"Du har lagt till alla termer som är tillåtna i din nuvarande plan. För att fortsätta bygga ditt lexikon och förbättra översättningsnoggrannheten, uppgradera till en högre plan för mer kapacitet.",,"Vous avez ajouté tous les termes autorisés dans votre plan actuel. Pour continuer à construire votre glossaire et améliorer la précision des traductions, passez à un plan supérieur pour plus de capacité.",,"Ви додали всі терміни, дозволені у вашому поточному плані. Щоб продовжити створення глосарію та покращити точність перекладу, перейдіть на вищий план із більшою ємністю.",,"Вы добавили все термины, разрешенные в вашем текущем плане. Чтобы продолжать строить ваш глоссарий и улучшать точность перевода, перейдите на более высокий план с большей емкостью.",,"현재 플랜에서 허용된 모든 용어를 추가했습니다. 용어집을 계속 구축하고 번역 정확도를 향상시키려면, 더 많은 용량을 제공하는 상위 플랜으로 업그레이드하세요.",,Mevcut planınızda izin verilen tüm terimleri eklediniz. Sözlüğünüzü oluşturmaya devam etmek ve çeviri doğruluğunu artırmak için daha yüksek bir plana yükseltin.,,
review,P1,home,yes,style-review,v4Mvp.coverageCard.descriptionComputing,public/locales/{code}/translation.json,We are scanning your store content and will show overall coverage here once the first calculation finishes.,,,Nous analysons le contenu de votre boutique et afficherons la couverture globale ici dès que le premier calcul sera terminé.,,"Wir scannen deine Shop-Inhalte und zeigen hier die Gesamtabdeckung, sobald die erste Berechnung abgeschlossen ist.",,Estamos escaneando el contenido de tu tienda y mostraremos la cobertura general aquí una vez que finalice el primer cálculo.,,ストアのコンテンツをスキャンしており、最初の計算が完了するとここに全体のカバレッジが表示されます。,,我們正在掃描您的商店內容，第一次計算完成後，這裡會顯示整體涵蓋範圍。,,我们正在扫描你的商店内容，首次计算完成后会在这里显示整体翻译完成度。,,Estamos a analisar o conteúdo da sua loja e mostraremos a cobertura geral aqui assim que o primeiro cálculo terminar.,,We scannen uw winkelinhoud en tonen hier de algehele dekking zodra de eerste berekening is voltooid.,,Vi skannar ditt butiksinnehåll och visar den totala täckningen här när den första beräkningen är klar.,,Stiamo analizzando i contenuti del tuo negozio e mostreremo qui la copertura complessiva al termine del primo calcolo.,,Ми скануємо вміст вашого магазину і покажемо загальне покриття тут після завершення першого обчислення.,,Мы сканируем контент вашего магазина и покажем общий охват здесь после завершения первого расчёта.,,스토어 콘텐츠를 스캔하고 있으며 첫 번째 계산이 완료되면 여기에 전체 적용 범위가 표시됩니다.,,Mağaza içeriğinizi tarıyoruz ve ilk hesaplama tamamlandığında genel kapsam burada gösterilecek.,,
review,P1,home,yes,style-review,v4Mvp.coverageCard.languageCount,public/locales/{code}/translation.json,{{total}} languages,,,{{total}} langues,,{{total}} Sprachen,,{{total}} idiomas,,{{total}} 言語,,{{total}} 種語言,,{{total}} 种语言,,{{total}} idiomas,,{{total}} talen,,{{total}} språk,,{{total}} lingue,,{{total}} мов,,{{total}} языков,,{{total}}개 언어,,{{total}} dil,,
review,P1,home,yes,style-review,v4Mvp.coverageCard.ratingAmazing,public/locales/{code}/translation.json,Amazing,,,Incroyable,,Hervorragend,,Increíble,,素晴らしい,,極佳,,很棒,,Incrível,,Geweldig,,Fantastiskt,,Eccezionale,,Вражаюче,,Великолепно,,훌륭함,,Harika,,
review,P1,home,yes,style-review,v4Mvp.coverageCard.ratingExcellent,public/locales/{code}/translation.json,Excellent,,,Excellent,,Exzellent,,Excelente,,優秀,,優秀,,优秀,,Excelente,,Uitstekend,,Utmärkt,,Eccellente,,Відмінно,,Превосходно,,우수함,,Mükemmel,,
review,P1,home,yes,style-review,v4Mvp.coverageCard.ratingQualified,public/locales/{code}/translation.json,Qualified,,,Qualifié,,Qualifiziert,,Calificado,,合格,,合格,,合格,,Qualificado,,Gekwalificeerd,,Godkänd,,Qualificato,,Достатній,,Достаточно,,양호,,Yeterli,,
review,P1,home,yes,style-review,v4Mvp.coverageCard.statusComputing,public/locales/{code}/translation.json,Calculating...,,,Calcul en cours...,,Wird berechnet...,,Calculando...,,計算中...,,計算中...,,计算中……,,A calcular...,,Berekenen...,,Beräknar...,,Calcolo in corso...,,Обчислення...,,Расчёт...,,계산 중...,,Hesaplanıyor...,,
review,P1,home,yes,style-review,v4Mvp.coverageCard.summary,public/locales/{code}/translation.json,Store translation completion is {{percent}},,,Le taux de traduction de la boutique est de {{percent}},,Die Shop-Übersetzung ist zu {{percent}} abgeschlossen.,,La finalización de la traducción de la tienda es {{percent}},,ストア翻訳の完了度は {{percent}} です,,商店翻譯完成度為 {{percent}},,商店翻译完成度为 {{percent}},,A tradução da loja está concluída em {{percent}},,De winkelvertaling is voor {{percent}} voltooid.,,Butikens översättningsgrad är {{percent}},,La traduzione del negozio è completata al {{percent}},,Переклад магазину завершено на {{percent}},,Перевод магазина завершён на {{percent}},,스토어 번역 완료율은 {{percent}}입니다.,,Mağaza çeviri tamamlanma oranı {{percent}},,
review,P1,home,yes,style-review,v4Mvp.coverageCard.summaryComputing,public/locales/{code}/translation.json,Store translation status is being calculated...,,,Le statut de traduction de la boutique est en cours de calcul...,,Der Übersetzungsstatus des Shops wird berechnet...,,Se está calculando el estado de traducción de la tienda...,,ストア翻訳のステータスを計算中...,,正在計算商店翻譯狀態...,,商店翻译完成度计算中……,,O estado da tradução da loja está a ser calculado...,,De vertaalstatus van de winkel wordt berekend...,,Butikens översättningsstatus beräknas...,,Lo stato della traduzione del negozio è in fase di calcolo...,,Статус перекладу магазину обчислюється...,,Выполняется расчёт статуса перевода магазина...,,스토어 번역 상태를 계산하는 중...,,Mağaza çeviri durumu hesaplanıyor...,,
review,P1,home,yes,style-review,v4Mvp.coverageCard.viewDetails,public/locales/{code}/translation.json,View details,,,Voir les détails,,Details anzeigen,,Ver detalles,,詳細を見る,,查看詳細資料,,查看详情,,Ver detalhes,,Details bekijken,,Visa detaljer,,Visualizza dettagli,,Переглянути деталі,,Просмотреть детали,,세부 정보 보기,,Ayrıntıları görüntüle,,
review,P1,home,yes,style-review,v4Mvp.coverageModal.description,public/locales/{code}/translation.json,This shows the current translation coverage for each language so you can quickly see which ones still need attention.,,,Ceci montre la couverture de traduction actuelle pour chaque langue afin que vous puissiez voir rapidement celles qui nécessitent encore une attention.,,"Hier siehst du die aktuelle Übersetzungsabdeckung für jede Sprache, damit du schnell erkennen kannst, welche Sprachen noch Aufmerksamkeit benötigen.",,"Esto muestra la cobertura de traducción actual para cada idioma, para que puedas ver rápidamente cuáles aún necesitan atención.",,各言語の現在の翻訳カバレッジが表示され、どの言語にまだ対応が必要かをすぐに確認できます。,,這裡顯示每種語言目前的翻譯涵蓋範圍，方便您快速查看哪些語言仍需處理。,,这里展示每个语言当前的翻译覆盖率，方便你快速查看哪些语言还需要继续补齐。,,Isto mostra a cobertura de tradução atual para cada idioma para que possa ver rapidamente quais ainda precisam de atenção.,,"Dit toont de huidige vertaaldekking voor elke taal, zodat u snel kunt zien welke talen nog aandacht nodig hebben.",,Detta visar den aktuella översättningstäckningen för varje språk så att du snabbt kan se vilka som fortfarande behöver uppmärksamhet.,,"Questo mostra la copertura di traduzione attuale per ogni lingua, così puoi vedere rapidamente quali necessitano ancora di attenzione.",,"Тут показано поточне покриття перекладу для кожної мови, щоб ви могли швидко побачити, які мови ще потребують уваги.",,"Здесь показан текущий охват перевода для каждого языка, чтобы вы могли быстро увидеть, какие из них требуют внимания.",,각 언어의 현재 번역 적용 범위를 보여 주므로 어떤 언어에 주의가 더 필요한지 빠르게 확인할 수 있습니다.,,"Bu, her dil için mevcut çeviri kapsamını gösterir; böylece hangilerinin hâlâ ilgilenilmesi gerektiğini hızlıca görebilirsiniz.",,
review,P1,home,yes,style-review,v4Mvp.coverageModal.empty,public/locales/{code}/translation.json,No language coverage data yet.,,,Aucune donnée de couverture linguistique pour le moment.,,Noch keine Daten zur Sprachabdeckung vorhanden.,,Aún no hay datos de cobertura de idiomas.,,言語カバレッジのデータはまだありません。,,尚無語言涵蓋範圍資料。,,当前还没有语言覆盖率数据。,,Ainda não existem dados de cobertura de idiomas.,,Nog geen taaldekkinggegevens.,,Inga språktäckningsdata ännu.,,Nessun dato sulla copertura linguistica disponibile.,,Даних про покриття мов ще немає.,,Нет данных об охвате по языкам.,,아직 언어 적용 범위 데이터가 없습니다.,,Henüz dil kapsamı verisi yok.,,
review,P1,home,yes,style-review,v4Mvp.coverageModal.progressText,public/locales/{code}/translation.json,{{translated}} / {{total}} items translated,,,{{translated}} / {{total}} éléments traduits,,{{translated}} / {{total}} Elemente übersetzt,,{{translated}} / {{total}} elementos traducidos,,{{translated}} / {{total}} 件のアイテムが翻訳済み,,已翻譯 {{translated}} / {{total}} 個項目,,已翻译 {{translated}} / {{total}} 条,,{{translated}} / {{total}} itens traduzidos,,{{translated}} / {{total}} items vertaald,,{{translated}} / {{total}} objekt översatta,,{{translated}} / {{total}} elementi tradotti,,{{translated}} / {{total}} елементів перекладено,,Переведено элементов: {{translated}} / {{total}},,{{translated}} / {{total}}개 항목 번역됨,,{{translated}} / {{total}} öğe çevrildi,,
review,P1,home,yes,style-review,v4Mvp.coverageModal.title,public/locales/{code}/translation.json,Language coverage details,,,Détails de la couverture linguistique,,Details zur Sprachabdeckung,,Detalles de cobertura por idioma,,言語カバレッジの詳細,,語言涵蓋範圍詳細資料,,语言覆盖率详情,,Detalhes da cobertura de idiomas,,Details taaldekking,,Information om språktäckning,,Dettagli copertura linguistica,,Деталі покриття мов,,Сведения об охвате по языкам,,언어 적용 범위 세부 정보,,Dil kapsamı ayrıntıları,,
review,P1,home,yes,style-review,v4Mvp.custom.description,public/locales/{code}/translation.json,Use this entry to start a batch translation task across multiple languages and content types.,,,Utilisez cette entrée pour lancer une tâche de traduction par lots dans plusieurs langues et types de contenu.,,"Verwende diesen Eintrag, um eine Stapelübersetzung über mehrere Sprachen und Inhaltstypen zu starten.",,Usa esta entrada para iniciar una tarea de traducción masiva en varios idiomas y tipos de contenido.,,このエントリを使用して、複数の言語とコンテンツタイプにわたる一括翻訳タスクを開始します。,,使用此項目可跨多種語言和內容類型啟動批次翻譯任務。,,适合一次性发起多语言、多内容范围的翻译任务。,,Utilize esta entrada para iniciar uma tarefa de tradução em lote para vários idiomas e tipos de conteúdo.,,Gebruik dit item om een batchvertaling te starten voor meerdere talen en inhoudstypen.,,Använd den här posten för att starta en batchöversättningsuppgift för flera språk och innehållstyper.,,Utilizza questa voce per avviare un'attività di traduzione batch in più lingue e tipi di contenuto.,,"Використовуйте цей пункт, щоб запустити пакетне завдання перекладу для кількох мов і типів вмісту.",,"Используйте этот пункт, чтобы запустить пакетный перевод для нескольких языков и типов контента.",,이 항목을 사용하여 여러 언어 및 콘텐츠 유형에 걸친 일괄 번역 작업을 시작하세요.,,Birden çok dil ve içerik türünde toplu çeviri görevi başlatmak için bu girişi kullanın.,,
review,P1,home,yes,style-review,v4Mvp.customPage.subtitle,public/locales/{code}/translation.json,"Choose target languages, translation scope, and advanced options here before creating translation tasks.",,,"Choisissez les langues cibles, la portée de la traduction et les options avancées ici avant de créer les tâches de traduction.",,"Wähle hier Zielsprachen, Übersetzungsumfang und erweiterte Optionen aus, bevor du Übersetzungsaufgaben erstellst.",,"Elige aquí los idiomas de destino, el alcance de la traducción y las opciones avanzadas antes de crear las tareas de traducción.",,翻訳タスクを作成する前に、対象言語、翻訳スコープ、詳細オプションをここで選択します。,,請先在此選擇目標語言、翻譯範圍和進階選項，再建立翻譯任務。,,在这里选择目标语言、翻译范围和高级选项，然后按你的配置创建翻译任务。,,"Escolha aqui os idiomas de destino, o âmbito da tradução e as opções avançadas antes de criar as tarefas de tradução.",,"Kies hier doeltalen, vertaalbereik en geavanceerde opties voordat u vertalingstaken maakt.",,"Välj målspråk, översättningsomfattning och avancerade alternativ här innan du skapar översättningsuppgifter.",,"Scegli le lingue di destinazione, l'ambito di traduzione e le opzioni avanzate prima di creare le attività di traduzione.",,"Виберіть цільові мови, область перекладу та додаткові параметри тут, перш ніж створювати завдання перекладу.",,"Выберите целевые языки, область перевода и дополнительные параметры перед созданием задач перевода.",,"번역 작업을 만들기 전에 여기에서 대상 언어, 번역 범위 및 고급 옵션을 선택하세요.",,"Çeviri görevleri oluşturmadan önce hedef dilleri, çeviri kapsamını ve gelişmiş seçenekleri burada seçin.",,
review,P1,home,yes,style-review,v4Mvp.customPage.title,public/locales/{code}/translation.json,Custom translation settings,,,Paramètres de traduction personnalisée,,Benutzerdefinierte Übersetzungseinstellungen,,Configuración de traducción personalizada,,カスタム翻訳設定,,自訂翻譯設定,,自定义翻译配置,,Definições de tradução personalizada,,Instellingen voor aangepaste vertaling,,Inställningar för anpassad översättning,,Impostazioni traduzione personalizzata,,Налаштування спеціального перекладу,,Настройки настраиваемого перевода,,커스텀 번역 설정,,Özel çeviri ayarları,,
review,P1,home,yes,style-review,v4Mvp.overview.progress,public/locales/{code}/translation.json,{{translated}} / {{total}} items translated,,,{{translated}} / {{total}} éléments traduits,,{{translated}} / {{total}} Elemente übersetzt,,{{translated}} / {{total}} elementos traducidos,,{{translated}} / {{total}} 件翻訳済み,,已翻譯 {{translated}} / {{total}} 個項目,,已翻译 {{translated}} / {{total}} 条,,{{translated}} / {{total}} itens traduzidos,,{{translated}} / {{total}} items vertaald,,{{translated}} / {{total}} översatta objekt,,{{translated}} / {{total}} elementi tradotti,,{{translated}} / {{total}} позицій перекладено,,Переведено элементов: {{translated}} / {{total}},,{{translated}} / {{total}}개 항목 번역됨,,{{translated}} / {{total}} öğe çevrildi,,
review,P1,home,yes,style-review,v4Mvp.recommended.localeTaskTitle,public/locales/{code}/translation.json,{{locale}} translation task,,,Tâche de traduction {{locale}},,Übersetzungsaufgabe für {{locale}},,Tarea de traducción de {{locale}},,{{locale}}の翻訳タスク,,{{locale}} 翻譯任務,,{{locale}} 翻译任务,,Tarefa de tradução de {{locale}},,Vertaaltaak voor {{locale}},,{{locale}} översättningsuppgift,,Attività di traduzione in {{locale}},,Завдання перекладу для {{locale}},,Задача перевода для {{locale}},,{{locale}} 번역 작업,,{{locale}} çeviri görevi,,
review,P1,home,yes,style-review,v4Mvp.recommended.metaCoverage,public/locales/{code}/translation.json,Coverage {{percent}}%,,,Couverture {{percent}}%,,Abdeckung {{percent}}%,,Cobertura {{percent}}%,,カバレッジ {{percent}}%,,覆蓋率 {{percent}}%,,覆盖率 {{percent}}%,,Cobertura {{percent}}%,,Dekking {{percent}}%,,Täckning {{percent}}%,,Copertura {{percent}}%,,Покриття: {{percent}}%,,Охват {{percent}}%,,적용 범위 {{percent}}%,,Kapsama %{{percent}},,
review,P1,home,yes,style-review,v4Mvp.recommended.metaCredits,public/locales/{code}/translation.json,Est. {{credits}},,,Estimation : {{credits}},,Geschätzt: {{credits}},,Aprox. {{credits}},,推定 {{credits}},,預估 {{credits}},,预计 {{credits}},,Estim. {{credits}},,Geschat {{credits}},,Beräknat {{credits}},,Stima {{credits}},,Прибл. {{credits}},,Оценка: {{credits}},,예상 {{credits}},,Tahmini {{credits}},,
review,P1,home,yes,style-review,v4Mvp.recommended.metaPending,public/locales/{code}/translation.json,{{items}} untranslated items,,,{{items}} éléments non traduits,,{{items}} nicht übersetzte Elemente,,{{items}} elementos sin traducir,,未翻訳項目 {{items}}件,,{{items}} 個未翻譯項目,,{{items}} 条未翻译内容,,{{items}} itens não traduzidos,,{{items}} onvertaalde items,,{{items}} oöversatta objekt,,{{items}} elementi non tradotti,,{{items}} неперекладених позицій,,Непереведенные элементы: {{items}},,번역되지 않은 항목 {{items}}개,,{{items}} çevrilmemiş öğe,,
review,P1,home,yes,style-review,v4Mvp.recommended.reasonChanged,public/locales/{code}/translation.json,Source updated,,,Source mise à jour,,Quelle aktualisiert,,Fuente actualizada,,ソースが更新されました,,來源已更新,,原文有更新,,Origem atualizada,,Bron bijgewerkt,,Källa uppdaterad,,Sorgente aggiornata,,Джерело оновлено,,Источник обновлен,,소스가 업데이트됨,,Kaynak güncellendi,,
review,P1,home,yes,style-review,v4Mvp.recommended.reasonCoverage,public/locales/{code}/translation.json,Language coverage is incomplete at {{percent}}%.,,,La couverture de la langue est incomplète à {{percent}}%.,,Die Sprachabdeckung ist bei {{percent}}% unvollständig.,,La cobertura del idioma está incompleta ({{percent}}%).,,言語カバレッジは{{percent}}%で不完全です。,,語言覆蓋率未完整，目前為 {{percent}}%。,,语言覆盖率不足，当前覆盖率 {{percent}}%。,,A cobertura do idioma está incompleta em {{percent}}%.,,De taaldekking is onvolledig op {{percent}}%.,,Språktäckningen är ofullständig på {{percent}}%.,,La copertura della lingua è incompleta al {{percent}}%.,,Покриття мови неповне: {{percent}}%.,,Охват языка неполный: {{percent}}%.,,언어 적용 범위가 {{percent}}%로 완료되지 않았습니다.,,Dil kapsaması %{{percent}} oranında eksik.,,
review,P1,home,yes,style-review,v4Mvp.recommended.statusComputing,public/locales/{code}/translation.json,Status: calculating...,,,Statut : calcul en cours...,,Status: Berechnung läuft...,,Estado: calculando...,,ステータス: 計算中...,,狀態：計算中...,,状态：计算中……,,Estado: a calcular...,,Status: berekenen...,,Status: beräknar...,,Stato: calcolo in corso...,,Статус: обчислення...,,Статус: вычисление...,,상태: 계산 중...,,Durum: hesaplanıyor...,,
review,P1,home,yes,style-review,v4Mvp.recommended.translate,public/locales/{code}/translation.json,Translate,,,Traduire,,Übersetzen,,Traducir,,翻訳,,翻譯,,立即翻译,,Traduzir,,Vertaal,,Översätt,,Traduci,,Перекласти,,Перевести,,번역,,Çevir,,
review,P1,home,yes,style-review,v4Mvp.scan.rescan,public/locales/{code}/translation.json,Rescan content,,,Réanalyser le contenu,,Inhalte erneut scannen,,Volver a escanear contenido,,コンテンツを再スキャン,,重新掃描內容,,重新扫描内容,,Voltar a analisar conteúdo,,Inhoud herscannen,,Skanna om innehåll,,Riscansiona contenuti,,Повторно сканувати контент,,Повторно сканировать контент,,콘텐츠 재스캔,,İçeriği yeniden tara,,
review,P1,home,yes,style-review,v4Mvp.scan.scanStore,public/locales/{code}/translation.json,Scan store,,,Analyser la boutique,,Shop scannen,,Escanear tienda,,ストアをスキャン,,掃描商店,,扫描商店,,Analisar loja,,Winkel scannen,,Skanna butik,,Scansiona negozio,,Сканувати магазин,,Сканировать магазин,,스토어 스캔,,Mağazayı tara,,
review,P1,home,yes,style-review,v4Mvp.scan.summaryChangedLocales,public/locales/{code}/translation.json,Scan finished. {{count}} languages have updated coverage.,,,Analyse terminée. La couverture de {{count}} langues a été mise à jour.,,Scan abgeschlossen. {{count}} Sprachen haben aktualisierte Abdeckung.,,Escaneo finalizado. {{count}} idiomas tienen cobertura actualizada.,,スキャンが完了しました。{{count}}言語のカバレッジが更新されました。,,掃描完成。有 {{count}} 種語言的覆蓋率已更新。,,扫描完成，{{count}} 个语言的覆盖率有更新。,,Análise concluída. {{count}} idiomas têm cobertura atualizada.,,Scan voltooid. {{count}} talen hebben bijgewerkte dekking.,,Skanning klar. {{count}} språk har uppdaterad täckning.,,Scansione completata. {{count}} lingue hanno una copertura aggiornata.,,Сканування завершено. Для {{count}} мов оновлено покриття.,,Сканирование завершено. Охват обновлен для {{count}} языков.,,스캔이 완료되었습니다. {{count}}개 언어의 적용 범위가 업데이트되었습니다.,,Tarama tamamlandı. {{count}} dilin kapsaması güncellendi.,,
review,P1,home,yes,style-review,v4Mvp.scan.summaryNoChanges,public/locales/{code}/translation.json,Scan finished. No new pending content found.,,,Analyse terminée. Aucun nouveau contenu en attente trouvé.,,Scan abgeschlossen. Keine neuen ausstehenden Inhalte gefunden.,,Escaneo finalizado. No se encontró contenido pendiente nuevo.,,スキャンが完了しました。新しい保留中のコンテンツは見つかりませんでした。,,掃描完成。未找到新的待翻譯內容。,,扫描完成，暂未发现新的待处理内容。,,Análise concluída. Não foi encontrado novo conteúdo pendente.,,Scan voltooid. Geen nieuwe openstaande inhoud gevonden.,,Skanning klar. Inget nytt väntande innehåll hittades.,,Scansione completata. Nessun nuovo contenuto in sospeso trovato.,,"Сканування завершено. Нового контенту, що потребує перекладу, не знайдено.",,Сканирование завершено. Нового ожидающего перевода контента не найдено.,,스캔이 완료되었습니다. 새로 대기 중인 콘텐츠를 찾지 못했습니다.,,Tarama tamamlandı. Yeni bekleyen içerik bulunamadı.,,
review,P1,home,yes,style-review,v4Mvp.scan.summaryPending,public/locales/{code}/translation.json,Scan finished. Found {{count}} more pending items across {{locales}} languages.,,,Analyse terminée. {{count}} éléments en attente supplémentaires trouvés dans {{locales}} langues.,,Scan abgeschlossen. {{count}} weitere ausstehende Elemente in {{locales}} Sprachen gefunden.,,Escaneo finalizado. Se encontraron {{count}} elementos pendientes adicionales en {{locales}} idiomas.,,スキャンが完了しました。{{locales}}言語で、追加の保留項目が{{count}}件見つかりました。,,掃描完成。在 {{locales}} 種語言中，找到 {{count}} 個額外的待翻譯項目。,,扫描完成，新增 {{count}} 条待翻译内容，涉及 {{locales}} 个语言。,,Análise concluída. Foram encontrados mais {{count}} itens pendentes em {{locales}} idiomas.,,Scan voltooid. {{count}} extra openstaande items gevonden in {{locales}} talen.,,Skanning klar. Hittade {{count}} fler väntande objekt på {{locales}} språk.,,Scansione completata. Trovati {{count}} ulteriori elementi in sospeso in {{locales}} lingue.,,Сканування завершено. Знайдено ще {{count}} позицій для перекладу в {{locales}} мовах.,,Сканирование завершено. Найдено еще {{count}} ожидающих перевода элементов в {{locales}} языках.,,스캔이 완료되었습니다. {{locales}}개 언어에서 대기 중인 항목 {{count}}개를 더 찾았습니다.,,Tarama tamamlandı. {{locales}} dilde {{count}} ek bekleyen öğe bulundu.,,
review,P1,home,yes,style-review,v4Mvp.scan.summaryUpdated,public/locales/{code}/translation.json,Scan finished. Dashboard data has been refreshed.,,,Analyse terminée. Les données du tableau de bord ont été actualisées.,,Scan abgeschlossen. Dashboard-Daten wurden aktualisiert.,,Escaneo finalizado. Los datos del panel se han actualizado.,,スキャンが完了しました。ダッシュボードのデータが更新されました。,,掃描完成。儀表板資料已重新整理。,,扫描完成，工作台数据已更新。,,Análise concluída. Os dados do painel foram atualizados.,,Scan voltooid. Dashboardgegevens zijn vernieuwd.,,Skanning klar. Instrumentpanelens data har uppdaterats.,,Scansione completata. I dati della dashboard sono stati aggiornati.,,Сканування завершено. Дані панелі оновлено.,,Сканирование завершено. Данные панели обновлены.,,스캔이 완료되었습니다. 대시보드 데이터가 새로 고쳐졌습니다.,,Tarama tamamlandı. Panel verileri yenilendi.,,
review,P1,home,yes,style-review,v4Mvp.themeExtension.badgeActive,public/locales/{code}/translation.json,Enabled,,,Activé,,Aktiviert,,Activado,,有効,,已啟用,,已启用,,Ativado,,Ingeschakeld,,Aktiverad,,Attivato,,Увімкнено,,Включено,,사용 중,,Etkin,,
review,P1,home,yes,style-review,v4Mvp.themeExtension.badgeInactive,public/locales/{code}/translation.json,Not enabled,,,Non activé,,Nicht aktiviert,,No activado,,未有効,,未啟用,,未启用,,Não ativado,,Niet ingeschakeld,,Inte aktiverad,,Non attivato,,Не ввімкнено,,Не включено,,사용 안 함,,Etkin değil,,
review,P1,home,yes,style-review,v4Mvp.themeExtension.badgeLoading,public/locales/{code}/translation.json,Checking,,,Vérification,,Prüfung,,Comprobando,,確認中,,檢查中,,检查中,,A verificar,,Controleren,,Kontrollerar,,Verifica,,Перевірка,,Проверка,,확인 중,,Kontrol ediliyor,,
review,P1,home,yes,style-review,v4Mvp.themeExtension.badgeUnknown,public/locales/{code}/translation.json,Status unavailable,,,Statut indisponible,,Status nicht verfügbar,,Estado no disponible,,状態を取得できません,,無法讀取,,无法读取,,Estado indisponível,,Status niet beschikbaar,,Status otillgänglig,,Stato non disponibile,,Статус недоступний,,Статус недоступен,,상태를 확인할 수 없음,,Durum alınamıyor,,
review,P1,home,yes,style-review,v4Mvp.themeExtension.descriptionActive,public/locales/{code}/translation.json,Enabled on the published theme.,,,Activé sur le thème publié.,,Im veröffentlichten Theme aktiviert.,,Activado en el tema publicado.,,公開中のテーマで有効です。,,已在發佈主題中啟用。,,已在发布主题中启用。,,Ativado no tema publicado.,,Ingeschakeld op het gepubliceerde thema.,,Aktiverad på det publicerade temat.,,Attivato sul tema pubblicato.,,Увімкнено в опублікованій темі.,,Включено в опубликованной теме.,,게시된 테마에서 사용 중입니다.,,Yayımlanan temada etkin.,,
review,P1,home,yes,style-review,v4Mvp.themeExtension.descriptionInactive,public/locales/{code}/translation.json,Not enabled on the published theme. Enable it to switch language and currency by IP.,,,Non activé sur le thème publié. Activez-le pour changer de langue et de devise selon l’IP.,,"Im veröffentlichten Theme nicht aktiviert. Aktiviere ihn, um Sprache und Währung per IP zu wechseln.",,No está activado en el tema publicado. Actívalo para cambiar idioma y moneda según la IP.,,公開中のテーマでは有効になっていません。有効にすると IP に応じて言語と通貨を切り替えられます。,,發佈主題尚未啟用 Ciwi Switcher。啟用後可依 IP 切換語言和貨幣。,,发布主题尚未启用 Ciwi Switcher。启用后可按 IP 切换语言和货币。,,Não está ativado no tema publicado. Ative-o para mudar idioma e moeda consoante o IP.,,Niet ingeschakeld op het gepubliceerde thema. Schakel het in om taal en valuta op IP te wisselen.,,Inte aktiverad på det publicerade temat. Aktivera den för att växla språk och valuta efter IP.,,Non attivato sul tema pubblicato. Attivalo per cambiare lingua e valuta in base all’IP.,,"Не ввімкнено в опублікованій темі. Увімкніть, щоб змінювати мову та валюту за IP.",,"Не включено в опубликованной теме. Включите, чтобы переключать язык и валюту по IP.",,게시된 테마에서 사용되지 않습니다. 사용하면 IP에 따라 언어와 통화를 전환할 수 있습니다.,,Yayımlanan temada etkin değil. IP’ye göre dil ve para birimi değiştirmek için etkinleştirin.,,
review,P1,home,yes,style-review,v4Mvp.themeExtension.descriptionLoading,public/locales/{code}/translation.json,Checking whether the switcher is enabled on the published theme.,,,Vérification de l’activation du sélecteur sur le thème publié.,,"Es wird geprüft, ob der Umschalter im veröffentlichten Theme aktiviert ist.",,Comprobando si el selector está activado en el tema publicado.,,公開中のテーマでスイッチャーが有効か確認しています。,,正在讀取發佈主題上的啟用狀態。,,正在读取发布主题上的启用状态。,,A verificar se o seletor está ativado no tema publicado.,,Controleren of de wisselaar is ingeschakeld op het gepubliceerde thema.,,Kontrollerar om växlaren är aktiverad på det publicerade temat.,,Verifica se il selettore è attivato sul tema pubblicato.,,"Перевіряємо, чи ввімкнено перемикач в опублікованій темі.",,"Проверяем, включён ли переключатель в опубликованной теме.",,게시된 테마에서 스위처 사용 여부를 확인하는 중입니다.,,Yayımlanan temada değiştiricinin etkin olup olmadığı kontrol ediliyor.,,
review,P1,home,yes,style-review,v4Mvp.themeExtension.descriptionUnknown,public/locales/{code}/translation.json,We couldn't read the switcher status. You can still open the theme editor to enable it.,,,Impossible de lire l’état du sélecteur. Vous pouvez tout de même ouvrir l’éditeur de thème pour l’activer.,,"Der Umschalter-Status konnte nicht gelesen werden. Du kannst den Theme-Editor trotzdem öffnen, um ihn zu aktivieren.",,No pudimos leer el estado del selector. Aún puedes abrir el editor de temas para activarlo.,,スイッチャーの状態を読み取れませんでした。テーマエディタを開いて有効にできます。,,暫時無法讀取狀態。你仍可開啟主題編輯器啟用切換器。,,暂时无法读取状态。你仍可打开主题编辑器启用切换器。,,Não foi possível ler o estado do seletor. Ainda pode abrir o editor de temas para o ativar.,,We konden de status van de wisselaar niet lezen. Je kunt de thema-editor nog steeds openen om hem in te schakelen.,,Vi kunde inte läsa växlarens status. Du kan fortfarande öppna temaredigeraren för att aktivera den.,,Impossibile leggere lo stato del selettore. Puoi comunque aprire l’editor del tema per attivarlo.,,"Не вдалося прочитати стан перемикача. Ви все одно можете відкрити редактор теми, щоб увімкнути його.",,"Не удалось прочитать статус переключателя. Вы всё равно можете открыть редактор темы, чтобы включить его.",,스위처 상태를 읽지 못했습니다. 테마 편집기를 열어 계속 활성화할 수 있습니다.,,Değiştirici durumu okunamadı. Yine de tema düzenleyicisini açarak etkinleştirebilirsiniz.,,
review,P1,home,yes,style-review,v4Mvp.themeExtension.disable,public/locales/{code}/translation.json,Disable in theme,,,Désactiver dans le thème,,Im Theme deaktivieren,,Desactivar en el tema,,テーマで無効にする,,在主題中停用,,在主题中停用,,Desativar no tema,,Uitschakelen in thema,,Inaktivera i temat,,Disattiva nel tema,,Вимкнути в темі,,Отключить в теме,,테마에서 사용 중지,,Temada devre dışı bırak,,
review,P1,home,yes,style-review,v4Mvp.themeExtension.manage,public/locales/{code}/translation.json,Manage switcher,,,Gérer le sélecteur,,Umschalter verwalten,,Gestionar el selector,,スイッチャーを管理,,管理切換器,,管理切换器,,Gerir o seletor,,Wisselaar beheren,,Hantera växlaren,,Gestisci il selettore,,Керувати перемикачем,,Управлять переключателем,,스위처 관리,,Değiştiriciyi yönet,,
review,P1,home,yes,style-review,v4Mvp.time.fast,public/locales/{code}/translation.json,About 5 min,,,Environ 5 min,,Ca. 5 Min.,,Aprox. 5 min,,約5分,,約 5 分鐘,,约 5 分钟,,Cerca de 5 min,,Ongeveer 5 min,,Cirka 5 min,,Circa 5 min,,Близько 5 хв,,Около 5 мин,,약 5분,,Yaklaşık 5 dk,,
review,P1,home,yes,style-review,v4Mvp.time.long,public/locales/{code}/translation.json,About 15-30 min,,,Environ 15-30 min,,Ca. 15-30 Min.,,Aprox. 15-30 min,,約15〜30分,,約 15-30 分鐘,,约 15-30 分钟,,Cerca de 15-30 min,,Ongeveer 15-30 min,,Cirka 15-30 min,,Circa 15-30 min,,Близько 15-30 хв,,Около 15–30 мин,,약 15-30분,,Yaklaşık 15-30 dk,,
review,P1,home,yes,style-review,v4Mvp.time.medium,public/locales/{code}/translation.json,About 5-15 min,,,Environ 5-15 min,,Ca. 5-15 Min.,,Aprox. 5-15 min,,約5〜15分,,約 5-15 分鐘,,约 5-15 分钟,,Cerca de 5-15 min,,Ongeveer 5-15 min,,Cirka 5-15 min,,Circa 5-15 min,,Близько 5-15 хв,,Около 5–15 мин,,약 5-15분,,Yaklaşık 5-15 dk,,
review,P1,home,yes,style-review,v4Mvp.time.xlong,public/locales/{code}/translation.json,30 min+,,,30 min+,,30 Min.+,,30 min+,,30分以上,,30 分鐘以上,,30 分钟以上,,30 min+,,30 min+,,30 min+,,30 min+,,30 хв+,,30 мин+,,30분 이상,,30 dk+,,
review,P1,home,yes,style-review,v4Mvp.videoCard.unavailable,public/locales/{code}/translation.json,Video unavailable,,,Vidéo indisponible,,Video nicht verfügbar,,Video no disponible,,動画を利用できません,,影片無法使用,,视频暂时不可用,,Vídeo indisponível,,Video niet beschikbaar,,Videon är inte tillgänglig,,Video non disponibile,,Відео недоступне,,Видео недоступно,,영상을 사용할 수 없음,,Video kullanılamıyor,,
review,P1,language,yes,style-review,Language and Currency Switcher,public/locales/{code}/translation.json,Language & Currency,,,Langue et devise,,Sprache & Währung,,Idioma y moneda,,言語と通貨,,語言和貨幣,,语言和货币切换器,,Idioma e moeda,,Taal en valuta,,Språk och valuta,,Lingua e valuta,,Мова та валюта,,Язык и валюта,,언어 및 통화,,Dil ve para birimi,,
review,P1,language,yes,style-review,Language not found,public/locales/{code}/translation.json,Language not found,,,Langue introuvable,,Sprache nicht gefunden,,Idioma no encontrado,,言語が見つかりません,,未找到語言,,语言未找到,,Idioma não encontrado,,Taal niet gevonden,,Språk hittades inte,,Lingua non trovata,,Мову не знайдено,,Язык не найден,,언어를 찾을 수 없습니다,,Dil bulunamadı,,
review,P1,language,yes,style-review,Language Switcher,public/locales/{code}/translation.json,Language only,,,Langue uniquement,,Nur Sprache,,Solo idioma,,言語のみ,,限語言,,语言切换器,,Apenas idioma,,Alleen taal,,Endast språk,,Solo lingua,,Тільки мова,,Только язык,,언어만,,Yalnızca dil,,
review,P1,language,yes,style-review,Languages,public/locales/{code}/translation.json,Languages,,,Langues,,Sprachen,,Idiomas,,言語,,語言,,语言,,Idiomas,,Talen,,Språk,,Lingue,,Мови,,Языки,,언어,,Diller,,
review,P1,language,yes,style-review,v4.coverage.autoTranslate,public/locales/{code}/translation.json,Auto-translate,,,Traduction automatique,,Automatische Übersetzung,,Traducción automática,,自動翻訳,,自動翻譯,,自动翻译,,Tradução automática,,Automatisch vertalen,,Automatisk översättning,,Traduzione automatica,,Автопереклад,,Автоперевод,,자동 번역,,Otomatik çeviri,,
review,P1,language,yes,style-review,v4.coverage.manageLanguages,public/locales/{code}/translation.json,Manage languages,,,Gérer les langues,,Sprachen verwalten,,Gestionar idiomas,,言語を管理,,管理語言,,管理语言,,Gerir idiomas,,Talen beheren,,Hantera språk,,Gestisci lingue,,Керувати мовами,,Управление языками,,언어 관리,,Dilleri yönet,,
review,P1,language,yes,style-review,v4.coverage.needsImprovement,public/locales/{code}/translation.json,Needs improvement,,,À améliorer,,Verbesserungsbedarf,,Necesita mejoras,,要改善,,待加強,,待完善,,A precisar de melhorias,,Verbetering nodig,,Behöver förbättras,,Da migliorare,,Потребує покращення,,Требует улучшения,,개선 필요,,İyileştirme gerekiyor,,
review,P1,language,yes,style-review,v4.coverage.noTargetLanguages,public/locales/{code}/translation.json,No target languages yet. Add them on the Language page first.,,,Aucune langue cible pour le moment. Ajoutez-en d'abord sur la page Langues.,,Noch keine Zielsprachen. Fügen Sie diese zuerst auf der Sprachseite hinzu.,,Aún no hay idiomas de destino. Añádalos primero en la página de Idiomas.,,対象言語がまだありません。まず言語ページで追加してください。,,尚未設定目標語言，請先至語言頁面新增。,,暂无目标语言，请先在语言页添加。,,Ainda sem idiomas de destino. Adicione-os primeiro na página de Idiomas.,,Nog geen doeltalen. Voeg ze eerst toe op de taalpagina.,,Inga målspråk ännu. Lägg till dem på språksidan först.,,Nessuna lingua di destinazione. Aggiungile prima nella pagina Lingue.,,Цільових мов ще немає. Спочатку додайте їх на сторінці «Мова».,,Целевые языки пока не добавлены. Сначала добавьте их на странице «Язык».,,아직 대상 언어가 없습니다. 먼저 언어 페이지에서 추가해 주세요.,,Henüz hedef dil yok. Önce Dil sayfasından ekleyin.,,
review,P1,language,yes,style-review,v4.coverage.notScanned,public/locales/{code}/translation.json,Not scanned,,,Non analysé,,Nicht gescannt,,No escaneado,,未スキャン,,尚未掃描,,未统计,,Não analisado,,Niet gescand,,Inte skannad,,Non analizzato,,Не проскановано,,Не проверено,,스캔되지 않음,,Taranmadı,,
review,P1,language,yes,style-review,v4.coverage.refreshing,public/locales/{code}/translation.json,Refreshing…,,,Actualisation…,,Wird aktualisiert…,,Actualizando…,,更新中…,,重新整理中…,,刷新中…,,A atualizar…,,Vernieuwen…,,Uppdaterar…,,Aggiornamento…,,Оновлення…,,Обновление…,,새로고침 중…,,Yenileniyor…,,
review,P1,language,yes,style-review,v4.coverage.refreshStats,public/locales/{code}/translation.json,Refresh statistics,,,Actualiser les statistiques,,Statistiken aktualisieren,,Actualizar estadísticas,,統計を更新,,重新整理統計資料,,刷新统计,,Atualizar estatísticas,,Statistieken vernieuwen,,Uppdatera statistik,,Aggiorna statistiche,,Оновити статистику,,Обновить статистику,,통계 새로고침,,İstatistikleri yenile,,
review,P1,language,yes,style-review,v4.coverage.targetLanguages,public/locales/{code}/translation.json,Target languages,,,Langues cibles,,Zielsprachen,,Idiomas de destino,,対象言語,,目標語言,,目标语言,,Idiomas de destino,,Doeltalen,,Målspråk,,Lingue di destinazione,,Цільові мови,,Целевые языки,,대상 언어,,Hedef diller,,
review,P1,language,yes,style-review,v4.coverage.title,public/locales/{code}/translation.json,Language coverage,,,Couverture linguistique,,Sprachabdeckung,,Cobertura de idiomas,,言語カバー率,,語言覆蓋率,,语言覆盖率,,Cobertura de idiomas,,Taaldekking,,Språktäckning,,Copertura linguistica,,Охоплення мов,,Охват языков,,언어 커버리지,,Dil kapsamı,,
review,P1,language,yes,style-review,v4.coverage.viewAll,public/locales/{code}/translation.json,View all {{count}} languages,,,Voir les {{count}} langues,,Alle {{count}} Sprachen anzeigen,,Ver los {{count}} idiomas,,{{count}}件の言語をすべて表示,,查看全部 {{count}} 種語言,,查看全部 {{count}} 种,,Ver todos os {{count}} idiomas,,Alle {{count}} talen bekijken,,Visa alla {{count}} språk,,Visualizza tutte le {{count}} lingue,,Переглянути всі мови ({{count}}),,Показать все языки ({{count}}),,{{count}}개 언어 모두 보기,,{{count}} dilin tümünü görüntüle,,
review,P1,manage,yes,style-review,customLiquid.noMatchingRules,public/locales/{code}/translation.json,No matching rules,,,,,,,,,,,,,没有匹配的规则,,,,,,,,,,,,,,,,,,
review,P1,onboarding,yes,style-review,onboarding.action.createFailed,public/locales/{code}/translation.json,We couldn't create the task. Please try again on the translate page.,,,Impossible de créer la tâche. Réessayez sur la page de traduction.,,Aufgabe konnte nicht erstellt werden. Bitte versuchen Sie es erneut auf der Übersetzungsseite.,,No pudimos crear la tarea. Inténtalo de nuevo en la página de traducción.,,タスクを作成できませんでした。翻訳ページでもう一度お試しください。,,任務建立失敗，請到翻譯頁面重試。,,任务创建失败，请到翻译页面重试。,,Não foi possível criar a tarefa. Tente novamente na página de tradução.,,We konden de taak niet maken. Probeer het opnieuw op de vertaalpagina.,,Vi kunde inte skapa uppgiften. Försök igen på översättningssidan.,,Impossibile creare l’attività. Riprova nella pagina di traduzione.,,Не вдалося створити завдання. Спробуйте ще раз на сторінці перекладу.,,Не удалось создать задачу. Повторите на странице перевода.,,작업을 만들 수 없습니다. 번역 페이지에서 다시 시도하세요.,,Görev oluşturulamadı. Lütfen çeviri sayfasında yeniden deneyin.,,
review,P1,onboarding,yes,style-review,onboarding.action.createInvalid,public/locales/{code}/translation.json,Please add at least one target language and module.,,,Ajoutez au moins une langue cible et un module.,,Bitte fügen Sie mindestens eine Zielsprache und ein Modul hinzu.,,Añade al menos un idioma de destino y un módulo.,,ターゲット言語とモジュールを少なくとも 1 つ追加してください。,,請至少新增一種目標語言與模組。,,请至少添加一种目标语言与模块。,,Adicione pelo menos um idioma de destino e um módulo.,,Voeg ten minste één doeltaal en module toe.,,Lägg till minst ett målspråk och en modul.,,Aggiungi almeno una lingua di destinazione e un modulo.,,Додайте принаймні одну цільову мову та модуль.,,Добавьте хотя бы один целевой язык и модуль.,,대상 언어와 모듈을 하나 이상 추가하세요.,,En az bir hedef dil ve modül ekleyin.,,
review,P1,onboarding,yes,style-review,onboarding.action.createSuccess,public/locales/{code}/translation.json,First translation task created. Redirecting…,,,Première tâche de traduction créée. Redirection…,,Erste Übersetzungsaufgabe erstellt. Weiterleitung…,,Primera tarea de traducción creada. Redirigiendo…,,最初の翻訳タスクを作成しました。リダイレクト中…,,已建立首個翻譯任務，正在跳轉…,,已创建首个翻译任务，正在跳转…,,Primeira tarefa de tradução criada. A redirecionar…,,Eerste vertaaltaak gemaakt. Doorsturen…,,Första översättningsuppgiften skapad. Omdirigerar…,,Prima attività di traduzione creata. Reindirizzamento…,,Перше завдання перекладу створено. Перенаправлення…,,Первая задача перевода создана. Перенаправление…,,첫 번역 작업이 생성되었습니다. 이동 중…,,İlk çeviri görevi oluşturuldu. Yönlendiriliyor…,,
review,P1,onboarding,yes,style-review,onboarding.action.createTask,public/locales/{code}/translation.json,Create my first translation task,,,Créer ma première tâche de traduction,,Meine erste Übersetzungsaufgabe erstellen,,Crear mi primera tarea de traducción,,最初の翻訳タスクを作成,,建立我的首個翻譯任務,,创建我的首个翻译任务,,Criar a minha primeira tarefa de tradução,,Mijn eerste vertaaltaak maken,,Skapa min första översättningsuppgift,,Crea la mia prima attività di traduzione,,Створити перше завдання перекладу,,Создать первую задачу перевода,,첫 번역 작업 만들기,,İlk çeviri görevimi oluştur,,
review,P1,onboarding,yes,style-review,onboarding.action.customize,public/locales/{code}/translation.json,Customize settings,,,Personnaliser les paramètres,,Einstellungen anpassen,,Personalizar ajustes,,設定をカスタマイズ,,自訂設定,,自定义设置,,Personalizar definições,,Instellingen aanpassen,,Anpassa inställningar,,Personalizza le impostazioni,,Налаштувати параметри,,Настроить параметры,,설정 사용자 지정,,Ayarları özelleştir,,
review,P1,onboarding,yes,style-review,onboarding.action.hint,public/locales/{code}/translation.json,You can always change languages and modules later on the translate page.,,,Vous pourrez toujours modifier langues et modules plus tard sur la page de traduction.,,Sprachen und Module können Sie später jederzeit auf der Übersetzungsseite ändern.,,Siempre puedes cambiar idiomas y módulos más tarde en la página de traducción.,,言語とモジュールは後から翻訳ページでいつでも変更できます。,,語言與模組隨時可以在翻譯頁面調整。,,语言与模块随时可以在翻译页面调整。,,Pode sempre alterar idiomas e módulos mais tarde na página de tradução.,,Je kunt talen en modules later altijd wijzigen op de vertaalpagina.,,Du kan alltid ändra språk och moduler senare på översättningssidan.,,Puoi sempre modificare lingue e moduli in seguito nella pagina di traduzione.,,Мови та модулі завжди можна змінити пізніше на сторінці перекладу.,,Языки и модули всегда можно изменить позже на странице перевода.,,언어와 모듈은 나중에 번역 페이지에서 언제든 변경할 수 있습니다.,,Dilleri ve modülleri daha sonra çeviri sayfasından her zaman değiştirebilirsiniz.,,
review,P1,onboarding,yes,style-review,onboarding.action.skip,public/locales/{code}/translation.json,Skip for now,,,Ignorer pour l’instant,,Vorerst überspringen,,Omitir por ahora,,今はスキップ,,暫時跳過,,暂时跳过,,Ignorar por agora,,Voorlopig overslaan,,Hoppa över tills vidare,,Salta per ora,,Поки що пропустити,,Пропустить пока,,지금은 건너뛰기,,Şimdilik atla,,
review,P1,onboarding,yes,style-review,onboarding.cost.credits,public/locales/{code}/translation.json,Estimated credits,,,Crédits estimés,,Geschätzte Credits,,Créditos estimados,,推定クレジット,,預估積分,,预估积分,,Créditos estimados,,Geschatte credits,,Uppskattade krediter,,Crediti stimati,,Орієнтовні кредити,,Оценка кредитов,,예상 크레딧,,Tahmini kredi,,
review,P1,onboarding,yes,style-review,onboarding.cost.minutes,public/locales/{code}/translation.json,about {{count}} min,,,environ {{count}} min,,etwa {{count}} Min.,,unos {{count}} min,,約 {{count}} 分,,約 {{count}} 分鐘,,约 {{count}} 分钟,,cerca de {{count}} min,,ongeveer {{count}} min,,cirka {{count}} min,,circa {{count}} min,,близько {{count}} хв,,около {{count}} мин,,약 {{count}}분,,yaklaşık {{count}} dk,,
review,P1,onboarding,yes,style-review,onboarding.cost.modules,public/locales/{code}/translation.json,Recommended modules,,,Modules recommandés,,Empfohlene Module,,Módulos recomendados,,おすすめモジュール,,推薦模組,,推荐模块,,Módulos recomendados,,Aanbevolen modules,,Rekommenderade moduler,,Moduli consigliati,,Рекомендовані модулі,,Рекомендуемые модули,,추천 모듈,,Önerilen modüller,,
review,P1,onboarding,yes,style-review,onboarding.cost.needMore,public/locales/{code}/translation.json,This may need more credits than you currently have.,,,Cela peut nécessiter plus de crédits que vous n’en avez actuellement.,,"Dies kann mehr Credits erfordern, als Sie derzeit haben.",,Esto puede necesitar más créditos de los que tienes actualmente.,,現在の保有クレジットより多く必要になる可能性があります。,,本次翻譯可能需要比目前更多的積分。,,本次翻译可能需要比当前更多的积分。,,Isto pode precisar de mais créditos do que tem atualmente.,,Dit kan meer credits nodig hebben dan je nu hebt.,,Detta kan kräva fler krediter än du har just nu.,,Potrebbero servire più crediti di quelli attualmente disponibili.,,"Може знадобитися більше кредитів, ніж у вас зараз є.",,"Может потребоваться больше кредитов, чем у вас есть сейчас.",,현재 보유한 크레딧보다 더 많이 필요할 수 있습니다.,,Şu an sahip olduğunuzdan daha fazla kredi gerekebilir.,,
review,P1,onboarding,yes,style-review,onboarding.cost.time,public/locales/{code}/translation.json,Estimated time,,,Durée estimée,,Geschätzte Dauer,,Tiempo estimado,,推定時間,,預估耗時,,预估耗时,,Tempo estimado,,Geschatte tijd,,Uppskattad tid,,Tempo stimato,,Орієнтовний час,,Оценка времени,,예상 소요 시간,,Tahmini süre,,
review,P1,onboarding,yes,style-review,onboarding.cost.title,public/locales/{code}/translation.json,Estimated cost & time,,,Coût et durée estimés,,Geschätzte Kosten & Zeit,,Coste y tiempo estimados,,推定コストと時間,,預估積分與時間,,预估积分与时间,,Custo e tempo estimados,,Geschatte kosten en tijd,,Uppskattad kostnad och tid,,Costo e tempo stimati,,Орієнтовна вартість і час,,Оценка стоимости и времени,,예상 비용 및 시간,,Tahmini maliyet ve süre,,
review,P1,onboarding,yes,style-review,onboarding.cost.unavailable,public/locales/{code}/translation.json,We'll show a precise estimate once your scan finishes.,,,Nous afficherons une estimation précise une fois le scan terminé.,,"Eine genaue Schätzung erscheint, sobald der Scan fertig ist.",,Mostraremos una estimación precisa cuando termine el escaneo.,,スキャン完了後に正確な見積もりを表示します。,,掃描完成後將顯示更精確的預估。,,扫描完成后将显示更精确的预估。,,Mostraremos uma estimativa precisa quando a análise terminar.,,We tonen een precieze schatting zodra de scan klaar is.,,Vi visar en precis uppskattning när skanningen är klar.,,Mostreremo una stima precisa al termine della scansione.,,Точну оцінку покажемо після завершення сканування.,,Точная оценка появится после завершения сканирования.,,스캔이 끝나면 정확한 추정치를 표시합니다.,,Tarama bitince net bir tahmin göstereceğiz.,,
review,P1,onboarding,yes,style-review,onboarding.health.computing,public/locales/{code}/translation.json,We're still calculating your coverage — you can continue.,,,Nous calculons encore votre couverture — vous pouvez continuer.,,Wir berechnen Ihre Abdeckung noch — Sie können fortfahren.,,Aún estamos calculando tu cobertura — puedes continuar.,,カバレッジを計算中です。続行できます。,,覆蓋率仍在計算中——你可以繼續操作。,,覆盖率仍在计算中——你可以继续操作。,,Ainda estamos a calcular a sua cobertura — pode continuar.,,We berekenen je dekking nog — je kunt doorgaan.,,Vi beräknar fortfarande din täckning — du kan fortsätta.,,Stiamo ancora calcolando la copertura — puoi continuare.,,Ми ще обчислюємо покриття — ви можете продовжити.,,Мы ещё считаем покрытие — вы можете продолжить.,,적용 범위를 아직 계산 중입니다. 계속 진행할 수 있습니다.,,Kapsamınızı hâlâ hesaplıyoruz — devam edebilirsiniz.,,
review,P1,onboarding,yes,style-review,onboarding.health.fastHint,public/locales/{code}/translation.json,Scanned {{done}}/{{total}} key modules · {{translated}}/{{items}} items,,,{{done}}/{{total}} modules clés analysés · {{translated}}/{{items}} éléments,,{{done}}/{{total}} Schlüsselmodule gescannt · {{translated}}/{{items}} Elemente,,Escaneados {{done}}/{{total}} módulos clave · {{translated}}/{{items}} elementos,,主要モジュール {{done}}/{{total}} をスキャン · {{translated}}/{{items}} 項目,,已掃描 {{done}}/{{total}} 個核心模組 · {{translated}}/{{items}} 條,,已扫描 {{done}}/{{total}} 个核心模块 · {{translated}}/{{items}} 条,,Analisados {{done}}/{{total}} módulos principais · {{translated}}/{{items}} itens,,{{done}}/{{total}} kernmodules gescand · {{translated}}/{{items}} items,,Skannade {{done}}/{{total}} nyckelmoduler · {{translated}}/{{items}} objekt,,Scansionati {{done}}/{{total}} moduli chiave · {{translated}}/{{items}} elementi,,Проскановано {{done}}/{{total}} ключових модулів · {{translated}}/{{items}} елементів,,Просканировано {{done}}/{{total}} ключевых модулей · {{translated}}/{{items}} элементов,,핵심 모듈 {{done}}/{{total}}개 스캔 · {{translated}}/{{items}}개 항목,,{{done}}/{{total}} temel modül tarandı · {{translated}}/{{items}} öğe,,
review,P1,onboarding,yes,style-review,onboarding.health.fastLocale,public/locales/{code}/translation.json,sample coverage for {{locale}},,,couverture échantillon pour {{locale}},,Beispielabdeckung für {{locale}},,cobertura de muestra para {{locale}},,{{locale}} のサンプルカバレッジ,,{{locale}} 樣本覆蓋率,,{{locale}} 关键覆盖率,,cobertura de amostra para {{locale}},,steekproefdekking voor {{locale}},,exempeltäckning för {{locale}},,copertura campione per {{locale}},,вибіркове покриття для {{locale}},,выборочное покрытие для {{locale}},,{{locale}} 샘플 적용 범위,,{{locale}} için örnek kapsam,,
review,P1,onboarding,yes,style-review,onboarding.health.fullScanPending,public/locales/{code}/translation.json,Full store coverage is still scanning in the background.,,,La couverture complète de la boutique est encore en cours d’analyse en arrière-plan.,,Die vollständige Shop-Abdeckung wird im Hintergrund noch gescannt.,,La cobertura completa de la tienda aún se está escaneando en segundo plano.,,ストア全体のカバレッジはバックグラウンドでスキャン中です。,,全店覆蓋率仍在背景掃描中。,,全店覆盖率仍在后台扫描中。,,A cobertura completa da loja ainda está a ser analisada em segundo plano.,,De volledige winkeldekking wordt nog op de achtergrond gescand.,,Fullständig butikstäckning skannas fortfarande i bakgrunden.,,La copertura completa del negozio è ancora in scansione in background.,,Повне покриття магазину ще сканується у фоні.,,Полное покрытие магазина ещё сканируется в фоне.,,전체 스토어 적용 범위는 아직 백그라운드에서 스캔 중입니다.,,Tam mağaza kapsamı arka planda hâlâ taranıyor.,,
review,P1,onboarding,yes,style-review,onboarding.health.overall,public/locales/{code}/translation.json,overall coverage,,,couverture globale,,Gesamtabdeckung,,cobertura general,,全体のカバレッジ,,整體覆蓋率,,整体覆盖率,,cobertura geral,,totale dekking,,total täckning,,copertura complessiva,,загальне покриття,,общее покрытие,,전체 적용 범위,,genel kapsam,,
review,P1,onboarding,yes,style-review,onboarding.health.partial,public/locales/{code}/translation.json,Your store is partially translated. Product content usually has the largest gap.,,,Votre boutique est partiellement traduite. Le contenu produit a généralement le plus grand écart.,,Ihr Shop ist teilweise übersetzt. Produktinhalte haben meist die größte Lücke.,,Tu tienda está parcialmente traducida. El contenido de producto suele tener el mayor vacío.,,ストアは部分的に翻訳されています。通常、商品コンテンツのギャップが最大です。,,你的店鋪已部分翻譯，通常商品內容的缺口最大。,,你的店铺已部分翻译，通常商品内容的缺口最大。,,A sua loja está parcialmente traduzida. O conteúdo de produto costuma ter a maior lacuna.,,Je winkel is gedeeltelijk vertaald. Productinhoud heeft meestal de grootste kloof.,,Din butik är delvis översatt. Produktinnehåll har oftast det största gapet.,,Il tuo negozio è parzialmente tradotto. I contenuti prodotto di solito hanno il divario maggiore.,,Ваш магазин перекладено частково. Зазвичай найбільший розрив у товарному контенті.,,Магазин переведён частично. Обычно наибольший разрыв — в товарном контенте.,,스토어가 부분적으로 번역되어 있습니다. 보통 상품 콘텐츠의 공백이 가장 큽니다.,,Mağazanız kısmen çevrilmiş. Ürün içeriğinde genellikle en büyük boşluk vardır.,,
review,P1,onboarding,yes,style-review,onboarding.health.partialBadge,public/locales/{code}/translation.json,Key modules,,,Modules clés,,Schlüsselmodule,,Módulos clave,,主要モジュール,,核心模組,,核心模块,,Módulos principais,,Kernmodules,,Nyckelmoduler,,Moduli chiave,,Ключові модулі,,Ключевые модули,,핵심 모듈,,Temel modüller,,
review,P1,onboarding,yes,style-review,onboarding.health.title,public/locales/{code}/translation.json,Translation health,,,Santé de traduction de la boutique,,Übersetzungsgesundheit des Shops,,Salud de traducción de la tienda,,ストアの翻訳ヘルス,,店鋪翻譯健康度,,翻译健康度,,Saúde de tradução da loja,,Vertaalgezondheid van de winkel,,Butikens översättningshälsa,,Stato della traduzione del negozio,,Здоров’я перекладу магазину,,Здоровье перевода магазина,,스토어 번역 상태,,Mağaza çeviri sağlığı,,
review,P1,onboarding,yes,style-review,onboarding.health.topGaps,public/locales/{code}/translation.json,Biggest gaps,,,Écarts les plus importants,,Größte Lücken,,Mayores vacíos,,最大のギャップ,,缺口最大,,缺口最大,,Maiores lacunas,,Grootste hiaten,,Största gapen,,Divari maggiori,,Найбільші прогалини,,Крупнейшие пробелы,,가장 큰 공백,,En büyük boşluklar,,
review,P1,onboarding,yes,style-review,onboarding.languages.empty,public/locales/{code}/translation.json,No target languages are configured yet. Add languages to start translating.,,,Aucune langue cible n’est encore configurée. Ajoutez des langues pour commencer à traduire.,,"Noch keine Zielsprachen konfiguriert. Fügen Sie Sprachen hinzu, um mit dem Übersetzen zu beginnen.",,Aún no hay idiomas de destino configurados. Añade idiomas para empezar a traducir.,,まだターゲット言語が設定されていません。翻訳を始めるには言語を追加してください。,,尚未設定目標語言。請先新增語言再開始翻譯。,,尚未配置目标语言。请先添加语言再开始翻译。,,Ainda não há idiomas de destino configurados. Adicione idiomas para começar a traduzir.,,Er zijn nog geen doeltalen geconfigureerd. Voeg talen toe om te beginnen met vertalen.,,Inga målspråk är konfigurerade ännu. Lägg till språk för att börja översätta.,,Nessuna lingua di destinazione è ancora configurata. Aggiungi lingue per iniziare a tradurre.,,"Цільові мови ще не налаштовано. Додайте мови, щоб почати переклад.",,"Целевые языки ещё не настроены. Добавьте языки, чтобы начать перевод.",,아직 대상 언어가 구성되지 않았습니다. 번역을 시작하려면 언어를 추가하세요.,,Henüz hedef dil yapılandırılmadı. Çeviriye başlamak için dil ekleyin.,,
review,P1,onboarding,yes,style-review,onboarding.languages.title,public/locales/{code}/translation.json,Recommended languages,,,Langues recommandées,,Empfohlene Sprachen,,Idiomas recomendados,,おすすめの言語,,推薦語言,,推荐语言,,Idiomas recomendados,,Aanbevolen talen,,Rekommenderade språk,,Lingue consigliate,,Рекомендовані мови,,Рекомендуемые языки,,추천 언어,,Önerilen diller,,
review,P1,onboarding,yes,style-review,onboarding.pageTitle,public/locales/{code}/translation.json,Get started,,,Premiers pas,,Erste Schritte,,Primeros pasos,,はじめに,,開始使用,,开始使用,,Começar,,Aan de slag,,Kom igång,,Per iniziare,,Початок роботи,,Начало работы,,시작하기,,Başlayın,,
review,P1,onboarding,yes,style-review,onboarding.preparing.coverageProgress,public/locales/{code}/translation.json,{{locale}} · {{done}}/{{total}} · {{module}},,,{{locale}} · {{done}}/{{total}} · {{module}},,{{locale}} · {{done}}/{{total}} · {{module}},,{{locale}} · {{done}}/{{total}} · {{module}},,{{locale}} · {{done}}/{{total}} · {{module}},,{{locale}} · {{done}}/{{total}} · {{module}},,{{locale}} · {{done}}/{{total}} · {{module}},,{{locale}} · {{done}}/{{total}} · {{module}},,{{locale}} · {{done}}/{{total}} · {{module}},,{{locale}} · {{done}}/{{total}} · {{module}},,{{locale}} · {{done}}/{{total}} · {{module}},,{{locale}} · {{done}}/{{total}} · {{module}},,{{locale}} · {{done}}/{{total}} · {{module}},,{{locale}} · {{done}}/{{total}} · {{module}},,{{locale}} · {{done}}/{{total}} · {{module}},,
review,P1,onboarding,yes,style-review,onboarding.preparing.hint,public/locales/{code}/translation.json,We found {{count}} language(s) to recommend for your store.,,,Nous avons trouvé {{count}} langue(s) à recommander pour votre boutique.,,Wir haben {{count}} Sprache(n) für Ihren Shop empfohlen.,,Encontramos {{count}} idioma(s) recomendados para tu tienda.,,ストアにおすすめの言語を {{count}} 件見つけました。,,已為你的店鋪找到 {{count}} 種推薦語言。,,已为你的店铺找到 {{count}} 种推荐语言。,,Encontrámos {{count}} idioma(s) para recomendar à sua loja.,,We hebben {{count}} taal/talen gevonden om voor je winkel aan te bevelen.,,Vi hittade {{count}} språk att rekommendera för din butik.,,Abbiamo trovato {{count}} lingua/e da consigliare per il tuo negozio.,,Ми знайшли {{count}} мову/мов для рекомендації вашому магазину.,,Мы нашли {{count}} язык(а/ов) для рекомендации вашему магазину.,,스토어에 추천할 언어 {{count}}개를 찾았습니다.,,Mağazanız için önerilecek {{count}} dil bulduk.,,
review,P1,onboarding,yes,style-review,onboarding.preparing.subtitle,public/locales/{code}/translation.json,We are preparing the best translation setup for your store.,,,Nous préparons la meilleure configuration de traduction pour votre boutique.,,Wir bereiten die beste Übersetzungseinrichtung für Ihren Shop vor.,,Estamos preparando la mejor configuración de traducción para tu tienda.,,ストアに最適な翻訳設定を準備しています。,,我們正在為你的店鋪準備最適合的翻譯方案。,,我们正在为你的店铺准备最合适的翻译方案。,,Estamos a preparar a melhor configuração de tradução para a sua loja.,,We bereiden de beste vertaalinstelling voor je winkel voor.,,Vi förbereder den bästa översättningsinställningen för din butik.,,Stiamo preparando la migliore configurazione di traduzione per il tuo negozio.,,Ми готуємо найкраще налаштування перекладу для вашого магазину.,,Мы готовим оптимальную настройку перевода для вашего магазина.,,스토어에 가장 적합한 번역 설정을 준비하고 있습니다.,,Mağazanız için en iyi çeviri kurulumunu hazırlıyoruz.,,
review,P1,onboarding,yes,style-review,onboarding.preparing.welcome,public/locales/{code}/translation.json,Welcome to Ciwi AI translator,,,Bienvenue sur CIWI Translate,,Willkommen bei CIWI Translate,,Bienvenido a CIWI Translate,,CIWI Translate へようこそ,,歡迎使用 CIWI Translate,,欢迎使用 Ciwi AI translator,,Bem-vindo ao CIWI Translate,,Welkom bij CIWI Translate,,Välkommen till CIWI Translate,,Benvenuto in CIWI Translate,,Ласкаво просимо до CIWI Translate,,Добро пожаловать в CIWI Translate,,CIWI Translate에 오신 것을 환영합니다,,CIWI Translate’e hoş geldiniz,,
review,P1,onboarding,yes,style-review,onboarding.recommendation.subtitle,public/locales/{code}/translation.json,We've prepared the next step for you — review and continue.,,,Nous avons préparé l’étape suivante — vérifiez et continuez.,,Wir haben den nächsten Schritt für Sie vorbereitet — prüfen und fortfahren.,,Hemos preparado el siguiente paso — revísalo y continúa.,,次のステップを用意しました。内容を確認して続行してください。,,我們已經幫你想好下一步——確認後即可繼續。,,我们已经帮你想好下一步——确认后即可继续。,,Preparamos o próximo passo — reveja e continue.,,We hebben de volgende stap voor je voorbereid — controleer en ga verder.,,Vi har förberett nästa steg — granska och fortsätt.,,Abbiamo preparato il passo successivo — rivedi e continua.,,Ми підготували наступний крок — перегляньте й продовжуйте.,,Мы подготовили следующий шаг — проверьте и продолжайте.,,다음 단계를 준비했습니다. 확인 후 계속하세요.,,Bir sonraki adımı hazırladık — gözden geçirin ve devam edin.,,
review,P1,onboarding,yes,style-review,onboarding.recommendation.title,public/locales/{code}/translation.json,Your recommended setup,,,Votre configuration recommandée,,Ihre empfohlene Einrichtung,,Tu configuración recomendada,,おすすめの設定,,為你推薦的方案,,为你推荐的方案,,A sua configuração recomendada,,Je aanbevolen instelling,,Din rekommenderade inställning,,La tua configurazione consigliata,,Рекомендоване налаштування,,Рекомендуемая настройка,,추천 설정,,Önerilen kurulumunuz,,
review,P1,other,yes,style-review,{{credits}} credits/month,public/locales/{code}/translation.json,{{credits}} credits/month,,,{{credits}} crédits/mois,,{{credits}} Credits/Monat,,{{credits}} créditos/mes,,{{credits}} クレジット/月,,{{credits}} 積分/月,,{{credits}} 积分/月,,{{credits}} créditos/mês,,{{credits}} credits/maand,,{{credits}} krediter/månad,,{{credits}} crediti/mese,,{{credits}} кредитів/місяць,,{{credits}} кредитов/месяц,,{{credits}} 크레딧/월,,{{credits}} kredi/ay,,
review,P1,other,yes,style-review,/month,public/locales/{code}/translation.json,/month,,,/mois,,/Monat,,/mes,,/月,,/月,,/月,,/mês,,/maand,,/månad,,/mese,,/місяць,,/месяц,,/월,,/ay,,
review,P1,other,yes,style-review,1000 credits,public/locales/{code}/translation.json,1000 credits,,,1000 crédits,,1000 Credits,,1000 créditos,,1000クレジット,,1000積分,,1000积分,,1000 créditos,,1000 studiepunten,,1000 poäng,,1000 crediti,,1000 кредитів,,1000 кредитов,,1000 크레딧,,1000 kredi,,
review,P1,other,yes,style-review,Action,public/locales/{code}/translation.json,Action,,,Action,,Aktion,,Acción,,アクション,,行動,,操作,,Ação,,Actie,,Åtgärd,,Azione,,Дія,,Действие,,행동,,İşlem,,
review,P1,other,yes,style-review,Add,public/locales/{code}/translation.json,Add,,,Ajouter,,Hinzufügen,,Agregar,,追加,,添加,,添加,,Adicionar,,Toevoegen,,Lägg till,,Aggiungi,,Додати,,Добавить,,추가하다,,Ekle,,
review,P1,other,yes,style-review,Africa,public/locales/{code}/translation.json,Africa,,,Afrique,,Afrika,,África,,アフリカ,,非洲,,非洲,,África,,Afrika,,Afrika,,Africa,,Африка,,Африка,,아프리카,,Afrika,,
review,P1,other,yes,style-review,"After setting, you can",public/locales/{code}/translation.json,"After setting, you can",,,"Après la configuration, vous pouvez",,Nach der Einstellung können Sie,,"Después de configurarlo, puede",,設定後、,,設定完成後，你可以,,设置后，您可以,,"Depois de configurar, pode",,Na het instellen kunt u,,Efter inställningen kan du,,"Dopo l'impostazione, puoi",,Після налаштування ви можете,,После настройки вы можете,,"설정 후, 다음을 수행할 수 있습니다.",,Ayarladıktan sonra,,
review,P1,other,yes,style-review,all in Basic Plan,public/locales/{code}/translation.json,All features from Basic Plan,,,Toutes les fonctionnalités du plan Basic,,Alle Funktionen aus dem Basic Plan,,Todas las funciones del plan Basic,,Basic プランの全機能,,基本計劃的所有功能,,所有功能都在Basic计划中,,Todas as funcionalidades do plano Basic,,Alle functies van het Basic-plan,,Alla funktioner i Basic-planen,,Tutte le funzionalità del piano Basic,,Всі функції з базового плану,,Все функции из базового плана,,기본 플랜의 모든 기능,,Basic Plan'daki tüm özellikler,,
review,P1,other,yes,style-review,all in Pro Plan,public/locales/{code}/translation.json,All features from Pro Plan,,,Toutes les fonctionnalités du plan Pro,,Alle Funktionen aus dem Pro Plan,,Todas las funciones del plan Pro,,Pro プランの全機能,,Pro Plan 的所有功能,,所有功能都在Pro计划中,,Todas as funcionalidades do plano Pro,,Alle functies van het Pro-plan,,Alla funktioner i Pro-planen,,Tutte le funzionalità del piano Pro,,Всі функції з професійного плану,,Все функции тарифного плана Pro,,Pro Plan의 모든 기능,,Pro Plan'daki tüm özellikler,,
review,P1,other,yes,style-review,Always on,public/locales/{code}/translation.json,Always on,,,Toujours activé,,Immer aktiv,,Siempre activo,,常時オン,,一律開啟,,默认开启,,Sempre ativo,,Altijd aan,,Alltid på,,Sempre attivo,,Завжди увімкнено,,Всегда включено,,항상 켜짐,,Her zaman açık,,
review,P1,other,yes,style-review,Annual payment after discount,public/locales/{code}/translation.json,Annual payment after discount,,,Paiement annuel après réduction,,Jährliche Zahlung nach Rabatt,,Pago anual después del descuento,,割引後の年間支払い,,折扣後年付,,年度支付后折扣,,Pagamento anual com desconto,,Jaarlijkse betaling na korting,,Årsbetalning efter rabatt,,Pagamento annuale scontato,,Річна оплата зі знижкою,,Ежегодный платеж после скидки,,할인 후 연간 결제,,İndirim sonrası yıllık ödeme,,
review,P1,other,yes,style-review,Annual payment discount,public/locales/{code}/translation.json,Annual payment discount,,,Réduction pour paiement annuel,,Jährlicher Zahlungsrabatt,,Descuento por pago anual,,年間支払い割引,,年度付款折扣,,年度支付折扣,,Desconto por pagamento anual,,Korting bij jaarlijkse betaling,,Rabatt vid årsbetalning,,Sconto pagamento annuale,,Знижка при річній оплаті,,Скидка за годовой платеж,,연간 결제 할인,,Yıllık ödeme indirimi,,
review,P1,other,yes,style-review,Apply for,public/locales/{code}/translation.json,Apply for,,,Demander,,Anwenden für,,Solicitar,,適用対象,,申請,,适用,,Solicitar,,Aanvragen voor,,Ansök om,,Richiedi,,Застосувати для,,Подать заявку,,신청하세요,,Başvur,,
review,P1,other,yes,style-review,"Are you sure to delete this language? After deletion, the translation data will be deleted together",public/locales/{code}/translation.json,Are you sure you want to delete this language? Deleting it will also remove all related translation data.,,,Êtes-vous sûr de vouloir supprimer cette langue ? La suppression entraînera également la suppression de toutes les données de traduction associées.,,"Sind Sie sicher, dass Sie diese Sprache löschen möchten? Das Löschen entfernt auch alle zugehörigen Übersetzungsdaten.",,"¿Está seguro de que desea eliminar este idioma? Al eliminarlo, también se eliminarán todos los datos de traducción relacionados.",,この言語を削除しますか？削除すると関連する翻訳データもすべて削除されます。,,您確定要刪除此語言嗎？刪除它會同時刪除所有相關的翻譯資料。,,您确定要删除此语言吗？删除后，翻译数据将一起删除,,Tem a certeza de que pretende eliminar este idioma? A eliminação removerá também todos os dados de tradução relacionados.,,Weet u zeker dat u deze taal wilt verwijderen? Bij verwijdering worden ook alle gerelateerde vertaalgegevens verwijderd.,,Är du säker på att du vill ta bort detta språk? Borttagning tar även bort all relaterad översättningsdata.,,Sei sicuro di voler eliminare questa lingua? L'eliminazione rimuoverà anche tutti i dati di traduzione correlati.,,"Ви впевнені, що хочете видалити цю мову? Після видалення дані перекладу також будуть видалені.",,"Вы уверены, что хотите удалить этот язык? Удаление его также удалит все связанные данные перевода.",,이 언어를 삭제하시겠습니까? 삭제하면 관련 번역 데이터도 모두 삭제됩니다.,,Bu dili silmek istediğinizden emin misiniz? Silindiğinde ilgili tüm çeviri verileri de kaldırılacaktır.,,
review,P1,other,yes,style-review,Article,public/locales/{code}/translation.json,Articles,,,Article,,Artikel,,Artículo,,記事,,文章,,文章,,Artigo,,Artikel,,Artikel,,Articoli,,Статті,,Статья,,조항,,Makale,,
review,P1,other,yes,style-review,Articles,public/locales/{code}/translation.json,Articles,,,Articles,,Artikel,,Artículos,,記事,,文章,,文章,,Artigos,,Artikelen,,Artiklar,,Articoli,,Статті,,Устав,,조항,,Makaleler,,
review,P1,other,yes,style-review,Asia,public/locales/{code}/translation.json,Asia,,,Asie,,Asien,,Asia,,アジア,,亞洲,,亚洲,,Ásia,,Azië,,Asien,,Asia,,Азія,,Азиатский,,아시아,,Asya,,
review,P1,other,yes,style-review,Auto,public/locales/{code}/translation.json,Auto,,,Auto,,Automatisch,,Auto,,自動,,汽車,,自动,,Auto,,Auto,,Auto,,Automatico,,Авто,,Автоматический режим,,자동,,Otomatik,,
review,P1,other,yes,style-review,Auto adaptation settings,public/locales/{code}/translation.json,Auto adaptation settings,,,Paramètres d'adaptation automatique,,Automatische Anpassungseinstellungen,,Configuración de adaptación automática,,自動適応設定,,自動適應設定,,自动适配设置,,Definições de adaptação automática,,Instellingen voor automatische aanpassing,,Inställningar för automatisk anpassning,,Impostazioni di adattamento automatico,,Налаштування автоматичної адаптації,,Настройки автоподстройки,,자동 적응 설정,,Otomatik uyarlama ayarları,,
review,P1,other,yes,style-review,Auto translate updated successfully,public/locales/{code}/translation.json,Auto translate updated successfully,,,Traduction automatique mise à jour avec succès,,Auto-Übersetzung erfolgreich aktualisiert,,Traducción automática actualizada correctamente,,自動翻訳を更新しました,,自動翻譯更新成功,,自动翻译更新成功,,Tradução automática atualizada com sucesso,,Automatisch vertalen succesvol bijgewerkt,,Automatisk översättning uppdaterad,,Traduzione automatica aggiornata con successo,,Автоматичний переклад успішно оновлено,,Автоматический перевод успешно обновлен,,자동 번역이 성공적으로 업데이트되었습니다.,,Otomatik çeviri başarıyla güncellendi,,
review,P1,other,yes,style-review,Auto translation,public/locales/{code}/translation.json,Auto-translate,,,Traduction automatique,,Auto-Übersetzung,,Traducción automática,,自動翻訳,,自動翻譯,,自动翻译,,Tradução automática,,Automatisch vertalen,,Automatisk översättning,,Traduzione automatica,,Автоматичний переклад,,Авто-перевод,,자동 번역,,Otomatik çeviri,,
review,P1,other,yes,style-review,Auto-translate third-party apps,public/locales/{code}/translation.json,Auto-translate third-party apps,,,Traduire automatiquement les applications tierces,,Drittanbieter-Apps automatisch übersetzen,,Traducir automáticamente aplicaciones de terceros,,サードパーティアプリを自動翻訳,,自動翻譯第三方應用程式,,自动翻译第三方 app,,Traduzir automaticamente aplicações de terceiros,,Apps van derden automatisch vertalen,,Översätt tredjepartsappar automatiskt,,Traduci automaticamente app di terze parti,,Автоматичний переклад сторонніх застосунків,,Автоперевод сторонних приложений,,타사 앱 자동 번역,,Üçüncü taraf uygulamaları otomatik çevir,,
review,P1,other,yes,style-review,Automatic IP switching,public/locales/{code}/translation.json,Automatic IP switching,,,Basculement automatique par IP,,Automatisches IP-Umschalten,,Cambio automático por IP,,自動 IP 切替,,自動IP切換,,自动 IP 切换,,Mudança automática por IP,,Automatisch IP-schakelen,,Automatisk IP-växling,,Commutazione IP automatica,,Автоматичне перемикання за IP,,Автоматическое переключение IP,,자동 IP 전환,,Otomatik IP geçişi,,
review,P1,other,yes,style-review,Automatic translation updates,public/locales/{code}/translation.json,Automatic translation updates,,,Mises à jour automatiques des traductions,,Automatische Übersetzungsupdates,,Actualizaciones automáticas de traducción,,自動翻訳更新,,自動翻譯更新,,自动翻译更新,,Atualizações automáticas de tradução,,Automatische vertaalupdates,,Automatiska översättningsuppdateringar,,Aggiornamenti traduzione automatici,,Автоматичні оновлення перекладу,,Автоматическое обновление перевода,,자동 번역 업데이트,,Otomatik çeviri güncellemeleri,,
review,P1,other,yes,style-review,Available now,public/locales/{code}/translation.json,Available now,,,Disponible maintenant,,Jetzt verfügbar,,Disponible ahora,,現在利用可能,,目前可用,,当前可用,,Disponível agora,,Nu beschikbaar,,Tillgängliga nu,,Disponibili ora,,Доступно зараз,,Доступно сейчас,,지금 사용 가능,,Şu anda kullanılabilir,,
review,P1,other,yes,style-review,basic_features1,public/locales/{code}/translation.json,Purchase extra characters (10% discount),,,Acheter des caractères supplémentaires (10 % de réduction),,Zusätzliche Zeichen kaufen (10% Rabatt),,Comprar caracteres adicionales (10 % de descuento),,追加文字の購入（10% 割引）,,購買額外角色（10%折扣）,,购买额外字符（10% 折扣）,,Comprar caracteres extra (desconto de 10%),,Extra tekens kopen (10% korting),,Köp extra tecken (10 % rabatt),,Acquista caratteri extra (sconto del 10%),,Купівля додаткових символів (знижка 10%),,Приобретите дополнительных персонажей (скидка 10%),,추가 캐릭터 구매 (10% 할인),,Ek karakter satın alın (%10 indirim),,
review,P1,other,yes,style-review,basic_features2,public/locales/{code}/translation.json,Auto-translate and update untranslated content,,,Traduire et mettre à jour automatiquement le contenu non traduit,,Auto-Übersetzung und Aktualisierung nicht übersetzter Inhalte,,Traducir y actualizar automáticamente el contenido sin traducir,,未翻訳コンテンツの自動翻訳と更新,,自動翻譯並更新未翻譯的內容,,自动更新和翻译,,Traduzir e atualizar automaticamente conteúdos não traduzidos,,Automatisch vertalen en niet-vertaalde content bijwerken,,Översätt och uppdatera automatiskt oöversatt innehåll,,Traduci e aggiorna automaticamente i contenuti non tradotti,,Автоматичний переклад та оновлення неперекладеного контенту,,Автоперевод и обновление непереведенного контента,,자동 번역 및 번역되지 않은 콘텐츠 업데이트,,Çevrilmemiş içeriği otomatik çevir ve güncelle,,
review,P1,other,yes,style-review,basic_features4,public/locales/{code}/translation.json,Unlimited language and currency support,,,Premium language and currency support,,Unbegrenzte Sprach- und Währungsunterstützung,,Premium language and currency support,,Premium language and currency support,,無限的語言和貨幣支持,,无限制语言翻译和货币添加,,Premium language and currency support,,Premium language and currency support,,Premium language and currency support,,Premium language and currency support,,Необмежена підтримка мов та валют,,Premium language and currency support,,무제한 언어 및 통화 지원,,Premium language and currency support,,
review,P1,other,yes,style-review,basic_features5,public/locales/{code}/translation.json,Manual translation editing,,,Édition manuelle des traductions,,Manuelle Übersetzungsbearbeitung,,Edición manual de traducciones,,手動翻訳編集,,手動翻譯編輯,,可手动编辑翻译内容,,Edição manual de traduções,,Handmatig vertalingen bewerken,,Manuell redigering av översättningar,,Modifica manuale delle traduzioni,,Ручне редагування перекладу,,Редактирование перевода вручную,,수동 번역 편집,,Manuel çeviri düzenleme,,
review,P1,other,yes,style-review,basic_features6,public/locales/{code}/translation.json,Language and currency switcher with IP-based detection,,,Sélecteur de langue et de devise avec détection par IP,,Sprach- und Währungsumschalter mit IP-basierter Erkennung,,Selector de idioma y moneda con detección por IP,,IP 検出付き言語・通貨スイッチャー,,具有基於 IP 檢測的語言和貨幣轉換器,,语言/货币切换器（根据 IP 切换）,,Seletor de idioma e moeda com deteção por IP,,Taal- en valutawisselaar met IP-detectie,,Språk- och valutaväxlare med IP-baserad detektering,,Selettore lingua e valuta con rilevamento IP,,Перемикач мови та валюти з визначенням на основі IP,,Переключатель языка и валюты с обнаружением на основе IP,,IP 기반 감지 기능을 갖춘 언어 및 통화 전환기,,IP tabanlı algılamalı dil ve para birimi değiştirici,,
review,P1,other,yes,style-review,basic_features7,public/locales/{code}/translation.json,Translation quality assurance: support manual free repair,,,Assurance qualité de traduction : réparation manuelle gratuite,,Übersetzungsqualitätssicherung: Unterstützung für manuelle kostenlose Reparatur,,Garantía de calidad de traducción: soporte de reparación manual gratuita,,翻訳品質保証：手動無料修正をサポート,,翻譯品質保證：支援人工免費修改,,翻译质量保障：支持人工免费修复,,Garantia de qualidade de tradução: reparação manual gratuita,,Vertaalkwaliteitsgarantie: gratis handmatige correctie,,Översättningskvalitetssäkring: gratis manuell reparation,,Garanzia qualità traduzione: supporto riparazione manuale gratuita,,Забезпечення якості перекладу: підтримка ручного безкоштовного ремонту,,Обеспечение качества перевода: поддержка руководства по бесплатному ремонту,,번역 품질 보증: 매뉴얼 무상 수리 지원,,Çeviri kalite güvencesi: ücretsiz manuel onarım desteği,,
review,P1,other,yes,style-review,basic_features8,public/locales/{code}/translation.json,"IP geolocation switch limit: 10,000 IPs/30 Days",,,Limite de basculement par géolocalisation IP : 10 000 IP/30 jours,,IP-Geolokalisierungs-Umschaltlimit: 10.000 IPs/30 Tage,,Límite de cambio por geolocalización IP: 10.000 IP/30 días,,"IP 位置情報切替制限：10,000 IP/30日",,"IP 地理位置切換限制：10,000 IP/30 天",,"IP 位置限制：10,000 IP/30 天",,Limite de mudança por geolocalização IP: 10.000 IPs/30 dias,,IP-geolocatieschakellimiet: 10.000 IP's/30 dagen,,Gräns för IP-geolokaliseringsväxling: 10 000 IP/30 dagar,,Limite commutazione geolocalizzazione IP: 10.000 IP/30 giorni,,"Ліміт перемикання IP геолокації: 10,000 IP/30 днів",,Лимит переключения геолокации IP: 10 000 IP-адресов/30 дней,,"IP 지리적 위치 전환 제한: 10,000개 IP/30일",,IP coğrafi konum geçiş limiti: 10.000 IP/30 gün,,
review,P1,other,yes,style-review,Blog titles,public/locales/{code}/translation.json,Blog titles,,,Titres de blog,,Blog-Titel,,Títulos de blog,,ブログタイトル,,部落格標題,,博客标题,,Títulos do blogue,,Blogtitels,,Bloggrubriker,,Titoli del blog,,Заголовки блогу,,Заголовки блогов,,블로그 제목,,Blog başlıkları,,
review,P1,other,yes,style-review,Blogs and articles,public/locales/{code}/translation.json,Blogs and articles,,,Blogs et articles,,Blogs und Artikel,,Blogs y artículos,,ブログと記事,,部落格和文章,,博客和文章,,Blogues e artigos,,Blogs en artikelen,,Bloggar och artiklar,,Blog e articoli,,Блоги та статті,,Блоги и статьи,,블로그와 기사,,Bloglar ve makaleler,,
review,P1,other,yes,style-review,Buy credits,public/locales/{code}/translation.json,Buy credits,,,Acheter des crédits,,Credits kaufen,,Comprar créditos,,クレジットを購入,,購買積分,,购买积分,,Comprar créditos,,Credits kopen,,Köp krediter,,Acquista crediti,,Купити кредити,,Купить кредит,,크레딧 구매,,Kredi satın al,,
review,P1,other,yes,style-review,Buy credits and translate,public/locales/{code}/translation.json,Buy credits and translate,,,Acheter des crédits et traduire,,Credits kaufen und übersetzen,,Comprar créditos y traducir,,クレジットを購入して翻訳,,購買額度並翻譯,,购买积分并翻译,,Comprar créditos e traduzir,,Credits kopen en vertalen,,Köp krediter och översätt,,Acquista crediti e traduci,,Купити кредити та перекласти,,Купить кредиты и перевести,,크레딧 구매 및 번역,,Kredi satın al ve çevir,,
review,P1,other,yes,style-review,Buy credits to continue task,public/locales/{code}/translation.json,Buy credits to continue task,,,Acheter des crédits pour continuer la tâche,,"Credits kaufen, um die Aufgabe fortzusetzen",,Comprar créditos para continuar la tarea,,タスクを続行するにはクレジットを購入,,購買額度以繼續任務,,购买积分后继续任务,,Comprar créditos para continuar a tarefa,,Credits kopen om door te gaan met de taak,,Köp krediter för att fortsätta uppgiften,,Acquista crediti per continuare l'attività,,"Купити кредити, щоб продовжити завдання",,"Купить кредиты, чтобы продолжить задачу",,작업을 계속하려면 크레딧을 구매하세요,,Göreve devam etmek için kredi satın al,,
review,P1,other,yes,style-review,Buy credits to create task,public/locales/{code}/translation.json,Buy credits to create task,,,Acheter des crédits pour créer une tâche,,"Credits kaufen, um eine Aufgabe zu erstellen",,Comprar créditos para crear tarea,,タスクを作成するにはクレジットを購入,,購買額度以建立任務,,购买积分后创建任务,,Comprar créditos para criar a tarefa,,Credits kopen om een taak te maken,,Köp krediter för att skapa uppgift,,Acquista crediti per creare un'attività,,"Купити кредити, щоб створити завдання",,"Купить кредиты, чтобы создать задачу",,작업을 생성하려면 크레딧을 구매하세요,,Görev oluşturmak için kredi satın al,,
review,P1,other,yes,style-review,Buy credits to translate this field,public/locales/{code}/translation.json,Buy credits to translate this field,,,Achetez des crédits pour traduire ce champ,,"Credits kaufen, um dieses Feld zu übersetzen",,Compra créditos para traducir este campo.,,このフィールドを翻訳するにはクレジットを購入してください,,購買點數以翻譯此欄位,,购买积分后翻译该字段,,Compre créditos para traduzir este campo,,Koop credits om dit veld te vertalen,,Köp krediter för att översätta det här fältet,,Acquista crediti per tradurre questo campo,,"Купити кредити, щоб перекласти це поле",,"Купите кредиты, чтобы перевести это поле.",,이 필드를 번역하려면 크레딧을 구매하세요.,,Bu alanı çevirmek için kredi satın alın,,
review,P1,other,yes,style-review,Buy now,public/locales/{code}/translation.json,Buy now,,,Acheter maintenant,,Jetzt kaufen,,Comprar ahora,,今すぐ購入,,立即購買,,立即支付,,Comprar agora,,Nu kopen,,Köp nu,,Acquista ora,,Купити зараз,,Купить сейчас,,지금 구매하세요,,Şimdi satın al,,
review,P1,other,yes,style-review,Calculating...,public/locales/{code}/translation.json,Calculating...,,,Calcul en cours...,,Berechne...,,Calculando...,,計算中...,,正在計算...,,计算中...,,A calcular...,,Bezig met berekenen...,,Beräknar...,,Calcolo in corso...,,Розрахунок...,,Расчет...,,계산 중...,,Hesaplanıyor...,,
review,P1,other,yes,style-review,Can I get a discount on my plan?,public/locales/{code}/translation.json,Can I get a discount on my plan?,,,Puis-je obtenir une réduction sur mon plan ?,,Kann ich einen Rabatt auf meinen Plan erhalten?,,¿Puedo obtener un descuento en mi plan?,,プランの割引はありますか？,,我的計劃可以獲得折扣嗎？,,我可以在我的计划上获得折扣吗？,,Posso obter um desconto no meu plano?,,Kan ik korting krijgen op mijn plan?,,Kan jag få rabatt på min plan?,,Posso ottenere uno sconto sul mio piano?,,Чи можу я отримати знижку на план?,,Могу ли я получить скидку на тарифный план?,,내 요금제에 할인을 받을 수 있나요?,,Planımda indirim alabilir miyim?,,
review,P1,other,yes,style-review,Can I get a refund?,public/locales/{code}/translation.json,Can I get a refund?,,,Puis-je obtenir un remboursement ?,,Kann ich eine Rückerstattung erhalten?,,¿Puedo obtener un reembolso?,,返金はできますか？,,我可以退款嗎？,,我可以退款吗？,,Posso obter um reembolso?,,Kan ik een terugbetaling krijgen?,,Kan jag få återbetalning?,,Posso ottenere un rimborso?,,Чи можу я отримати повернення коштів?,,Могу ли я вернуть деньги?,,환불을 받을 수 있나요?,,İade alabilir miyim?,,
review,P1,other,yes,style-review,Cancel,public/locales/{code}/translation.json,Cancel,,,Annuler,,Abbrechen,,Cancelar,,キャンセル,,取消,,取消,,Cancelar,,Annuleren,,Avbryt,,Annulla,,Скасувати,,Отменить,,취소,,İptal,,
review,P1,other,yes,style-review,Cancel paid plan?,public/locales/{code}/translation.json,Cancel paid plan?,,,Annuler le plan payant ?,,Bezahlten Plan kündigen?,,¿Cancelar el plan de pago?,,有料プランをキャンセルしますか？,,取消付費方案？,,取消付费计划？,,Cancelar plano pago?,,Betaald plan annuleren?,,Avbryta betald plan?,,Annullare il piano a pagamento?,,Скасувати платний план?,,Отменить платный план?,,유료 플랜을 취소하시겠습니까?,,Ücretli plan iptal edilsin mi?,,
review,P1,other,yes,style-review,Case,public/locales/{code}/translation.json,Case,,,Casse,,Groß-/Kleinschreibung,,Mayúsculas/minúsculas,,ケース,,案件,,大小写,,Caso,,Geval,,Fall,,Caso,,Регістр,,Случай,,사례,,Durum,,
review,P1,other,yes,style-review,Case-insensitive,public/locales/{code}/translation.json,Case-insensitive,,,Insensible à la casse,,Groß-/Kleinschreibung ignorieren,,No distingue mayúsculas y minúsculas,,大文字と小文字を区別しない,,不區分大小寫,,不区分大小写,,Não sensível a maiúsculas e minúsculas,,Niet hoofdlettergevoelig,,Skiftlägesokänslig,,Senza distinzione tra maiuscole e minuscole,,Без урахування регістру,,без учета-регистра,,대소문자 구분 없음,,Büyük/küçük harfe duyarsız,,
review,P1,other,yes,style-review,Case-sensitive,public/locales/{code}/translation.json,Case-sensitive,,,Sensible à la casse,,Groß-/Kleinschreibung beachten,,Distingue mayúsculas y minúsculas,,大文字と小文字を区別,,區分大小寫,,区分大小写,,Sensível a maiúsculas e minúsculas,,Hoofdlettergevoelig,,Skiftlägeskänslig,,Distinzione tra maiuscole e minuscole,,З урахуванням регістру,,Чувствительность к регистру символов,,대소문자 구분,,Büyük/küçük harfe duyarlı,,
review,P1,other,yes,style-review,Check all,public/locales/{code}/translation.json,Check all,,,Tout sélectionner,,Alle auswählen,,Seleccionar todo,,すべて選択,,檢查全部,,全选,,Selecionar tudo,,Alles selecteren,,Markera alla,,Seleziona tutto,,Вибрати все,,Проверить все,,모두 체크하세요,,Tümünü seç,,
review,P1,other,yes,style-review,Choose a pack for this task.,public/locales/{code}/translation.json,Choose a pack for this task.,,,Choisissez un pack pour cette tâche.,,Wählen Sie ein Paket für diese Aufgabe.,,Elige un paquete para esta tarea.,,このタスク用のパックを選択してください。,,為此任務選擇方案。,,为当前任务选择积分包。,,Escolha um pacote para esta tarefa.,,Kies een pakket voor deze taak.,,Välj ett paket för denna uppgift.,,Scegli un pacchetto per questa attività.,,Виберіть пакет для цього завдання.,,Выберите пакет для этой задачи.,,이 작업에 사용할 팩을 선택하세요.,,Bu görev için bir paket seçin.,,
review,P1,other,yes,style-review,Collection,public/locales/{code}/translation.json,Collections,,,Collection,,Sammlungen,,Colección,,コレクション,,收藏,,收藏夹,,Coleção,,Collectie,,Samling,,Collezione,,Колекції,,Коллекция,,컬렉션,,Koleksiyon,,
review,P1,other,yes,style-review,Collections,public/locales/{code}/translation.json,Collections,,,Collections,,Sammlungen,,Colecciones,,コレクション,,收藏,,商品分类,,Coleções,,Collecties,,Kollektioner,,Collezioni,,Колекції,,Коллекции,,컬렉션,,Koleksiyonlar,,
review,P1,other,yes,style-review,Compare plans,public/locales/{code}/translation.json,Compare plans,,,Comparer les plans,,Pläne vergleichen,,Comparar planes,,プランを比較,,比較計劃,,比较计划,,Comparar planos,,Plannen vergelijken,,Jämför planer,,Confronta i piani,,Порівняти плани,,Сравнить планы,,계획 비교,,Planları karşılaştır,,
review,P1,other,yes,style-review,Contact us,public/locales/{code}/translation.json,Contact us,,,Contactez-nous,,Kontaktieren Sie uns,,Contáctanos,,お問い合わせ,,聯絡我們,,联系我们,,Fale conosco,,Neem contact op,,Kontakta oss,,Contattaci,,Зв'яжіться з нами,,Свяжитесь с нами,,문의하기,,Bize ulaşın,,
review,P1,other,yes,style-review,Create rule,public/locales/{code}/translation.json,Create rule,,,Créer une règle,,Regel erstellen,,Crear regla,,ルールを作成,,建立規則,,创建规则,,Criar regra,,Regel maken,,Skapa regel,,Crea regola,,Створити правило,,Создание правила ,,규칙 만들기,,Kural oluştur,,
review,P1,other,yes,style-review,Create translation rules for certain words and phrases,public/locales/{code}/translation.json,Define translation rules to protect brand terms and improve accuracy for industry-specific phrases.,,,Définissez des règles de traduction pour protéger les termes de marque et améliorer la précision des expressions spécifiques à votre secteur.,,Erstellen Sie Übersetzungsregeln zum Schutz von Markenbegriffen und zur Verbesserung der Genauigkeit für branchenspezifische Phrasen.,,Defina reglas de traducción para proteger términos de marca y mejorar la precisión de frases específicas del sector.,,ブランド用語を保護し、業界固有の表現の精度を高める翻訳ルールを定義します。,,定義翻譯規則以保護品牌術語並提高行業特定短語的準確性。,,为特定的单词和短语创建翻译规则,,Defina regras de tradução para proteger termos de marca e melhorar a precisão de frases específicas do setor.,,Definieer vertaalregels om merktermen te beschermen en de nauwkeurigheid voor branchespecifieke zinnen te verbeteren.,,Definiera översättningsregler för att skydda varumärkestermer och förbättra noggrannheten för branschspecifika fraser.,,Definisci regole di traduzione per proteggere i termini del brand e migliorare l'accuratezza per frasi specifiche del settore.,,"Створіть правила перекладу для певних слів і фраз, щоб захистити бренд-терміни та покращити точність для галузевих фраз.",,"Определите правила перевода, чтобы защитить термины бренда и повысить точность для отраслевых фраз.",,브랜드 용어를 보호하고 업계별 문구의 정확성을 높이기 위해 번역 규칙을 정의합니다.,,Marka terimlerini korumak ve sektöre özel ifadelerde doğruluğu artırmak için çeviri kuralları tanımlayın.,,
review,P1,other,yes,grammar-or-jargon,Credit pack,public/locales/{code}/translation.json,Credit pack,,,Pack de crédits,,Credit-Paket,,Paquete de créditos,,クレジットパック,,點數方案,,积分包,,Pacote de créditos,,Creditspakket,,Kreditpaket,,Pacchetto crediti,,Пакет кредитів,,Пакет кредитов,,크레딧 팩,,Kredi paketi,,
review,P1,other,yes,style-review,Credits,public/locales/{code}/translation.json,Credits,,,Crédits,,Guthaben,,Créditos,,クレジット,,致謝,,积分,,Créditos,,Tegoeden,,Krediter,,Crediti,,Кредити,,З.е.,,크레딧,,Krediler,,
review,P1,other,yes,title-case,Custom Liquid,public/locales/{code}/translation.json,Custom Liquid,,,Liquid personnalisé,,Benutzerdefiniertes Liquid,,Liquid personalizado,,カスタムLiquid,,自訂 Liquid,,自定义 Liquid,,Liquid Personalizado,,Aangepaste Liquid,,Anpassad Liquid,,Liquid personalizzato,,Користувацький Liquid,,Пользовательский Liquid,,맞춤 Liquid,,Özel Liquid,,
review,P1,other,yes,style-review,Default image,public/locales/{code}/translation.json,Default image,,,Image par défaut,,Standardbild,,Imagen predeterminada,,デフォルト画像,,預設影像,,默认图片,,Imagem predefinida,,Standaardafbeelding,,Standardbild,,Immagine predefinita,,Зображення за замовчуванням,,По умолчанию,,기본 이미지,,Varsayılan görsel,,
review,P1,other,yes,style-review,Delete,public/locales/{code}/translation.json,Delete,,,Supprimer,,Löschen,,Eliminar,,削除,,刪除,,删除,,Excluir,,Verwijderen,,Ta bort,,Elimina,,Видалити,,Удалить,,삭제,,Sil,,
review,P1,other,yes,style-review,Delete {{count}} languages,public/locales/{code}/translation.json,Delete {{count}} languages,,,Supprimer {{count}} langues,,{{count}} Sprachen löschen,,Eliminar {{count}} idiomas,,{{count}} 言語を削除,,刪除 {{count}} 語言,,删除 {{count}} 语言,,Eliminar {{count}} idiomas,,{{count}} talen verwijderen,,Ta bort {{count}} språk,,Elimina {{count}} lingue,,Видалити {{count}} мов,,Удалить {{count}} языков,,{{count}}개 언어 삭제,,{{count}} dil sil,,
review,P1,other,yes,style-review,Delete {{item}},public/locales/{code}/translation.json,Delete {{item}},,,Supprimer {{item}},,{{item}} löschen,,Eliminar {{item}},,{{item}} を削除,,刪除 {{item}},,删除 {{item}},,Eliminar {{item}},,{{item}} verwijderen,,Ta bort {{item}},,Elimina {{item}},,Видалити {{item}},,Удалить {{item}},,{{item}} 삭제,,{{item}} sil,,
review,P1,other,yes,style-review,Delete failed,public/locales/{code}/translation.json,Failed to delete,,,Échec de la suppression,,Löschen fehlgeschlagen,,Error al eliminar,,削除に失敗しました,,刪除失敗,,删除失败,,Falha ao eliminar,,Verwijderen mislukt,,Borttagning misslyckades,,Eliminazione non riuscita,,Не вдалося видалити,,Сбой удаления,,삭제에 실패했습니다,,Silinemedi,,
review,P1,other,yes,style-review,Delivery,public/locales/{code}/translation.json,Delivery,,,Livraison,,Lieferung,,Entrega,,配送,,送貨,,配送,,Entrega,,Levering,,Leverans,,Consegna,,Доставка,,Поставка,,배달,,Teslimat,,
review,P1,other,yes,style-review,Description,public/locales/{code}/translation.json,Description,,,Description,,Beschreibung,,Descripción,,説明,,描述,,描述,,Descrição,,Beschrijving,,Beskrivning,,Descrizione,,Опис,,Описание,,설명,,Açıklama,,
review,P1,other,yes,style-review,Disable,public/locales/{code}/translation.json,Disable,,,Désactiver,,Deaktivieren,,Deshabilitar,,無効,,停用,,禁用,,Desativar,,Uitschakelen,,Inaktivera,,Disabilita,,Вимкнути,,выключить,,장애를 입히다,,Devre dışı bırak,,
review,P1,other,yes,style-review,Discard,public/locales/{code}/translation.json,Discard,,,Ignorer,,Verwerfen,,Descartar,,破棄,,捨棄,,放弃,,Descartar,,Verwerpen,,Ignorera,,Annulla,,Відхилити,,Отменить,,취소,,Vazgeç,,
review,P1,other,yes,style-review,discountText.basic,public/locales/{code}/translation.json,"Basic Plan Benefit, enjoy 10% discount",,,Avantage du plan Basic : profitez de 10 % de réduction,,"Basic Plan Vorteil, 10% Rabatt genießen",,Beneficio del plan Basic: disfrute de un 10 % de descuento,,Basic プラン特典：10% 割引,,基本方案優惠，享10%折扣,,当前为Basic 计划，享受 9 折优惠,,Benefício do plano Basic: desfrute de 10% de desconto,,Voordeel Basic-plan: profiteer van 10% korting,,Basic-planförmån: njut av 10 % rabatt,,Vantaggio Piano Basic: goditi il 10% di sconto,,"Переваги базового плану, насолоджуйтесь знижкою 10%",,"Преимущества базового плана, скидка 10%",,"기본 플랜 혜택, 10% 할인 혜택",,Basic Plan avantajı: %10 indirimden yararlanın,,
review,P1,other,yes,style-review,discountText.free,public/locales/{code}/translation.json,Upgrade to a paid plan and get 10%–50% off,,,Passez à un plan payant et bénéficiez de 10 % à 50 % de réduction,,Upgraden Sie auf einen bezahlten Plan und erhalten Sie 10%–50% Rabatt,,Actualice a un plan de pago y obtenga un 10 %–50 % de descuento,,有料プランにアップグレードして10%〜50% 割引,,升級到付費方案可享 10%–50% 的折扣,,升级为付费计划，可享 5 折优惠,,Atualize para um plano pago e obtenha 10%–50% de desconto,,Upgrade naar een betaald plan en krijg 10%–50% korting,,Uppgradera till en betald plan och få 10–50 % rabatt,,Passa a un piano a pagamento e ottieni dal 10% al 50% di sconto,,Оновіться до платного плану та отримайте знижку 10%–50%,,Перейдите на платный тарифный план и получите скидку 10%–50%,,유료 플랜으로 업그레이드하시면 10%~50% 할인 혜택을 받으실 수 있습니다.,,Ücretli bir plana yükseltin ve %10–%50 indirim kazanın,,
review,P1,other,yes,style-review,discountText.premium,public/locales/{code}/translation.json,Premium Plan Benefit: enjoy 50% discount,,,Avantage du plan Premium : profitez de 50 % de réduction,,Premium Plan Vorteil: 50% Rabatt genießen,,Beneficio del plan Premium: disfrute de un 50 % de descuento,,Premium プラン特典：50% 割引,,高級方案優惠：享 50% 折扣,,当前为Premium 计划，享受 5 折优惠,,Benefício do plano Premium: desfrute de 50% de desconto,,Voordeel Premium-plan: profiteer van 50% korting,,Premium-planförmån: njut av 50 % rabatt,,Vantaggio Piano Premium: goditi il 50% di sconto,,Переваги преміум плану: насолоджуйтесь знижкою 50%,,Преимущества премиум-плана: скидка 50%,,프리미엄 플랜 혜택: 50% 할인 혜택을 누리세요,,Premium Plan avantajı: %50 indirimden yararlanın,,
review,P1,other,yes,style-review,discountText.pro,public/locales/{code}/translation.json,"Pro Plan Benefit, enjoy 25% discount",,,Avantage du plan Pro : profitez de 25 % de réduction,,"Pro Plan Vorteil, 25% Rabatt genießen",,Beneficio del plan Pro: disfrute de un 25 % de descuento,,Pro プラン特典：25% 割引,,Pro Plan 優惠，享 25% 折扣,,当前为Pro 计划，享受 75 折优惠,,Benefício do plano Pro: desfrute de 25% de desconto,,Voordeel Pro-plan: profiteer van 25% korting,,Pro-planförmån: njut av 25 % rabatt,,Vantaggio Piano Pro: goditi il 25% di sconto,,"Переваги професійного плану, насолоджуйтесь знижкою 25%",,"Pro Plan Benefit, скидка 25%",,"Pro Plan 혜택, 25% 할인 혜택을 누리세요",,Pro Plan avantajı: %25 indirimden yararlanın,,
review,P1,other,yes,style-review,Do extra credits affect my plan or features?,public/locales/{code}/translation.json,Do extra credits affect my plan or features?,,,Les crédits supplémentaires affectent-ils mon plan ou mes fonctionnalités ?,,Beeinflussen zusätzliche Credits meinen Plan oder Funktionen?,,¿Los créditos adicionales afectan mi plan o mis funciones?,,追加クレジットはプランや機能に影響しますか？,,額外積分會影響我的計劃或功能嗎？,,额外积分是否会影响我的计划或功能？,,Os créditos extra afetam o meu plano ou funcionalidades?,,Beïnvloeden extra credits mijn plan of functies?,,Påverkar extra krediter min plan eller funktioner?,,I crediti extra influenzano il mio piano o le funzionalità?,,Чи впливають додаткові кредити на план або функції?,,Влияют ли дополнительные кредиты на план или функции?,,추가 크레딧이 내 요금제나 기능에 영향을 미치나요?,,Ek krediler planımı veya özelliklerimi etkiler mi?,,
review,P1,other,yes,style-review,Do unused credits carry over?,public/locales/{code}/translation.json,Do unused credits carry over?,,,Les crédits non utilisés sont-ils reportés ?,,Werden ungenutzte Credits übertragen?,,¿Los créditos no utilizados se transfieren?,,未使用のクレジットは繰り越されますか？,,未使用的積分可以結轉嗎？,,未使用的积分是否会结转？,,Os créditos não utilizados são transferidos?,,Worden ongebruikte credits overgedragen?,,Överförs oanvända krediter?,,I crediti non utilizzati vengono trasferiti?,,Чи переносяться невикористані кредити?,,Переносятся ли неиспользованные кредиты?,,사용하지 않은 크레딧은 이월되나요?,,Kullanılmayan krediler devredilir mi?,,
review,P1,other,yes,style-review,Domain,public/locales/{code}/translation.json,Domain,,,Domain,,Domain,,Domain,,ドメイン,,領域,,域,,Domínio,,Domein,,Domän,,Dominio,,Домен,,Домен,,도메인,,Alan adı,,
review,P1,other,yes,style-review,Don’t prompt again next time,public/locales/{code}/translation.json,Don’t show this again,,,Ne plus afficher,,Nicht erneut anzeigen,,No volver a mostrar,,次回から表示しない,,不再顯示此內容,,不再提示,,Não mostrar novamente,,Niet meer tonen,,Visa inte igen,,Non mostrare più,,Більше не показувати,,Больше не показывать это сообщение,,다시 표시하지 마세요,,Bir daha gösterme,,
review,P1,other,yes,style-review,Edit,public/locales/{code}/translation.json,Edit,,,Modifier,,Bearbeiten,,Editar,,編集,,編輯,,编辑,,Editar,,Bewerken,,Redigera,,Modifica,,Редагувати,,Редактировать,,편집하다,,Düzenle,,
review,P1,other,yes,style-review,Edit rules,public/locales/{code}/translation.json,Edit rules,,,Modifier les règles,,Regeln bearbeiten,,Editar reglas,,ルールを編集,,編輯規則,,编辑规则,,Editar regras,,Regels bewerken,,Redigera regler,,Modifica regole,,Редагувати правила,,Изменить правила,,규칙 편집,,Kuralları düzenle,,
review,P1,other,yes,style-review,Email,public/locales/{code}/translation.json,Email,,,E-mail,,E-Mail,,Correo electrónico,,メール,,電子郵件,,电子邮件,,E-mail,,E-mail,,E-post,,Email,,Електронна пошта,,Электронная почта,,이메일,,E-posta,,
review,P1,other,yes,style-review,Estimated remaining,public/locales/{code}/translation.json,Estimated remaining,,,Reste estimé,,Geschätzter Rest,,Restante estimado,,推定残り,,預估剩餘,,预计剩余,,Restante estimado,,Geschat restant,,Beräknat återstående,,Rimanente stimato,,Орієнтовно залишилось,,Предполагаемый остаток,,예상 잔여,,Tahmini kalan,,
review,P1,other,yes,style-review,Estimated total,public/locales/{code}/translation.json,Estimated total,,,Total estimé,,Geschätzte Gesamtsumme,,Total estimado,,推定合計,,預估總計,,预计总消耗,,Total estimado,,Geschat totaal,,Beräknat totalt,,Totale stimato,,Орієнтовний підсумок,,Оценочный итог,,예상 합계,,Tahmini toplam,,
review,P1,other,yes,style-review,Estimating...,public/locales/{code}/translation.json,Estimating...,,,Estimation...,,Wird geschätzt...,,Estimando...,,見積もり中...,,正在估算...,,估算中...,,A estimar...,,Bezig met schatten...,,Beräknar...,,Stima in corso...,,Оцінювання...,,Оценка...,,예상 중...,,Tahmin ediliyor...,,
review,P1,other,yes,style-review,Europe,public/locales/{code}/translation.json,Europe,,,Europe,,Europa,,Europa,,ヨーロッパ,,歐洲,,欧洲,,Europa,,Europa,,Europa,,Europa,,Європа,,Страны Европы,,유럽,,Avrupa,,
review,P1,other,yes,style-review,Exchange rate,public/locales/{code}/translation.json,Exchange rate,,,Taux de change,,Wechselkurs,,Tipo de cambio,,為替レート,,匯率,,汇率,,Taxa de câmbio,,Wisselkoers,,Växelkurs,,Tasso di cambio,,Обмінний курс,,Валютный курс,,환율,,Döviz kuru,,
review,P1,other,yes,style-review,Exchange rate must be a positive number,public/locales/{code}/translation.json, Exchange rate must be greater than 0,,, Le taux de change doit être supérieur à 0,, Wechselkurs muss größer als 0 sein,, El tipo de cambio debe ser mayor que 0,, 為替レートは0より大きい値にしてください,,匯率必須大於 0,,汇率必须是一个正数,, A taxa de câmbio deve ser superior a 0,, Wisselkoers moet groter zijn dan 0,, Växelkursen måste vara större än 0,, Il tasso di cambio deve essere maggiore di 0,, Обмінний курс повинен бути позитивним числом,,Обменный курс должен быть больше 0,,환율은 0보다 커야 합니다.,, Döviz kuru 0'dan büyük olmalıdır,,
review,P1,other,yes,style-review,Failed to refresh statistics,public/locales/{code}/translation.json,Failed to refresh statistics,,,Échec de l'actualisation des statistiques,,Statistiken konnten nicht aktualisiert werden,,No se pudieron actualizar las estadísticas,,統計の更新に失敗しました,,重新整理統計資料失敗,,刷新统计失败,,Falha ao atualizar as estatísticas,,Vernieuwen van statistieken mislukt,,Det gick inte att uppdatera statistiken,,Impossibile aggiornare le statistiche,,Не вдалося оновити статистику,,Не удалось обновить статистику,,통계 새로고침에 실패했습니다,,İstatistikler yenilenemedi,,
review,P1,other,yes,style-review,Features,public/locales/{code}/translation.json,Features,,,Fonctionnalités,,Funktionen,,Características,,機能,,特徵,,功能,,Funcionalidades,,Functies,,Funktioner,,Funzionalità,,Функції,,Характеристики,,특징,,Özellikler,,
review,P1,other,yes,style-review,Filters,public/locales/{code}/translation.json,Filters,,,Filtres,,Filter,,Filtros,,フィルター,,過濾器,,筛选器,,Filtros,,Filters,,Filter,,Filtri,,Фільтри,,Фильтры,,필터,,Filtreler,,
review,P1,other,yes,style-review,Free trial,public/locales/{code}/translation.json,Free trial,,,Essai gratuit,,Kostenlose Testversion,,Prueba gratuita,,無料トライアル,,免費試用,,免费试用,,Período experimental gratuito,,Gratis proefperiode,,Gratis provperiod,,Prova gratuita,,Безкоштовна пробна версія,,Бесплатная пробная версия,,무료 체험,,Ücretsiz deneme,,
review,P1,other,yes,style-review,How many credits do actions use?,public/locales/{code}/translation.json,How many credits do actions use?,,,Combien de crédits consomment les actions ?,,Wie viele Credits verwenden Aktionen?,,¿Cuántos créditos consumen las acciones?,,操作にはどのくらいのクレジットが使われますか？,,行動會使用多少信用點？,,操作使用多少积分？,,Quantos créditos consomem as ações?,,Hoeveel credits gebruiken acties?,,Hur många krediter använder åtgärder?,,Quanti crediti consumano le azioni?,,Скільки кредитів використовують дії?,,Сколько кредитов расходуют действия?,,액션에는 몇 개의 크레딧이 사용되나요?,,İşlemler kaç kredi kullanır?,,
review,P1,other,yes,style-review,"If you leave this page, any unsaved changes will be lost.",public/locales/{code}/translation.json,"If you leave this page, any unsaved changes will be lost.",,,"Si vous quittez cette page, les modifications non enregistrées seront perdues.",,"Wenn Sie diese Seite verlassen, gehen alle nicht gespeicherten Änderungen verloren.",,"Si abandona esta página, se perderán los cambios no guardados.",,このページを離れると、未保存の変更は失われます。,,如果您離開此頁面，任何未儲存的變更都會遺失。,,如果您离开此页面，任何未保存的更改都将丢失。,,"Se sair desta página, as alterações não guardadas serão perdidas.",,"Als u deze pagina verlaat, gaan niet-opgeslagen wijzigingen verloren.",,Om du lämnar denna sida försvinner osparade ändringar.,,"Se lasci questa pagina, le modifiche non salvate andranno perse.",,"Якщо ви покинете цю сторінку, всі незбережені зміни будуть втрачені.",,"Если вы покинете эту страницу, все несохраненные изменения будут потеряны.",,이 페이지를 벗어나면 저장하지 않은 변경 사항은 모두 사라집니다.,,Bu sayfadan ayrılırsanız kaydedilmemiş değişiklikler kaybolacaktır.,,
review,P1,other,yes,style-review,Image pixel size cannot exceed 20 million pixels,public/locales/{code}/translation.json,Image pixel size cannot exceed 20 million pixels,,,La taille en pixels de l'image ne peut pas dépasser 20 millions de pixels,,Bildpixelgröße darf 20 Millionen Pixel nicht überschreiten,,El tamaño en píxeles de la imagen no puede superar los 20 millones,,"画像のピクセル数は2,000万ピクセルを超えられません",,影像像素大小不能超過2000萬像素,,图片像素大小不能超过2000万,,O tamanho em píxeis da imagem não pode exceder 20 milhões de píxeis,,Pixelgrootte van afbeelding mag niet meer dan 20 miljoen pixels zijn,,Bildens pixelstorlek får inte överstiga 20 miljoner pixlar,,La dimensione in pixel dell'immagine non può superare i 20 milioni di pixel,,Розмір зображення в пікселях не може перевищувати 20 мільйонів пікселів,,Размер изображения не может превышать 20 миллионов пикселей,,이미지 픽셀 크기는 2000만 픽셀을 초과할 수 없습니다.,,Görsel piksel boyutu 20 milyon pikseli aşamaz,,
review,P1,other,yes,style-review,Image translated successfully,public/locales/{code}/translation.json,Image translated successfully,,,Image traduite avec succès,,Bild erfolgreich übersetzt,,Imagen traducida correctamente,,画像の翻訳に成功しました,,圖片翻譯成功,,图片翻译成功,,Imagem traduzida com sucesso,,Afbeelding succesvol vertaald,,Bilden har översatts,,Immagine tradotta con successo,,Зображення успішно перекладено,,Изображение успешно переведено,,이미지가 성공적으로 번역되었습니다.,,Resim başarıyla çevrildi,,
review,P1,other,yes,style-review,Image translation failed,public/locales/{code}/translation.json,Image translation failed,,,Échec de la traduction de l'image,,Bildkonvertierung fehlgeschlagen,,La traducción de la imagen falló,,画像の翻訳に失敗しました,,圖片翻譯失敗,,图片翻译失败,,A tradução da imagem falhou,,Vertaling van afbeelding mislukt,,Bildöversättning misslyckades,,Traduzione dell'immagine non riuscita,,Не вдалося перекласти зображення,,Перевод изображения не удался,,이미지 번역에 실패했습니다,,Görüntü çevirisi başarısız oldu,,
review,P1,other,yes,style-review,Images data,public/locales/{code}/translation.json,Images data,,,Données d'images,,Bilddaten,,Datos de imágenes,,画像データ,,影像資料,,图片数据,,Dados das imagens,,Afbeeldingsgegevens,,Bilddata,,Dati immagini,,Дані зображень,,Данные изображений,,이미지 데이터,,Görsel verileri,,
review,P1,other,yes,style-review,items,public/locales/{code}/translation.json,Items,,,Éléments,,Elemente,,Elementos,,項目,,專案,,项,,Itens,,Items,,Objekt,,Elementi,,Елементи,,Позиции,,품목,,Öğeler,,
review,P1,other,yes,style-review,Keep paid plan,public/locales/{code}/translation.json,Keep paid plan,,,Conserver le plan payant,,Bezahlten Plan behalten,,Mantener plan de pago,,有料プランを維持,,保留付費計劃,,保留付费计划,,Manter plano pago,,Betaald plan behouden,,Behåll betald plan,,Mantieni piano a pagamento,,Залишити платний план,,Оставить платный план,,유료 플랜 유지,,Ücretli planı koru,,
review,P1,other,yes,style-review,Keep translation consistent across your store,public/locales/{code}/translation.json,Keep translation consistent across your store,,,Maintenez la cohérence des traductions dans toute votre boutique,,Übersetzung im gesamten Shop konsistent halten,,Mantenga la coherencia de las traducciones en toda su tienda,,ストア全体で翻訳の一貫性を保つ,,保持整個商店的翻譯一致,,始终翻译,,Mantenha a consistência das traduções em toda a loja,,Houd vertalingen consistent in uw hele winkel,,Håll översättningarna konsekventa i hela din butik,,Mantieni la coerenza delle traduzioni in tutto il negozio,,Завжди перекладати,,Обеспечьте согласованность перевода в вашем магазине,,매장 전체에서 번역의 일관성을 유지하세요,,Mağazanız genelinde çeviri tutarlılığını koruyun,,
review,P1,other,yes,style-review,label,public/locales/{code}/translation.json,label,,,étiquette,,Label,,etiqueta,,ラベル,,標籤,,标签,,etiqueta,,label,,etikett,,etichetta,,мітка,,этикетка,,상표,,etiket,,
review,P1,other,yes,style-review,Liquid & Third-Party Apps,public/locales/{code}/translation.json,Liquid & Third-Party Apps,,,Liquid et applications tierces,,Liquid und Apps von Drittanbietern,,Liquid y aplicaciones de terceros,,Liquidとサードパーティアプリ,,Liquid 與第三方應用程式,,Liquid 与第三方应用,,Liquid e Apps de Terceiros,,Liquid & apps van derden,,Liquid och tredjepartsappar,,Liquid e app di terze parti,,Liquid та сторонні додатки,,Liquid и сторонние приложения,,Liquid 및 타사 앱,,Liquid ve Üçüncü Taraf Uygulamalar,,
review,P1,other,yes,style-review,Localized content:,public/locales/{code}/translation.json,Localized content:,,,Contenu localisé :,,Lokalisierter Inhalt:,,Contenido localizado:,,ローカライズコンテンツ：,,在地化內容：,,本地化内容：,,Conteúdo localizado:,,Gelokaliseerde content:,,Lokaliserat innehåll:,,Contenuto localizzato:,,Локалізований контент:,,Локализованный контент:,,현지화된 콘텐츠:,,Yerelleştirilmiş içerik:,,
review,P1,other,yes,style-review,Manage,public/locales/{code}/translation.json,Manage,,,Gérer,,Verwalten,,Gestionar,,管理,,管理,,管理,,Gerenciar,,Beheren,,Hantera,,Gestisci,,Керувати,,Управлять,,관리하다,,Yönet,,
review,P1,other,yes,missing-space,manage.singleTranslate.promptPlaceholder,public/locales/{code}/translation.json,"e.g. Make it sound more natural, keep brand terms in English, and avoid exaggerated wording",,,"p. ex. Rendez-le plus naturel, conservez les termes de marque en anglais et évitez les formulations exagérées",,"z. B. Natürlicher klingen lassen, Markenbegriffe auf Englisch beibehalten und übertriebene Formulierungen vermeiden",,"p. ej., haz que suene más natural, mantén los términos de marca en inglés y evita un lenguaje exagerado",,例: より自然に聞こえるようにする、ブランド用語は英語のままにする、誇張した表現を避ける,,例如：讓語句更自然、品牌術語保留英文，並避免誇大措辭,,例如：表达更自然，保留品牌词不翻译，并避免过度夸张,,"por exemplo, faça com que soe mais natural, mantenha os termos da marca em inglês e evite formulações exageradas",,"bijv. Laat het natuurlijker klinken, behoud merktermen in het Engels en vermijd overdreven taalgebruik",,"t.ex. få det att låta mer naturligt, behåll varumärkestermer på engelska och undvik överdrivna formuleringar",,"ad es. Rendi il testo più naturale, mantieni i termini del brand in inglese ed evita un linguaggio esagerato",,"напр., зробіть так, щоб звучало природніше, залиште фірмові терміни англійською та уникайте перебільшень",,"например: сделайте текст более естественным, сохраните брендовые термины на английском и избегайте преувеличенных формулировок",,"예: 더 자연스럽게 들리게, 브랜드 용어는 영어로 유지, 과장된 표현 피하기",,"örn. Daha doğal görünmesini sağla, marka terimlerini İngilizce tut ve abartılı ifadelerden kaçın",,
review,P1,other,yes,style-review,manage.singleTranslate.promptSuggestion,public/locales/{code}/translation.json,Translation suggestion,,,Suggestion de traduction,,Übersetzungsvorschlag,,Sugerencia de traducción,,翻訳の提案,,翻譯建議,,翻译建议,,Sugestão de tradução,,Vertaalsuggestie,,Översättningsförslag,,Suggerimento di traduzione,,Пропозиція перекладу,,Предложение перевода,,번역 제안,,Çeviri önerisi,,
review,P1,other,yes,style-review,manage.singleTranslate.submitMissing,public/locales/{code}/translation.json,Start translation,,,Commencer la traduction,,Übersetzung starten,,Iniciar traducción,,翻訳を開始,,開始翻譯,,开始翻译,,Iniciar tradução,,Vertaling starten,,Starta översättning,,Avvia traduzione,,Почати переклад,,Начать перевод,,번역 시작,,Çeviriyi başlat,,
review,P1,other,yes,style-review,manage.singleTranslate.submitOutdated,public/locales/{code}/translation.json,Update translation,,,Mettre à jour la traduction,,Übersetzung aktualisieren,,Actualizar traducción,,翻訳を更新,,更新翻譯,,更新翻译,,Atualizar tradução,,Vertaling bijwerken,,Uppdatera översättningen,,Aggiorna traduzione,,Оновити переклад,,Обновить перевод,,번역 업데이트,,Çeviriyi güncelle,,
review,P1,other,yes,style-review,manage.singleTranslate.submitQuality,public/locales/{code}/translation.json,Retranslate,,,Retraduire,,Neu übersetzen,,Retraducir,,再翻訳,,重新翻譯,,重新翻译,,Retraduzir,,Opnieuw vertalen,,Översätt om,,Ritraduci,,Перекласти повторно,,Перевести заново,,다시 번역,,Yeniden çevir,,
review,P1,other,yes,style-review,manage.singleTranslate.titleMissing,public/locales/{code}/translation.json,Translate this field,,,Traduire ce champ,,Dieses Feld übersetzen,,Traducir este campo,,このフィールドを翻訳,,翻譯此欄位,,生成译文,,Traduzir este campo,,Vertaal dit veld,,Översätt det här fältet,,Traduci questo campo,,Перекласти це поле,,Перевести это поле,,이 필드 번역,,Bu alanı çevir,,
review,P1,other,yes,style-review,manage.singleTranslate.titleOutdated,public/locales/{code}/translation.json,Update translation,,,Mettre à jour la traduction,,Übersetzung aktualisieren,,Actualizar traducción,,翻訳を更新,,更新翻譯,,更新译文,,Atualizar tradução,,Vertaling bijwerken,,Uppdatera översättningen,,Aggiorna traduzione,,Оновити переклад,,Обновить перевод,,번역 업데이트,,Çeviriyi güncelle,,
review,P1,other,yes,style-review,manage.singleTranslate.titleQuality,public/locales/{code}/translation.json,Retranslate this field,,,Retraduire ce champ,,Dieses Feld neu übersetzen,,Retraducir este campo,,このフィールドを再翻訳,,重新翻譯此欄位,,重译这条内容,,Retraduzir este campo,,Dit veld opnieuw vertalen,,Översätt om det här fältet,,Ritraduci questo campo,,Перекласти це поле повторно,,Перевести это поле заново,,이 필드를 다시 번역,,Bu alanı yeniden çevir,,
review,P1,other,yes,style-review,Manual support,public/locales/{code}/translation.json,Manual support,,,Support manuel,,Manueller Support,,Soporte manual,,手動サポート,,手動支援,,手动支持,,Suporte manual,,Handmatige support,,Manuell support,,Assistenza manuale,,Ручна підтримка,,Руководство & поддержка,,수동 지원,,Manuel destek,,
review,P1,other,yes,style-review,Match by,public/locales/{code}/translation.json,Match by,,,Correspondance par,,Übereinstimmung nach,,Coincidir por,,一致条件,,匹配依據,,匹配方式,,Corresponder por,,Overeenkomen op,,Matcha efter,,Corrispondenza per,,Збігатися за,,Место получения автомобиля не совпадает с местоположением автомобиля.,,일치 항목,,Eşleştirme ölçütü,,
review,P1,other,yes,style-review,Match market by IP,public/locales/{code}/translation.json,Match market by IP,,,Faire correspondre le marché par adresse IP,,Markt anhand der IP ermitteln,,Coincidir mercado por IP,,IPでマーケットを照合,,依 IP 比對市場,,根据 IP 适配市场,,Corresponder mercado por IP,,Markt matchen op IP,,Matcha marknad via IP,,Abbina il mercato tramite IP,,Визначати ринок за IP,,Определять рынок по IP,,IP로 마켓 매칭,,Pazarı IP ile eşleştir,,
review,P1,other,yes,style-review,Meta description,public/locales/{code}/translation.json,Meta description,,,Méta-description,,Meta-Beschreibung,,Meta descripción,,メタディスクリプション,,元描述,,元描述,,Meta descrição,,Metabeschrijving,,Metabeskrivning,,Meta descrizione,,Мета опис,,Мета-описание,,메타 설명,,Meta açıklama,,
review,P1,other,yes,style-review,Meta title,public/locales/{code}/translation.json,Meta title,,,Méta-titre,,Meta-Titel,,Meta título,,メタタイトル,,元標題,,元标题,,Meta título,,Metatitel,,Metatitel,,Meta titolo,,Мета заголовок,,Тег Title,,메타 타이틀,,Meta başlık,,
review,P1,other,yes,style-review,Metafield,public/locales/{code}/translation.json,Metafield,,,Métachamp,,Shop-Metadaten,,Metacampo,,メタフィールド,,儲存元數據,,商店元数据,,Metafield,,Metaveld,,Metafält,,Metafield,,Метаполе,,Метафилд,,메타필드,,Meta alan,,
review,P1,other,yes,style-review,Metaobjects,public/locales/{code}/translation.json,Metaobjects,,,Métaobjets,,Meta-Objekte,,Metaobjetos,,メタオブジェクト,,元對象,,元对象,,Metaobjetos,,Metaobjecten,,Metaobjekt,,Metaoggetti,,Метаоб'єкти,,(Metaobjects),,메타오브젝트,,Meta nesneler,,
review,P1,other,yes,style-review,Missing translation,public/locales/{code}/translation.json,Missing translation,,,Traduction manquante,,Fehlende Übersetzung,,Traducción faltante,,翻訳がありません,,缺少翻譯,,暂无译文,,Tradução em falta,,Ontbrekende vertaling,,Översättning saknas,,Traduzione mancante,,Відсутній переклад,,Перевод отсутствует,,번역 누락,,Eksik çeviri,,
review,P1,other,yes,style-review,Modules,public/locales/{code}/translation.json,Modules,,,Modules,,Module,,Módulos,,モジュール,,模組,,模块,,Módulos,,Modules,,Moduler,,Moduli,,Модулі,,Модули,,모듈,,Modüller,,
review,P1,other,yes,style-review,Monthly payment after discount,public/locales/{code}/translation.json,Monthly payment after discount,,,Paiement mensuel après réduction,,Monatliche Zahlung nach Rabatt,,Pago mensual después del descuento,,割引後の月額支払い,,折扣後每月付款,,月度支付后折扣,,Pagamento mensal com desconto,,Maandelijkse betaling na korting,,Månadsbetalning efter rabatt,,Pagamento mensile scontato,,Щомісячна оплата зі знижкою,,Ежемесячный платеж после скидки,,할인 후 월별 결제,,İndirim sonrası aylık ödeme,,
review,P1,other,yes,style-review,Monthly points gift,public/locales/{code}/translation.json,Monthly points gift,,,Points offerts chaque mois,,Monatliches Punkte-Geschenk,,Regalo mensual de puntos,,月間ポイント付与,,每月積分贈送,,月度积分奖励,,Oferta mensal de créditos,,Maandelijks punten cadeau,,Månatlig kreditgåva,,Regalo crediti mensile,,Щомісячний подарунок кредитів,,Ежемесячный подарок в виде баллов,,월별 포인트 선물,,Aylık puan hediyesi,,
review,P1,other,yes,style-review,Moving to the free plan will turn off key features. Are you sure you want to switch?,public/locales/{code}/translation.json,Moving to the free plan will turn off key features. Are you sure you want to switch?,,,Le passage au plan gratuit désactivera les fonctionnalités clés. Êtes-vous sûr de vouloir changer ?,,"Der Wechsel zum kostenlosen Plan schaltet wichtige Funktionen ab. Sind Sie sicher, dass Sie wechseln möchten?",,Cambiar al plan gratuito desactivará funciones clave. ¿Está seguro de que desea cambiar?,,無料プランに移行すると主要機能が無効になります。切り替えますか？,,前往免費方案將關閉主要功能。您確定要切換嗎？,,切换到免费计划将关闭关键功能。您确定要切换吗？,,Mudar para o plano gratuito desativará funcionalidades essenciais. Tem a certeza de que pretende mudar?,,Overstappen naar het gratis plan schakelt belangrijke functies uit. Weet u zeker dat u wilt wisselen?,,Att byta till gratisplanen stänger av viktiga funktioner. Är du säker på att du vill byta?,,Passare al piano gratuito disattiverà le funzionalità principali. Sei sicuro di voler cambiare?,,"При переході на безкоштовний план вимкнуться ключові функції. Ви впевнені, що хочете перейти?",,"При переходе на бесплатный план отключатся ключевые функции. Вы уверены, что хотите переключиться?",,무료 플랜으로 전환하면 주요 기능이 해제됩니다. 정말 전환하시겠습니까?,,Ücretsiz plana geçmek temel özellikleri kapatacaktır. Geçmek istediğinizden emin misiniz?,,
review,P1,other,yes,style-review,name,public/locales/{code}/translation.json,Name,,,Name,,Name,,Name,,Name,,姓名,,名称,,Name,,Name,,Name,,Name,,Ім'я,,Имя,,이름,,Ad,,
review,P1,other,yes,style-review,Navigation,public/locales/{code}/translation.json,Navigation,,,Navigation,,Navigation,,Navegación,,Navigation,,導航,,导航,,Navegação,,Navigatie,,Navigation,,Navigation,,Навігація,,Навигация,,항해,,Navigasyon,,
review,P1,other,yes,style-review,Need help?,public/locales/{code}/translation.json,Need help?,,,Besoin d'aide ?,,Hilfe benötigt?,,¿Necesitas ayuda?,,ヘルプが必要ですか？,,需要協助？,,需要帮助？,,Precisa de ajuda?,,Hulp nodig?,,Behöver du hjälp?,,Hai bisogno di aiuto?,,Потрібна допомога?,,Нужна помощь?,,도움이 필요하신가요?,,Yardım mı lazım?,,
review,P1,other,yes,style-review,Need to top up,public/locales/{code}/translation.json,Need to top up,,,Recharge nécessaire,,Aufladen erforderlich,,Necesitas recargar,,追加チャージが必要,,需要儲值,,仍需补充,,Precisa de reforço,,Opwaarderen nodig,,Behöver ladda på krediter,,Serve ricaricare,,Потрібно поповнити,,Нужно пополнить,,충전 필요,,Kredi yüklemeniz gerekiyor,,
review,P1,other,yes,style-review,Needs improvement,public/locales/{code}/translation.json,Needs improvement,,,À améliorer,,Verbesserungswürdig,,Necesita mejoras,,改善が必要,,需要改進,,当前译文待优化,,Necessita de melhorias,,Verbetering nodig,,Behöver förbättras,,Da migliorare,,Потребує покращення,,Требует улучшения,,개선 필요,,Geliştirilmesi gerekiyor,,
review,P1,other,yes,style-review,No,public/locales/{code}/translation.json,No,,,Non,,Nein,,No,,いいえ,,不,,否,,Não,,Nee,,Nej,,No,,Ні,,Нет,,아니요,,Hayır,,
review,P1,other,yes,style-review,No decimal,public/locales/{code}/translation.json,No decimal,,,Sans décimales,,Keine Dezimalstelle,,Sin decimales,,小数点なし,,無小數,,无小数,,Sem decimais,,Geen decimalen,,Inga decimaler,,Nessun decimale,,Без десяткових,,Без дробей,,소수점 없음,,Ondalık yok,,
review,P1,other,yes,style-review,No languages to translate.,public/locales/{code}/translation.json,No languages selected for translation.,,,Aucune langue sélectionnée pour la traduction.,,Keine Sprachen zum Übersetzen ausgewählt.,,No hay idiomas seleccionados para traducir.,,翻訳する言語が選択されていません。,,未選擇需要翻譯的語言。,,没有需要翻译的语言。,,Nenhum idioma selecionado para tradução.,,Geen talen geselecteerd voor vertaling.,,Inga språk valda för översättning.,,Nessuna lingua selezionata per la traduzione.,,Немає мов для перекладу.,,Языки для перевода не выбраны.,,번역할 언어가 선택되지 않았습니다.,,Çeviri için dil seçilmedi.,,
review,P1,other,yes,style-review,"No. We do not offer refunds. You can cancel anytime to stop future billing, and your plan will remain active until the end of the billing period.",public/locales/{code}/translation.json,"No. We do not offer refunds. You can cancel anytime to stop future billing, and your plan will remain active until the end of the billing period.",,,"Non. Nous n'offrons pas de remboursements. Vous pouvez annuler à tout moment pour arrêter la facturation future, et votre plan restera actif jusqu'à la fin de la période de facturation.",,"Nein. Wir bieten keine Rückerstattungen an. Sie können jederzeit kündigen, um zukünftige Abrechnungen zu stoppen, und Ihr Plan bleibt bis zum Ende der Abrechnungsperiode aktiv.",,No. No ofrecemos reembolsos. Puede cancelar en cualquier momento para detener futuros cobros y su plan seguirá activo hasta el final del período de facturación.,,いいえ。返金は提供していません。いつでもキャンセルして今後の請求を停止できます。プランは請求期間の終了まで有効です。,,不可以。我們不提供退款。您可以隨時取消訂閱以停止後續計費，並且您的套餐將一直有效，直到計費週期結束。,,否。我们不提供退款。您可以随时取消订阅，以停止未来的计费，并且您的计划将在计费周期结束后继续活动。,,Não. Não oferecemos reembolsos. Pode cancelar a qualquer momento para interromper a faturação futura; o seu plano permanecerá ativo até ao final do período de faturação.,,Nee. We bieden geen terugbetalingen. U kunt op elk moment annuleren om toekomstige facturering te stoppen; uw plan blijft actief tot het einde van de factureringsperiode.,,"Nej. Vi erbjuder inte återbetalningar. Du kan avbryta när som helst för att stoppa framtida fakturering, och din plan förblir aktiv till slutet av faktureringsperioden.",,No. Non offriamo rimborsi. Puoi annullare in qualsiasi momento per interrompere la fatturazione futura; il piano resterà attivo fino alla fine del periodo di fatturazione.,,"Ні. Ми не надаємо повернення коштів. Ви можете скасувати підписку в будь-який час, щоб припинити майбутні списання; план залишиться активним до кінця розрахункового періоду.",,"Нет. Мы не предлагаем возврат средств. Вы можете отменить подписку в любое время, чтобы прекратить выставление счетов в будущем, и ваш тарифный план останется активным до конца расчетного периода.",,"아니요. 환불은 불가합니다. 언제든지 취소하시면 향후 청구를 중단하실 수 있으며, 플랜은 청구 기간이 끝날 때까지 유효합니다.",,Hayır. İade sunmuyoruz. Gelecekteki faturalandırmayı durdurmak için istediğiniz zaman iptal edebilirsiniz; planınız faturalandırma döneminin sonuna kadar aktif kalır.,,
review,P1,other,yes,style-review,Oceania,public/locales/{code}/translation.json,Oceania,,,Océanie,,Ozeanien,,Oceanía,,オセアニア,,大洋洲,,大洋洲,,Oceânia,,Oceanië,,Oceanien,,Oceania,,Океанія,,Океания,,오세아니아,,Okyanusya,,
review,P1,other,yes,style-review,OK,public/locales/{code}/translation.json,OK,,,OK,,OK,,Aceptar,,OK,,好的,,确定,,OK,,OK,,OK,,OK,,Гаразд,,ОК,,좋아요,,Tamam,,
review,P1,other,yes,style-review,Only images can be uploaded,public/locales/{code}/translation.json,Only images can be uploaded,,,Seules les images peuvent être téléversées,,Nur Bilder können hochgeladen werden,,Solo se pueden cargar imágenes,,画像のみアップロードできます,,僅可上傳圖片,,只能上传图片,,Apenas imagens podem ser carregadas,,Alleen afbeeldingen kunnen worden geüpload,,Endast bilder kan laddas upp,,È possibile caricare solo immagini,,Можна завантажувати лише зображення,,Можно загружать только изображения,,이미지만 업로드 가능합니다,,Yalnızca görseller yüklenebilir,,
review,P1,other,yes,style-review,"Only JPEG, PNG, WEBP, HEIC and GIF formats are supported",public/locales/{code}/translation.json,"Only JPEG, PNG, WEBP, HEIC and GIF formats are supported",,,"Seuls les formats JPEG, PNG, WEBP, HEIC et GIF sont pris en charge",,"Nur JPEG-, PNG-, WEBP-, HEIC- und GIF-Formate werden unterstützt",,"Solo se admiten los formatos JPEG, PNG, WEBP, HEIC y GIF",,JPEG、PNG、WEBP、HEIC、GIF 形式のみサポート,,僅支援 JPEG、PNG、WEBP、HEIC 和 GIF 格式,,"只支持 JPEG, PNG, WEBP, HEIC 和 GIF 格式",,"Apenas os formatos JPEG, PNG, WEBP, HEIC e GIF são suportados",,"Alleen JPEG-, PNG-, WEBP-, HEIC- en GIF-formaten worden ondersteund",,"Endast formaten JPEG, PNG, WEBP, HEIC och GIF stöds",,"Sono supportati solo i formati JPEG, PNG, WEBP, HEIC e GIF",,"Підтримуються лише формати JPEG, PNG, WEBP, HEIC та GIF",,"Поддерживаются только форматы JPEG, PNG, WEBP, HEIC и GIF",,"JPEG, PNG, WEBP, HEIC 및 GIF 형식만 지원됩니다.",,"Yalnızca JPEG, PNG, WEBP, HEIC ve GIF formatları desteklenir",,
review,P1,other,yes,style-review,OptionValue,public/locales/{code}/translation.json,OptionValue,,,Valeur d'option,,Optionswert,,Valor de opción,,オプション値,,選擇權價值,,选项值,,OptionValue,,Optiewaarde,,Alternativvärde,,OptionValue,,Значення опції,,Значение опции,,옵션값,,Seçenek değeri,,
review,P1,other,yes,style-review,Pages,public/locales/{code}/translation.json,Pages,,,Pages,,Seiten,,Páginas,,ページ,,頁面,,页面,,Páginas,,Pagina's,,Sidor,,Pagine,,Сторінки,,Страницы,,페이지,,Sayfalar,,
review,P1,other,yes,style-review,Pay and continue translation,public/locales/{code}/translation.json,Pay and continue translation,,,Payer et continuer la traduction,,Bezahlen und Übersetzung fortsetzen,,Pagar y continuar la traducción,,支払って翻訳を続行,,付款並繼續翻譯,,支付并继续翻译,,Pagar e continuar a tradução,,Betalen en doorgaan met vertalen,,Betala och fortsätt översättningen,,Paga e continua la traduzione,,Сплатити та продовжити переклад,,Оплатить и продолжить перевод,,결제 및 번역 계속,,Öde ve çeviriye devam et,,
review,P1,other,yes,style-review,Pay and translate,public/locales/{code}/translation.json,Pay and translate,,,Payer et traduire,,Bezahlen und übersetzen,,Pagar y traducir,,支払って翻訳,,付款並翻譯,,支付并翻译,,Pagar e traduzir,,Betalen en vertalen,,Betala och översätt,,Paga e traduci,,Сплатити та перекласти,,Оплатить и перевести,,결제 및 번역,,Öde ve çevir,,
review,P1,other,yes,style-review,"Plan credits reset at the end of each billing cycle. But if you cancel or downgrade, any unused credits stay active for 3 more months.",public/locales/{code}/translation.json,"Plan credits reset at the end of each billing cycle. But if you cancel or downgrade, any unused credits stay active for 3 more months.",,,"Les crédits du plan sont réinitialisés à la fin de chaque cycle de facturation. Mais si vous annulez ou rétrogradez, les crédits non utilisés restent actifs pendant 3 mois supplémentaires.",,"Plan-Credits werden am Ende jedes Abrechnungszyklus zurückgesetzt. Aber wenn Sie kündigen oder downgraden, bleiben alle ungenutzten Credits für weitere 3 Monate aktiv.",,"Los créditos del plan se reinician al final de cada ciclo de facturación. Pero si cancela o baja de plan, los créditos no utilizados permanecen activos durante 3 meses más.",,プランクレジットは各請求サイクルの終了時にリセットされます。キャンセルまたはダウングレードした場合、未使用クレジットはさらに3ヶ月間有効です。,,套餐積分會在每個結算週期結束時重設。但如果您取消或降級，所有未使用的積分仍會保留 3 個月。,,计划积分在每个计费周期结束时重置。但是，如果您取消或降级，任何未使用的积分将继续有效 3 个月。,,"Os créditos do plano reiniciam no final de cada ciclo de faturação. Se cancelar ou fizer downgrade, os créditos não utilizados permanecem ativos por mais 3 meses.",,"Plancredits worden aan het einde van elke factureringscyclus gereset. Als u annuleert of downgradet, blijven ongebruikte credits nog 3 maanden actief.",,Plankrediter återställs i slutet av varje faktureringscykel. Men om du avbryter eller nedgraderar förblir oanvända krediter aktiva i 3 månader till.,,"I crediti del piano si azzerano alla fine di ogni ciclo di fatturazione. Se annulli o fai il downgrade, i crediti non utilizzati restano attivi per altri 3 mesi.",,"Кредити за планом обнуляються наприкінці кожного розрахункового періоду. Якщо ви скасуєте або понизите план, невикористані кредити залишаються активними ще 3 місяці.",,Кредиты по плану обнуляются в конце каждого расчётного периода. При отмене или понижении плана неиспользованные кредиты остаются активными ещё 3 месяца.,,플랜 크레딧은 각 결제 주기가 끝날 때마다 초기화됩니다. 하지만 취소하거나 다운그레이드하더라도 사용하지 않은 크레딧은 3개월 더 유효합니다.,,"Plan kredileri her faturalandırma döngüsünün sonunda sıfırlanır. Ancak iptal ederseniz veya planı düşürürseniz, kullanılmayan krediler 3 ay daha aktif kalır.",,
review,P1,other,yes,style-review,Please enter escaped text,public/locales/{code}/translation.json,Escaped text required,,,Texte d'échappement requis,,Escaped-Text erforderlich,,Se requiere el texto escapado,,エスケープテキストが必要です,,需要轉義文本,,请输入转义文本,,Texto com escape obrigatório,,Escape-tekst vereist,,Escapad text krävs,,Testo con escape obbligatorio,,Введіть екранований текст,,Требуется экранированный текст,,이스케이프된 텍스트가 필요합니다,,Kaçış metni gerekli,,
review,P1,other,yes,style-review,Please enter original text,public/locales/{code}/translation.json,Original text required,,,Texte original requis,,Originaltext erforderlich,,Se requiere el texto original,,原文が必要です,,需原文,,请输入原文,,Texto original obrigatório,,Originele tekst vereist,,Originaltext krävs,,Testo originale obbligatorio,,Введіть оригінальний текст,,Требуется оригинальный текст,,원본 텍스트가 필요합니다,,Orijinal metin gerekli,,
review,P1,other,yes,style-review,Please select a language,public/locales/{code}/translation.json,Please select a language,,,Veuillez sélectionner une langue,,Bitte wählen Sie eine Sprache,,Seleccione un idioma,,言語を選択してください,,請選擇語言,,请选择一个语言,,Selecione um idioma,,Selecteer een taal,,Välj ett språk,,Seleziona una lingua,,Виберіть мову,,Выберите язык,,언어를 선택해주세요,,Lütfen bir dil seçin,,
review,P1,other,yes,style-review,Points purchase discount,public/locales/{code}/translation.json,Points purchase discount,,,Réduction sur l'achat de points,,Punkte-Kaufrabatt,,Descuento en compra de puntos,,ポイント購入割引,,積分購買折扣,,积分购买折扣,,Desconto na compra de créditos,,Korting op puntenaankoop,,Rabatt vid köp av krediter,,Sconto acquisto crediti,,Знижка на покупку кредитів,,Скидка на покупку баллов,,포인트 구매 할인,,Puan satın alma indirimi,,
review,P1,other,yes,style-review,Policies,public/locales/{code}/translation.json,Policies,,,Politiques,,Richtlinien,,Políticas,,ポリシー,,政策,,政策,,Políticas,,Beleid,,Policyer,,Politiche,,Політики,,Политика,,정책,,Politikalar,,
review,P1,other,yes,style-review,premium_features1,public/locales/{code}/translation.json,Purchase extra characters (50% discount),,,Acheter des caractères supplémentaires (50 % de réduction),,Zusätzliche Zeichen kaufen (50% Rabatt),,Comprar caracteres adicionales (50 % de descuento),,追加文字の購入（50% 割引）,,購買額外角色（50%折扣）,,购买额外字符（50% 折扣）,,Comprar caracteres extra (desconto de 50%),,Extra tekens kopen (50% korting),,Köp extra tecken (50 % rabatt),,Acquista caratteri extra (sconto del 50%),,Купівля додаткових символів (знижка 50%),,Приобретите дополнительных персонажей (скидка 50%),,추가 캐릭터 구매 (50% 할인),,Ek karakter satın alın (%50 indirim),,
review,P1,other,yes,style-review,premium_features2,public/locales/{code}/translation.json,Auto-translate and update untranslated content,,,Traduire et mettre à jour automatiquement le contenu non traduit,,Auto-Übersetzung und Aktualisierung nicht übersetzter Inhalte,,Traducir y actualizar automáticamente el contenido sin traducir,,未翻訳コンテンツの自動翻訳と更新,,自動翻譯並更新未翻譯的內容,,自动更新和翻译,,Traduzir e atualizar automaticamente conteúdos não traduzidos,,Automatisch vertalen en niet-vertaalde content bijwerken,,Översätt och uppdatera automatiskt oöversatt innehåll,,Traduci e aggiorna automaticamente i contenuti non tradotti,,Автоматичний переклад та оновлення неперекладеного контенту,,Автоперевод и обновление непереведенного контента,,자동 번역 및 번역되지 않은 콘텐츠 업데이트,,Çevrilmemiş içeriği otomatik çevir ve güncelle,,
review,P1,other,yes,missing-space,premium_features3,public/locales/{code}/translation.json,Support for Judge.me and other third-party app translation,,,Prise en charge de Judge.me et d'autres applications tierces,,Unterstützung für Judge.me und andere Drittanbieter-App-Übersetzungen,,Compatibilidad con Judge.me y otras aplicaciones de terceros,,Judge.me などサードパーティアプリ翻訳のサポート,,支援 Judge.me 和其他第三方應用翻譯,,支持翻译 judge.me 等评论内容,,Suporte para tradução Judge.me e outras aplicações de terceiros,,Ondersteuning voor Judge.me en andere apps van derden,,Stöd för Judge.me och andra tredjepartsappar,,Supporto traduzione Judge.me e altre app di terze parti,,Підтримка перекладу Judge.me та інших сторонніх додатків,,Поддержка перевода Judge.me и других сторонних приложений,,Judge.me 및 기타 타사 앱 번역 지원,,Judge.me ve diğer üçüncü taraf uygulama çevirisi desteği,,
review,P1,other,yes,style-review,premium_features4,public/locales/{code}/translation.json,Support for PageFly and other page builders,,,Prise en charge de PageFly et d'autres constructeurs de pages,,Unterstützung für PageFly und andere Page Builder,,Compatibilidad con PageFly y otros constructores de páginas,,PageFly などページビルダーのサポート,,支援 PageFly 和其他頁面建立器,,支持翻译 pagefly 等页面构建器,,Suporte para PageFly e outros construtores de páginas,,Ondersteuning voor PageFly en andere page builders,,Stöd för PageFly och andra sidbyggare,,Supporto PageFly e altri page builder,,Підтримка PageFly та інших конструкторів сторінок,,Поддержка PageFly и других конструкторов страниц,,PageFly 및 기타 페이지 빌더 지원,,PageFly ve diğer sayfa oluşturucular desteği,,
review,P1,other,yes,style-review,premium_features5,public/locales/{code}/translation.json,Translation quality assurance: free manual correction,,,Assurance qualité de traduction : correction manuelle gratuite,,Übersetzungsqualitätssicherung: kostenlose manuelle Korrektur,,Garantía de calidad de traducción: corrección manual gratuita,,翻訳品質保証：手動無料修正,,翻譯品質保證：免費人工修改,,翻译质量保障：支持人工免费修复,,Garantia de qualidade de tradução: correção manual gratuita,,Vertaalkwaliteitsgarantie: gratis handmatige correctie,,Översättningskvalitetssäkring: gratis manuell korrigering,,Garanzia qualità traduzione: correzione manuale gratuita,,Забезпечення якості перекладу: безкоштовне ручне виправлення,,Обеспечение качества перевода: бесплатная ручная коррекция,,번역 품질 보증: 무료 수동 수정,,Çeviri kalite güvencesi: ücretsiz manuel düzeltme,,
review,P1,other,yes,style-review,premium_features6,public/locales/{code}/translation.json,Expert translation review by professionals,,,Relecture experte par des professionnels,,Expertenübersetzungsüberprüfung durch Profis,,Revisión de traducción por profesionales,,プロ翻訳者による専門レビュー,,專業人士的專業翻譯審核,,翻译专家人工检查,,Revisão de tradução por profissionais,,Expertbeoordeling door professionals,,Expertgranskning av översättningar,,Revisione traduzione esperta da professionisti,,Експертний огляд перекладу професіоналами,,Экспертная оценка перевода профессионалами,,전문가의 전문 번역 검토,,Profesyoneller tarafından uzman çeviri incelemesi,,
review,P1,other,yes,style-review,premium_features7,public/locales/{code}/translation.json,1-on-1 dedicated support,,,Support dédié en tête-à-tête,,1-zu-1 dedizierter Support,,Soporte dedicado personalizado,,1対1の専任サポート,,一對一專屬支持,,1v1 人工支持,,Apoio dedicado 1 a 1,,Persoonlijke 1-op-1 support,,Dedikerad 1-mot-1-support,,Assistenza dedicata 1 a 1,,Індивідуальна підтримка 1 на 1,,Специализированная поддержка 1 на 1,,1:1 전담 지원,,Bire bir özel destek,,
review,P1,other,yes,style-review,premium_features8,public/locales/{code}/translation.json,"IP geolocation switch limit: 50,000 IPs/30 Days",,,Limite de basculement par géolocalisation IP : 50 000 IP/30 jours,,IP-Geolokalisierungs-Umschaltlimit: 50.000 IPs/30 Tage,,Límite de cambio por geolocalización IP: 50.000 IP/30 días,,"IP 位置情報切替制限：50,000 IP/30日",,"IP 地理位置切換限制：50,000 個 IP/30 天",,"IP 位置限制：50,000 IP/30 天",,Limite de mudança por geolocalização IP: 50.000 IPs/30 dias,,IP-geolocatieschakellimiet: 50.000 IP's/30 dagen,,Gräns för IP-geolokaliseringsväxling: 50 000 IP/30 dagar,,Limite commutazione geolocalizzazione IP: 50.000 IP/30 giorni,,"Ліміт перемикання IP геолокації: 50,000 IP/30 днів",,Лимит переключения геолокации IP: 50 000 IP-адресов/30 дней,,"IP 지리적 위치 전환 제한: 50,000개 IP/30일",,IP coğrafi konum geçiş limiti: 50.000 IP/30 gün,,
review,P1,other,yes,style-review,premium_features9,public/locales/{code}/translation.json,Excess usage: 100 credit per IP,,,Utilisation excédentaire : 100 crédits par IP,,Überschreitung: 100 Credits pro IP,,Uso excedente: 100 créditos por IP,,超過利用：IP あたり 100 クレジット,,超額使用：每個 IP 100 個信用點,,超出限制：100 积分/IP,,Utilização em excesso: 100 créditos por IP,,Overgebruik: 100 credits per IP,,Överförbrukning: 100 krediter per IP,,Utilizzo in eccesso: 100 crediti per IP,,Надмірне використання: 100 кредитів за IP,,Избыточное использование: 100 кредитов на IP,,초과 사용: IP당 100 크레딧,,Aşım kullanımı: IP başına 100 kredi,,
review,P1,other,yes,style-review,Preview,public/locales/{code}/translation.json,Preview,,,Aperçu,,Vorschau,,Vista previa,,プレビュー,,預覽,,预览,,Visualizar,,Voorbeeld,,Förhandsvisning,,Anteprima,,Попередній перегляд,,Предварительный просмотр,,시사,,Önizleme,,
review,P1,other,yes,style-review,Preview store,public/locales/{code}/translation.json,Preview store,,,Aperçu de la boutique,,Shop-Vorschau,,Vista previa de la tienda,,ストアをプレビュー,,預覽商店,,预览商店,,Pré-visualizar loja,,Winkel bekijken,,Förhandsgranska butik,,Anteprima negozio,,Попередній перегляд магазину,,Предварительный просмотр,,미리보기 스토어,,Mağazayı önizle,,
review,P1,other,yes,style-review,Private API call limits,public/locales/{code}/translation.json,Private API call limits,,,Limites d'appels API privée,,Private API-Aufruf-Limits,,Límites de llamadas a API privada,,プライベート API 呼び出し制限,,私有 API 呼叫限制,,私有 API 调用限制,,Limites de chamadas da API privada,,Limieten privé-API-aanroepen,,Gränser för privata API-anrop,,Limiti chiamate API privata,,Ліміти викликів приватного API,,Лимиты приватных вызовов API,,개인 API 호출 제한,,Özel API çağrı limitleri,,
review,P1,other,yes,style-review,Private API support,public/locales/{code}/translation.json,Private API support,,,Prise en charge de l'API privée,,Private API-Unterstützung,,Soporte de API privada,,プライベート API サポート,,私有 API 支援,,私有 API 支持,,Suporte de API privada,,Ondersteuning voor privé-API,,Stöd för privat API,,Supporto API privata,,Підтримка приватного API,,Частная поддержка API,,개인 API 지원,,Özel API desteği,,
review,P1,other,yes,style-review,pro_features1,public/locales/{code}/translation.json,Purchase extra characters (25% discount),,,Acheter des caractères supplémentaires (25 % de réduction),,Zusätzliche Zeichen kaufen (25% Rabatt),,Comprar caracteres adicionales (25 % de descuento),,追加文字の購入（25% 割引）,,購買額外角色（25%折扣）,,购买额外字符（25% 折扣）,,Comprar caracteres extra (desconto de 25%),,Extra tekens kopen (25% korting),,Köp extra tecken (25 % rabatt),,Acquista caratteri extra (sconto del 25%),,Купівля додаткових символів (знижка 25%),,Приобретите дополнительных персонажей (скидка 25%),,추가 캐릭터 구매 (25% 할인),,Ek karakter satın alın (%25 indirim),,
review,P1,other,yes,style-review,pro_features2,public/locales/{code}/translation.json,Support for multi-language translation,,,Prise en charge de la traduction multilingue,,Unterstützung für mehrsprachige Übersetzung,,Compatibilidad con traducción en varios idiomas,,多言語翻訳のサポート,,支援多語言翻譯,,支持多种语言同时翻译,,Suporte para tradução multilingue,,Ondersteuning voor meertalige vertaling,,Stöd för flerspråkig översättning,,Supporto traduzione multilingue,,Підтримка багатомовного перекладу,,Поддержка многоязычного перевода,,다국어 번역 지원,,Çoklu dil çevirisi desteği,,
review,P1,other,yes,style-review,pro_features3,public/locales/{code}/translation.json,Auto-translate and update untranslated content,,,Traduire et mettre à jour automatiquement le contenu non traduit,,Auto-Übersetzung und Aktualisierung nicht übersetzter Inhalte,,Traducir y actualizar automáticamente el contenido sin traducir,,未翻訳コンテンツの自動翻訳と更新,,自動翻譯並更新未翻譯的內容,,自动更新和翻译,,Traduzir e atualizar automaticamente conteúdos não traduzidos,,Automatisch vertalen en niet-vertaalde content bijwerken,,Översätt och uppdatera automatiskt oöversatt innehåll,,Traduci e aggiorna automaticamente i contenuti non tradotti,,Автоматичний переклад та оновлення неперекладеного контенту,,Автоперевод и обновление непереведенного контента,,자동 번역 및 번역되지 않은 콘텐츠 업데이트,,Çevrilmemiş içeriği otomatik çevir ve güncelle,,
review,P1,other,yes,style-review,pro_features4,public/locales/{code}/translation.json,SEO translation: meta tags and image alt texts,,,Traduction SEO : balises meta et textes alternatifs des images,,SEO-Übersetzung: Meta-Tags und Bild-Alt-Texte,,Traducción SEO: metaetiquetas y textos alternativos de imágenes,,SEO 翻訳：メタタグと画像 alt テキスト,,SEO 翻譯：元標籤和圖像替代文本,,支持翻译SEO ：meta 信息和图片 alt 翻译,,Tradução SEO: meta tags e textos alternativos de imagens,,SEO-vertaling: metatags en alt-teksten van afbeeldingen,,SEO-översättning: metataggar och alt-texter för bilder,,Traduzione SEO: meta tag e testi alternativi delle immagini,,SEO переклад: мета теги та альтернативний текст зображень,,SEO-перевод: метатеги и альтернативные тексты изображений,,SEO 번역: 메타 태그 및 이미지 대체 텍스트,,SEO çevirisi: meta etiketleri ve görsel alt metinleri,,
review,P1,other,yes,missing-space,pro_features5,public/locales/{code}/translation.json,Support for Judge.me and other third-party app translation,,,Prise en charge de Judge.me et d'autres applications tierces,,Unterstützung für Judge.me und andere Drittanbieter-App-Übersetzungen,,Compatibilidad con Judge.me y otras aplicaciones de terceros,,Judge.me などサードパーティアプリ翻訳のサポート,,支援 Judge.me 和其他第三方應用翻譯,,支持翻译judge.me 等第三方 app,,Suporte para tradução Judge.me e outras aplicações de terceiros,,Ondersteuning voor Judge.me en andere apps van derden,,Stöd för Judge.me och andra tredjepartsappar,,Supporto traduzione Judge.me e altre app di terze parti,,Підтримка перекладу Judge.me та інших сторонніх додатків,,Поддержка перевода Judge.me и других сторонних приложений,,Judge.me 및 기타 타사 앱 번역 지원,,Judge.me ve diğer üçüncü taraf uygulama çevirisi desteği,,
review,P1,other,yes,style-review,pro_features6,public/locales/{code}/translation.json,Translation quality assurance: free manual correction,,,Assurance qualité de traduction : correction manuelle gratuite,,Übersetzungsqualitätssicherung: kostenlose manuelle Korrektur,,Garantía de calidad de traducción: corrección manual gratuita,,翻訳品質保証：手動無料修正,,翻譯品質保證：免費人工修改,,翻译质量保障：支持人工免费修复,,Garantia de qualidade de tradução: correção manual gratuita,,Vertaalkwaliteitsgarantie: gratis handmatige correctie,,Översättningskvalitetssäkring: gratis manuell korrigering,,Garanzia qualità traduzione: correzione manuale gratuita,,Забезпечення якості перекладу: безкоштовне ручне виправлення,,Обеспечение качества перевода: бесплатная ручная коррекция,,번역 품질 보증: 무료 수동 수정,,Çeviri kalite güvencesi: ücretsiz manuel düzeltme,,
review,P1,other,yes,style-review,pro_features7,public/locales/{code}/translation.json,"IP geolocation switch limit: 25,000 IPs/30 Days",,,Limite de basculement par géolocalisation IP : 25 000 IP/30 jours,,IP-Geolokalisierungs-Umschaltlimit: 25.000 IPs/30 Tage,,Límite de cambio por geolocalización IP: 25.000 IP/30 días,,"IP 位置情報切替制限：25,000 IP/30日",,"IP 地理位置切換限制：25,000 IP/30 天",,"IP 位置限制：25,000 IP/30 天",,Limite de mudança por geolocalização IP: 25.000 IPs/30 dias,,IP-geolocatieschakellimiet: 25.000 IP's/30 dagen,,Gräns för IP-geolokaliseringsväxling: 25 000 IP/30 dagar,,Limite commutazione geolocalizzazione IP: 25.000 IP/30 giorni,,"Ліміт перемикання IP геолокації: 25,000 IP/30 днів",,Лимит переключения геолокации IP: 25 000 IP-адресов/30 дней,,"IP 지리적 위치 전환 제한: 25,000개 IP/30일",,IP coğrafi konum geçiş limiti: 25.000 IP/30 gün,,
review,P1,other,yes,style-review,Product image alt text,public/locales/{code}/translation.json,Product image alt text,,,Texte alternatif de l'image produit,,Produktbild-Alt-Text,,Texto alternativo de imagen de producto,,商品画像 alt テキスト,,產品圖片替代文本,,产品图片替代文本,,Texto alternativo da imagem do produto,,Alt-tekst productafbeelding,,Alt-text för produktbild,,Testo alternativo immagine prodotto,,Альтернативний текст зображення товару,,Изображение продукта alt text,,제품 이미지 대체 텍스트,,Ürün görseli alt metni,,
review,P1,other,yes,style-review,Product images,public/locales/{code}/translation.json,Product images,,,Images produit,,Produktbilder,,Imágenes de producto,,商品画像,,產品圖片,,产品图片,,Imagens do produto,,Productafbeeldingen,,Produktbilder,,Immagini prodotto,,Зображення товарів,,Изображения товара,,제품 이미지,,Ürün görselleri,,
review,P1,other,yes,style-review,Products,public/locales/{code}/translation.json,Products,,,Produits,,Produkte,,Productos,,商品,,產品,,产品,,Produtos,,Producten,,Produkter,,Prodotti,,Товари,,Продукты,,제품,,Ürünler,,
review,P1,other,yes,style-review,Publish,public/locales/{code}/translation.json,Publish,,,Publier,,Veröffentlichen,,Publicar,,公開,,發布,,发布,,Publicar,,Publiceren,,Publicera,,Pubblica,,Опублікувати,,Опубликовать,,게시하다,,Yayınla,,
review,P1,other,yes,style-review,publishModal.title,public/locales/{code}/translation.json,Assign {{ languageName }} to domain,,,Attribuer {{ languageName }} au domaine,,{{languageName}} der Domain zuweisen,,Asignar {{ languageName }} al dominio,,{{ languageName }} をドメインに割り当て,,將 {{ languageName }} 指派給域名,,将 {{ languageName }} 分配给域,,Atribuir {{ languageName }} ao domínio,,{{ languageName }} aan domein toewijzen,,Tilldela {{ languageName }} till domän,,Assegna {{ languageName }} al dominio,,Призначити {{ languageName }} до домену,,Назначить {{ languageName }} домену,,{{ languageName }}을 도메인에 할당하세요,,{{ languageName }} dilini etki alanına ata,,
review,P1,other,yes,style-review,Recommend,public/locales/{code}/translation.json,Recommend,,,Recommander,,Empfehlen,,Recomendar,,推奨,,推薦,,推荐,,Recomendar,,Aanbevolen,,Rekommendera,,Consiglia,,Рекомендувати,,Рекомендуется ___________________________________________________________________________________,,추천하다,,Öner,,
review,P1,other,yes,style-review,Recommended pack,public/locales/{code}/translation.json,Recommended pack,,,Pack recommandé,,Empfohlenes Paket,,Paquete recomendado,,推奨パック,,建議方案,,推荐积分包,,Pacote recomendado,,Aanbevolen pakket,,Rekommenderat paket,,Pacchetto consigliato,,Рекомендований пакет,,Рекомендуемый пакет,,추천 팩,,Önerilen paket,,
review,P1,other,yes,style-review,Refresh statistics,public/locales/{code}/translation.json,Refresh statistics,,,Actualiser les statistiques,,Statistiken aktualisieren,,Actualizar estadísticas,,統計を更新,,重新整理統計資料,,刷新统计,,Atualizar estatísticas,,Statistieken vernieuwen,,Uppdatera statistik,,Aggiorna statistiche,,Оновити статистику,,Обновить статистику,,통계 새로고침,,İstatistikleri yenile,,
review,P1,other,yes,style-review,Relevant region(s),public/locales/{code}/translation.json,Relevant region(s),,,Région(s) concernée(s),,Relevante Region(en),,Región(es) relevante(s),,関連地域,,相關地區,,相关区域,,Região(ões) relevante(s),,Relevante regio('s),,Relevanta region(er),,Regione/i interessata/e,,Відповідні регіони,,Соответствующий регион(регионы),,관련 지역,,İlgili bölge(ler),,
review,P1,other,yes,style-review,Resource,public/locales/{code}/translation.json,Resource,,,Ressource,,Ressource,,Recurso,,リソース,,資源,,资源,,Recurso,,Bron,,Resurs,,Risorsa,,Ресурс,,Ресурс,,의지,,Kaynak,,
review,P1,other,yes,style-review,Retranslate,public/locales/{code}/translation.json,Retranslate,,,Retraduire,,Erneut übersetzen,,Retraducir,,再翻訳,,重新翻譯,,重新翻译,,Retraduzir,,Opnieuw vertalen,,Översätt igen,,Ritraduci,,Перекласти повторно,,Перевести заново,,다시 번역,,Yeniden çevir,,
review,P1,other,yes,style-review,Review the estimated credits for this field and choose a pack.,public/locales/{code}/translation.json,Review the estimated credits for this field and choose a pack.,,,Consultez les crédits estimés pour ce champ et choisissez un pack.,,Überprüfen Sie die geschätzten Credits für dieses Feld und wählen Sie ein Paket.,,Revisa los créditos estimados para este campo y elige un paquete.,,このフィールドの推定クレジットを確認し、パックを選択してください。,,查看此欄位的預估點數，然後選擇方案。,,查看该字段的预计积分消耗，并选择合适的积分包。,,Reveja os créditos estimados para este campo e escolha um pacote.,,Bekijk de geschatte credits voor dit veld en kies een pakket.,,Granska de beräknade krediterna för det här fältet och välj ett paket.,,Controlla i crediti stimati per questo campo e scegli un pacchetto.,,Перегляньте орієнтовні кредити для цього поля та оберіть пакет.,,Проверьте оценочные кредиты для этого поля и выберите пакет.,,이 필드의 예상 크레딧을 확인하고 패키지를 선택하세요.,,Bu alan için tahmini kredileri inceleyin ve bir paket seçin.,,
review,P1,other,yes,style-review,Review the estimated credits for this task and choose a pack.,public/locales/{code}/translation.json,Review the estimated credits for this task and choose a pack.,,,Consultez les crédits estimés pour cette tâche et choisissez un pack.,,Überprüfen Sie die geschätzten Credits für diese Aufgabe und wählen Sie ein Paket.,,Revisa los créditos estimados para esta tarea y elige un paquete.,,このタスクの推定クレジットを確認し、パックを選択してください。,,查看此任務的預估點數，然後選擇方案。,,查看当前任务的预计积分消耗，并选择合适的积分包。,,Reveja os créditos estimados para esta tarefa e escolha um pacote.,,Bekijk de geschatte credits voor deze taak en kies een pakket.,,Granska de beräknade krediterna för den här uppgiften och välj ett paket.,,Controlla i crediti stimati per questa attività e scegli un pacchetto.,,Перегляньте орієнтовні кредити для цього завдання та оберіть пакет.,,Проверьте оценочные кредиты для этой задачи и выберите пакет.,,이 작업의 예상 크레딧을 확인하고 패키지를 선택하세요.,,Bu görev için tahmini kredileri inceleyin ve bir paket seçin.,,
review,P1,other,yes,style-review,Review the remaining credits for this task and choose a pack.,public/locales/{code}/translation.json,Review the remaining credits for this task and choose a pack.,,,Consultez les crédits restants pour cette tâche et choisissez un pack.,,Überprüfen Sie die verbleibenden Credits für diese Aufgabe und wählen Sie ein Paket.,,Revisa los créditos restantes para esta tarea y elige un paquete.,,このタスクの残りクレジットを確認し、パックを選択してください。,,查看此任務的剩餘點數，然後選擇方案。,,查看当前任务预计剩余消耗，并选择合适的积分包。,,Reveja os créditos restantes para esta tarefa e escolha um pacote.,,Bekijk de resterende credits voor deze taak en kies een pakket.,,Granska de återstående krediterna för den här uppgiften och välj ett paket.,,Controlla i crediti rimanenti per questa attività e scegli un pacchetto.,,Перегляньте залишок кредитів для цього завдання та оберіть пакет.,,Проверьте оставшиеся кредиты для этой задачи и выберите пакет.,,이 작업의 남은 크레딧을 확인하고 패키지를 선택하세요.,,Bu görev için kalan kredileri inceleyin ve bir paket seçin.,,
review,P1,other,yes,style-review,Rounding,public/locales/{code}/translation.json,Rounding,,,Arrondi,,Rundung,,Redondeo,,丸め,,四捨五入,,四舍五入,,Arredondamento,,Afronding,,Avrundning,,Arrotondamento,,Округлення,,Округление,,반올림,,Yuvarlama,,
review,P1,other,yes,style-review,Save,public/locales/{code}/translation.json,Save,,,Enregistrer,,Speichern,,Guardar,,保存,,節省,,保存,,Salvar,,Opslaan,,Spara,,Salva,,Зберегти,,Сохранить,,구하다,,Kaydet,,
review,P1,other,yes,style-review,Save 20%,public/locales/{code}/translation.json,Save 20%,,,Économisez 20 %,,20% sparen,,Ahorre un 20 %,,20% 割引,,節省 20%,,年度折扣 20%,,Poupe 20%,,Bespaar 20%,,Spara 20 %,,Risparmia il 20%,,Знижка 20%,,Скидка 20%,,20% 절약,,%20 tasarruf edin,,
review,P1,other,yes,style-review,Search currencies...,public/locales/{code}/translation.json,Search currencies...,,,Rechercher des devises...,,Währungen suchen...,,Buscar monedas...,,通貨を検索...,,搜尋貨幣...,,搜索货币...,,Pesquisar moedas...,,Valuta zoeken...,,Sök valutor...,,Cerca valute...,,Пошук валют...,,Поиск валют...,,통화 검색...,,Para birimlerinde ara...,,
review,P1,other,yes,style-review,Search languages...,public/locales/{code}/translation.json,Search languages...,,,Rechercher des langues...,,Sprachen suchen...,,Buscar idiomas...,,言語を検索...,,搜尋語言...,,搜索语言...,,Pesquisar idiomas...,,Talen zoeken...,,Sök språk...,,Cerca lingue...,,Пошук мов...,,Поиск языка,,언어 검색...,,Dillerde ara...,,
review,P1,other,yes,style-review,Search...,public/locales/{code}/translation.json,Search...,,,Rechercher...,,Suchen...,,Buscar...,,検索...,,搜尋...,,搜索...,,Pesquisar...,,Zoeken...,,Sök...,,Cerca...,,Пошук...,,Поиск...,,찾다...,,Ara...,,
review,P1,other,yes,style-review,Selected,public/locales/{code}/translation.json,Selected,,,Sélectionné,,Ausgewählt,,Seleccionado,,選択済み,,選定,,已选中,,Selecionado,,Geselecteerd,,Vald,,Selezionato,,Вибрано,,Выделено,,선택된,,Seçildi,,
review,P1,other,yes,style-review,Selector position data:,public/locales/{code}/translation.json, Position Offset:,,, Décalage de position :,, Positions-Offset:,, Desplazamiento de posición:,, 位置オフセット：,,位置偏移：,,选择器位置数据：,, Deslocamento da posição:,, Positie-offset:,, Positionsförskjutning:,, Offset posizione:,, Зміщення позиції:,,Позиция смещения,,위치 오프셋:,, Konum ofseti:,,
review,P1,other,yes,style-review,Selector position:,public/locales/{code}/translation.json, Switcher Position:,,, Position du sélecteur :,, Umschalter-Position:,, Posición del selector:,, スイッチャー位置：,,切換器位置：,,选择器位置：,, Posição do seletor:,, Positie wisselaar:,, Växlarposition:,, Posizione del selettore:,, Позиція перемикача:,,Положение переключателя:,,스위처 위치:,, Değiştirici konumu:,,
review,P1,other,yes,style-review,Settings,public/locales/{code}/translation.json,Settings,,,Paramètres,,Einstellungen,,Configuración,,設定,,設定,,设置,,Configurações,,Instellingen,,Inställningar,,Impostazioni,,Налаштування,,Настройки,,설정,,Ayarlar,,
review,P1,other,yes,style-review,Shipping,public/locales/{code}/translation.json,Shipping,,,Expédition,,Versand,,Envío,,配送,,船運,,运输,,Envio,,Verzending,,Frakt,,Spedizione,,Відправка,,Shipping (Отгрузка),,해운,,Kargo,,
review,P1,other,yes,style-review,Shop,public/locales/{code}/translation.json,Shop,,,Shop,,Shop,,Shop,,Shop,,店鋪,,商店,,Shop,,Shop,,Shop,,Shop,,Магазин,,Магазин,,가게,,Mağaza,,
review,P1,other,yes,style-review,Show current market flag,public/locales/{code}/translation.json,Show current market flag,,,Afficher le drapeau du marché actuel,,Aktuelle Marktflagge anzeigen,,Mostrar la bandera del mercado actual,,現在のマーケットの国旗を表示,,顯示目前市場旗幟,,显示当前市场旗帜,,Mostrar a bandeira do mercado atual,,Vlag van huidige markt tonen,,Visa aktuell marknadsflagga,,Mostra la bandiera del mercato attuale,,Показувати прапор поточного ринку,,Показывать флаг текущего рынка,,현재 마켓 국기 표시,,Geçerli pazar bayrağını göster,,
review,P1,other,yes,style-review,Single field translation,public/locales/{code}/translation.json,Single field translation,,,Traduction d'un champ,,Übersetzung einzelner Felder,,Traducción de un solo campo,,単一フィールドの翻訳,,單一欄位翻譯,,单字段翻译,,Tradução de campo único,,Vertaling van één veld,,Enskild fältöversättning,,Traduzione di un singolo campo,,Переклад окремого поля,,Перевод одного поля,,단일 필드 번역,,Tek alan çevirisi,,
review,P1,other,yes,style-review,Source changed,public/locales/{code}/translation.json,Source changed,,,Source modifiée,,Quelle geändert,,Fuente modificada,,原文が変更されました,,來源已變更,,原文已变更,,Origem alterada,,Bron gewijzigd,,Källan har ändrats,,Fonte modificata,,Джерело змінено,,Исходник изменён,,원본 변경됨,,Kaynak değişti,,
review,P1,other,yes,style-review,Source Language,public/locales/{code}/translation.json,source Language,,,langue source,,Quellsprache,,idioma de origen,,ソース言語,,原始語言,,源语言,,idioma de origem,,brontaal,,källspråk,,lingua di origine,,Мова оригіналу,,Исходный язык,,소스 언어,,kaynak Dil,,
review,P1,other,yes,style-review,Status,public/locales/{code}/translation.json,Status,,,Statut,,Status,,Estado,,ステータス,,地位,,状态,,Status,,Status,,Status,,Stato,,Статус,,Статус,,상태,,Durum,,
review,P1,other,yes,style-review,Stay on Page,public/locales/{code}/translation.json,Stay on Page,,,Rester sur la page,,Auf Seite bleiben,,Permanecer en la página,,ページに留まる,,留在頁面上,,留在页面上,,Permanecer na página,,Op pagina blijven,,Stanna på sidan,,Resta sulla pagina,,Залишитися на сторінці,,Остаться на странице,,페이지에 머물러라,,Sayfada kal,,
review,P1,other,yes,style-review,Summary,public/locales/{code}/translation.json,Summary,,,Résumé,,Zusammenfassung,,Resumen,,概要,,概括,,摘要,,Resumo,,Samenvatting,,Sammanfattning,,Riassunto,,Підсумок,,Резюме,,요약,,Özet,,
review,P1,other,yes,style-review,support,public/locales/{code}/translation.json,support,,,Support,,Support,,Soporte,,サポート,,支援,,支持,,Suporte,,Ondersteuning,,stöd,,Supporto,,підтримка,,поддерживать,,지원하다,,Destek,,
review,P1,other,yes,style-review,Switch by browser language,public/locales/{code}/translation.json,Switch by browser language,,,Basculer selon la langue du navigateur,,Nach Browsersprache wechseln,,Cambiar según el idioma del navegador,,ブラウザの言語で切り替え,,依瀏覽器語言切換,,根据浏览器语言切换,,Alternar pelo idioma do navegador,,Wisselen op basis van browsertaal,,Växla efter webbläsarspråk,,Cambia in base alla lingua del browser,,Перемикати за мовою браузера,,Переключать по языку браузера,,브라우저 언어로 전환,,Tarayıcı diline göre değiştir,,
review,P1,other,yes,style-review,Switch to free plan,public/locales/{code}/translation.json,Switch to free plan,,,Passer au plan gratuit,,Zum kostenlosen Plan wechseln,,Cambiar al plan gratuito,,無料プランに切り替え,,切換到免費計劃,,切换到免费计划,,Mudar para plano gratuito,,Overschakelen naar gratis plan,,Byt till gratisplan,,Passa al piano gratuito,,Перейти на безкоштовний план,,Перейти на бесплатный план,,무료 플랜으로 전환,,Ücretsiz plana geç,,
review,P1,other,yes,style-review,Syncing,public/locales/{code}/translation.json,Syncing,,,Synchronisation,,Synchronisieren,,Sincronizando,,同期中,,同步,,同步中,,A sincronizar,,Synchroniseren,,Synkroniserar,,Sincronizzazione,,Синхронізація,,Синхронизация,,동기화 중,,Senkronize ediliyor,,
review,P1,other,yes,style-review,Target Language,public/locales/{code}/translation.json,target Language,,,langue cible,,Zielsprache,,lengua de llegada,,対象言語,,目標語言,,目标语言,,idioma de destino,,doeltaal,,målspråk,,lingua di destinazione,,цільова мова,,целевой язык,,대상 언어,,hedef dil,,
review,P1,other,yes,style-review,Targets,public/locales/{code}/translation.json,Targets,,,Cibles,,Ziele,,Objetivos,,対象,,目標,,目标语言,,Destinos,,Doeltalen,,Mål,,Destinazioni,,Цілі,,Цели,,대상,,Hedefler,,
review,P1,other,yes,style-review,Text,public/locales/{code}/translation.json,Text,,,Texte,,Text,,Texto,,テキスト,,文字,,文本,,Text,,Text,,Text,,Testo,,Текст,,Текст,,텍스트,,Metin,,
review,P1,other,yes,style-review,The 20 language limit has been reached,public/locales/{code}/translation.json,Language limit reached,,,Limite de langues atteinte,,Sprachlimit erreicht,,Se alcanzó el límite de idiomas,,言語数の上限に達しました,,達到語言限制,,20语言限制已达到,,Limite de idiomas atingido,,Taallimiet bereikt,,Språkgränsen har nåtts,,Limite lingue raggiunto,,Досягнуто ліміт у 20 мов,,Достигнут языковой лимит,,언어 제한에 도달했습니다,,Dil sınırına ulaşıldı,,
review,P1,other,yes,style-review,The current language does not support image translation,public/locales/{code}/translation.json,The current language does not support image translation,,,La langue actuelle ne prend pas en charge la traduction d'images,,Die aktuelle Sprache unterstützt keine Bildübersetzung,,El idioma actual no admite la traducción de imágenes.,,現在の言語は画像翻訳をサポートしていません,,當前語言不支援圖片翻譯,,当前语言不支持图片翻译,,O idioma atual não suporta tradução de imagens,,De huidige taal ondersteunt geen beeldvertaling,,Det aktuella språket stöder inte bildöversättning,,La lingua corrente non supporta la traduzione delle immagini,,Поточна мова не підтримує переклад зображень,,Текущий язык не поддерживает перевод изображений.,,현재 언어는 이미지 번역을 지원하지 않습니다.,,Mevcut dil resim çevirisini desteklemiyor,,
review,P1,other,yes,style-review,The quota has been used up,public/locales/{code}/translation.json,You’re out of translation credits,,,Vous n'avez plus de crédits de traduction,,Sie haben keine Übersetzungs-Credits mehr,,Se han agotado sus créditos de traducción,,翻訳クレジットを使い切りました,,您的翻譯積分已用完,,额度已用完,,Esgotou os créditos de tradução,,U heeft geen vertaaltegoeden meer,,Du har slut på översättningskrediter,,Hai esaurito i crediti di traduzione,,Квота вичерпана,,У вас закончились переводческие кредиты,,번역 크레딧이 없습니다.,,Çeviri kredileriniz bitti,,
review,P1,other,yes,style-review,The source text is empty and cannot be translated,public/locales/{code}/translation.json,The source text is empty and cannot be translated,,,Le texte source est vide et ne peut pas être traduit,,Der Quelltext ist leer und kann nicht übersetzt werden,,El texto de origen está vacío y no se puede traducir,,ソーステキストが空で翻訳できません,,源文字為空，無法翻譯,,源文本为空，无法翻译,,O texto de origem está vazio e não pode ser traduzido,,De brontekst is leeg en kan niet worden vertaald,,Källtexten är tom och kan inte översättas,,Il testo di origine è vuoto e non può essere tradotto,,Вихідний текст порожній і не може бути перекладений,,Исходный текст пуст и не может быть переведен,,소스 텍스트가 비어 있어 번역할 수 없습니다,,Kaynak metin boş ve çevrilemiyor,,
review,P1,other,yes,style-review,The specified fields were not found in the store.,public/locales/{code}/translation.json,Specified fields not found in the store,,,Les champs spécifiés sont introuvables dans la boutique,,Angegebene Felder im Shop nicht gefunden,,No se encontraron los campos especificados en la tienda,,ストアに指定されたフィールドが見つかりません,,商店中未找到指定字段,,指定的字段未在商店中找到。,,Campos especificados não encontrados na loja,,Gespecificeerde velden niet gevonden in de winkel,,Angivna fält hittades inte i butiken,,Campi specificati non trovati nel negozio,,Вказані поля не знайдено в магазині,,Указанные поля не найдены в магазине,,매장에서 지정된 필드를 찾을 수 없습니다.,,Belirtilen alanlar mağazada bulunamadı,,
review,P1,other,yes,style-review,Theme,public/locales/{code}/translation.json,Theme,,,Thème,,Design,,Tema,,テーマ,,主題,,主题,,Tema,,Thema,,Tema,,Tema,,Тема,,Тема,,주제,,Tema,,
review,P1,other,yes,style-review,Third-party app translation,public/locales/{code}/translation.json,Third-party app translation,,,Traduction d'applications tierces,,Drittanbieter-App-Übersetzung,,Traducción de aplicaciones de terceros,,サードパーティアプリ翻訳,,第三方應用翻譯,,第三方应用翻译,,Tradução de aplicações de terceiros,,Vertaling van apps van derden,,Översättning av tredjepartsappar,,Traduzione app di terze parti,,Переклад сторонніх додатків,,Перевод стороннего приложения,,타사 앱 번역,,Üçüncü taraf uygulama çevirisi,,
review,P1,other,yes,style-review,This feature is available only with the paid plan.,public/locales/{code}/translation.json,This feature is available only with the paid plan.,,,Cette fonctionnalité est disponible uniquement avec le plan payant.,,Diese Funktion ist nur im kostenpflichtigen Plan verfügbar.,,Esta función solo está disponible con el plan de pago.,,この機能は有料プランでのみ利用可能です。,,此功能僅適用於付費方案。,,此功能仅在付费计划中可用。,,Esta funcionalidade está disponível apenas no plano pago.,,Deze functie is alleen beschikbaar met het betaalde abonnement.,,Denna funktion är endast tillgänglig med den betalda planen.,,Cette fonctionnalité est disponible uniquement avec le plan payant.,,Ця функція доступна лише у платному плані.,,Эта функция доступна только в платном тарифе.,,이 기능은 유료 플랜에서만 이용 가능합니다.,,Bu özellik yalnızca ücretli planda mevcuttur.,,
review,P1,other,yes,style-review,Title,public/locales/{code}/translation.json,Title,,,Titre,,Titel,,Título,,タイトル,,標題,,标题,,Título,,Titel,,Titel,,Titolo,,Заголовок,,Наименование,,제목,,Başlık,,
review,P1,other,yes,style-review,to,public/locales/{code}/translation.json,to,,,vers,,zu,,a,,へ,,到,,到,,para,,naar,,till,,a,,на,,кому,,에게,,ile,,
review,P1,other,yes,style-review,to view the prices in different currencies.,public/locales/{code}/translation.json,to view the prices in different currencies.,,,afficher les prix dans différentes devises.,,um die Preise in verschiedenen Währungen anzuzeigen.,,ver los precios en diferentes monedas.,,で異なる通貨の価格を確認できます。,,查看不同貨幣的價格。,,查看不同货币的价格。,,ver os preços em diferentes moedas.,,prijzen in verschillende valuta bekijken.,,visa priser i olika valutor.,,per visualizzare i prezzi in diverse valute.,,переглядати ціни в різних валютах.,,для просмотра цен в разных валютах.,,다양한 통화로 가격을 확인하세요.,,farklı para birimlerindeki fiyatları görüntüleyebilirsiniz.,,
review,P1,other,yes,style-review,Total pay,public/locales/{code}/translation.json,Total pay,,,Paiement total,,Gesamtzahlung,,Pago total,,合計支払額,,總薪酬,,总付款,,Total a pagar,,Totaal te betalen,,Totalt att betala,,Totale da pagare,,Загальна оплата,,Общий платеж,,총 급여,,Toplam ödeme,,
review,P1,other,yes,style-review,Total Payment:,public/locales/{code}/translation.json,Total Payment:,,,Paiement total :,,Gesamtzahlung:,,Pago total:,,合計支払額：,,總付款：,,总付款：,,Pagamento total:,,Totaal te betalen:,,Total betalning:,,Pagamento totale:,,Загальна оплата:,,Совокупный платеж:,,총 지불 금액:,,Toplam ödeme:,,
review,P1,other,yes,style-review,Translate,public/locales/{code}/translation.json,Translate,,,Traduire,,Übersetzen,,Traducir,,翻訳,,翻譯,,翻译,,Traduzir,,Vertalen,,Översätt,,Traduci,,Перекласти,,Перевести,,번역하다,,Çevir,,
review,P1,other,yes,style-review,Translated,public/locales/{code}/translation.json,Translated,,,Traduit,,Übersetzt,,Traducido,,翻訳済み,,已翻譯,,已翻译,,Traduzido,,Vertaald,,Översatt,,Tradotto,,Перекладено,,Переведено,,번역됨,,Çevrildi,,
review,P1,other,yes,style-review,Translated image,public/locales/{code}/translation.json,Translated image,,,Image traduite,,Übersetztes Bild,,Imagen traducida,,翻訳済み画像,,翻譯後的圖像,,翻译图片,,Imagem traduzida,,Vertaalde afbeelding,,Översatt bild,,Immagine tradotta,,Перекладене зображення,,Переведенное изображение,,번역된 이미지,,Çevrilmiş görsel,,
review,P1,other,yes,style-review,Translated successfully,public/locales/{code}/translation.json,Translated successfully,,,Traduction réussie,,Erfolgreich übersetzt,,Traducido correctamente,,翻訳に成功しました,,翻譯成功,,翻译成功,,Traduzido com sucesso,,Succesvol vertaald,,Översättning lyckades,,Traduzione riuscita,,Успішно перекладено,,Переведено,,성공적으로 번역되었습니다,,Başarıyla çevrildi,,
review,P1,other,yes,style-review,Translating,public/locales/{code}/translation.json,Translating,,,En cours de traduction,,Übersetzen,,Traduciendo,,翻訳中,,翻譯,,翻译中,,A traduzir,,Bezig met vertalen,,Översätter,,In traduzione,,Перекладається,,Заказ услуги перевода,,번역 중,,Çevriliyor,,
review,P1,other,yes,style-review,Translation statistics refreshed,public/locales/{code}/translation.json,Translation statistics refreshed,,,Statistiques de traduction actualisées,,Übersetzungsstatistiken aktualisiert,,Estadísticas de traducción actualizadas,,翻訳統計を更新しました,,翻譯統計資料已重新整理,,翻译统计已刷新,,Estatísticas de tradução atualizadas,,Vertaalstatistieken vernieuwd,,Översättningsstatistik uppdaterad,,Statistiche di traduzione aggiornate,,Статистику перекладу оновлено,,Статистика перевода обновлена,,번역 통계를 새로고침했습니다,,Çeviri istatistikleri yenilendi,,
review,P1,other,yes,style-review,Translation text,public/locales/{code}/translation.json,Translation text,,,Texte de traduction,,Übersetzungstext,,Texto de traducción,,翻訳テキスト,,翻譯文字,,翻译文本,,Texto traduzido,,Vertaaltekst,,Översättningstext,,Testo tradotto,,Текст перекладу,,Текст перевода...,,번역 텍스트,,Çeviri metni,,
review,P1,other,yes,style-review,Unsaved changes,public/locales/{code}/translation.json,Unsaved changes,,,Modifications non enregistrées,,Nicht gespeicherte Änderungen,,Cambios sin guardar,,未保存の変更,,未儲存的更改,,未保存的更改,,Alterações não guardadas,,Niet-opgeslagen wijzigingen,,Osparade ändringar,,Modifiche non salvate,,Незбережені зміни,,Несохраненные изменения,,저장되지 않은 변경 사항,,Kaydedilmemiş değişiklikler,,
review,P1,other,yes,style-review,Untranslated,public/locales/{code}/translation.json,Untranslated,,,Non traduit,,Nicht übersetzt,,Sin traducir,,未翻訳,,未翻譯,,未翻译,,Não traduzido,,Niet vertaald,,Ej översatt,,Non tradotto,,Не перекладено,,Не переведено,,번역되지 않음,,Çevrilmedi,,
review,P1,other,yes,style-review,Update,public/locales/{code}/translation.json,Update,,,Mettre à jour,,Aktualisieren,,Actualizar,,更新,,更新,,更新,,Atualizar,,Bijwerken,,Uppdatering,,Aggiornamento,,Оновити,,Обновление,,업데이트,,Güncelleme,,
review,P1,other,yes,style-review,Update translation,public/locales/{code}/translation.json,Update translation,,,Mettre à jour la traduction,,Übersetzung aktualisieren,,Actualizar traducción,,翻訳を更新,,更新翻譯,,更新翻译,,Atualizar tradução,,Vertaling bijwerken,,Uppdatera översättning,,Aggiorna traduzione,,Оновити переклад,,Обновить перевод,,번역 업데이트,,Çeviriyi güncelle,,
review,P1,other,yes,style-review,Upgrade,public/locales/{code}/translation.json,Upgrade,,,Mettre à niveau,,Upgraden,,Actualizar,,アップグレード,,升級,,升级,,Atualizar,,Upgraden,,Uppgradera,,Aggiornamento,,Оновити,,Обновлять,,치받이,,Yükselt,,
review,P1,other,yes,style-review,Upgrade to a paid plan to unlock this feature,public/locales/{code}/translation.json,Upgrade to a paid plan to unlock this feature,,,Passez à un plan payant pour débloquer cette fonctionnalité,,"Upgraden Sie auf einen bezahlten Plan, um diese Funktion freizuschalten",,Actualice a un plan de pago para desbloquear esta función,,この機能を解放するには有料プランにアップグレードしてください,,升級到付費方案即可解鎖此功能,,升级到付费计划以解锁此功能,,Atualize para um plano pago para desbloquear esta funcionalidade,,Upgrade naar een betaald plan om deze functie te ontgrendelen,,Uppgradera till en betald plan för att låsa upp denna funktion,,Passa a un piano a pagamento per sbloccare questa funzionalità,,"Перейдіть на платний план, щоб розблокувати цю функцію",,"Перейдите на платный тарифный план, чтобы разблокировать эту функцию",,이 기능을 잠금 해제하려면 유료 플랜으로 업그레이드하세요.,,Bu özelliğin kilidini açmak için ücretli bir plana yükseltin,,
review,P1,other,yes,style-review,URL handle,public/locales/{code}/translation.json,URL handle,,,Identifiant d'URL,,URL-Handle,,Identificador de URL,,URL ハンドル,,URL 句柄,,URL 处理程序,,Handle do URL,,URL-handle,,URL-handle,,Handle URL,,URL дескриптор,,Дескриптор URL-ад,,URL 핸들,,URL tanıtıcısı,,
review,P1,other,yes,style-review,value,public/locales/{code}/translation.json,Value,,,Valeur,,Wert,,Valor,,値,,價值,,值,,Valor,,Waarde,,Värde,,Valore,,Значення,,Значение,,값,,Değer,,
review,P1,other,yes,style-review,"We calculate usage at 1 credit per word. However, if AI model is used, the consumption of prompt tokens also needs to be included—each request requires approximately an additional 80 credits. If you would like to know the estimated cost of a translation task, please feel free to contact customer support.",public/locales/{code}/translation.json,"We calculate usage at 1 credit per word. However, if AI model is used, the consumption of prompt tokens also needs to be included—each request requires approximately an additional 80 credits. If you would like to know the estimated cost of a translation task, please feel free to contact customer support.",,,"Nous calculons la consommation à 1 crédit par mot. Cependant, si un modèle IA est utilisé, la consommation des jetons de prompt doit également être incluse — chaque requête nécessite environ 80 crédits supplémentaires. Si vous souhaitez connaître le coût estimé d'une tâche de traduction, n'hésitez pas à contacter le support client.",,"Wir berechnen die Nutzung mit 1 Credit pro Wort. Wenn jedoch ein KI-Modell verwendet wird, muss auch der Verbrauch von Prompt-Tokens einbezogen werden – jede Anfrage benötigt etwa zusätzliche 80 Credits. Wenn Sie die geschätzten Kosten einer Übersetzungsaufgabe wissen möchten, kontaktieren Sie gerne den Kundensupport.",,"Calculamos el uso a 1 crédito por palabra. Sin embargo, si se usa un modelo de IA, también debe incluirse el consumo de tokens del prompt: cada solicitud requiere aproximadamente 80 créditos adicionales. Si desea conocer el costo estimado de una tarea de traducción, no dude en contactar con atención al cliente.",,1語あたり1クレジットで計算します。ただし AI モデルを使用する場合、プロンプトトークンの消費も含まれます。各リクエストで約80クレジットが追加で必要です。翻訳タスクの見積もり費用については、カスタマーサポートまでお問い合わせください。,,我們以每個單字 1 個積分計算使用量。但是，如果使用 AI 模型，則還需包含提示令牌的消耗——每個請求大約需要額外 80 個積分。如果您想了解翻譯任務的預計費用，請隨時聯絡客服。,,我们根据每个单词计算 1 积分。但是，如果使用 AI 模型，则需要包括提示令牌的消耗—每个请求大约需要额外 80 积分。如果您想知道翻译任务的估计成本，请随时联系客户支持。,,"Calculamos a utilização a 1 crédito por palavra. No entanto, se for usado um modelo de IA, também é necessário incluir o consumo de tokens do prompt — cada pedido requer aproximadamente 80 créditos adicionais. Se quiser saber o custo estimado de uma tarefa de tradução, contacte o apoio ao cliente.",,"We berekenen het gebruik op 1 credit per woord. Als er echter een AI-model wordt gebruikt, moet ook het verbruik van prompttokens worden meegerekend — elk verzoek vereist ongeveer 80 extra credits. Neem gerust contact op met klantenservice als u de geschatte kosten van een vertaaltaak wilt weten.",,"Vi beräknar användningen till 1 kredit per ord. Om en AI-modell används måste även förbrukningen av prompt-tokens inkluderas — varje förfrågan kräver cirka 80 extra krediter. Om du vill veta den uppskattade kostnaden för en översättningsuppgift, kontakta gärna kundsupport.",,"Calcoliamo l'utilizzo a 1 credito per parola. Tuttavia, se si usa un modello AI, va incluso anche il consumo dei token del prompt: ogni richiesta richiede circa 80 crediti aggiuntivi. Per conoscere il costo stimato di un'attività di traduzione, contatta l'assistenza clienti.",,"Ми рахуємо 1 кредит за слово. Якщо використовується модель ШІ, враховуються й токени промпта — кожен запит потребує приблизно ще 80 кредитів. Щоб дізнатися орієнтовну вартість задачі перекладу, зверніться до підтримки.",,"Мы считаем 1 кредит за слово. При использовании ИИ-модели учитываются и токены промпта — каждый запрос требует примерно ещё 80 кредитов. Чтобы узнать ориентировочную стоимость задачи перевода, обратитесь в поддержку.",,"단어당 1크레딧으로 사용량을 계산합니다. 단, AI 모델을 사용하는 경우 프롬프트 토큰 소모량도 포함해야 합니다. 각 요청마다 약 80크레딧이 추가로 필요합니다. 번역 작업의 예상 비용을 알고 싶으시면 언제든지 고객 지원팀에 문의해 주세요.",,Kullanımı kelime başına 1 kredi olarak hesaplıyoruz. Ancak AI modeli kullanılırsa istem token tüketimi de dahil edilmelidir — her istek yaklaşık 80 ek kredi gerektirir. Bir çeviri görevinin tahmini maliyetini öğrenmek isterseniz müşteri desteğiyle iletişime geçebilirsiniz.,,
review,P1,other,yes,missing-space,"Welcome to our app! If you have any questions, feel free to email us at support@ciwi.ai, and we will respond as soon as possible.",public/locales/{code}/translation.json,"Welcome to our app! If you have any questions, feel free to email us at support@ciwi.ai, and we will respond as soon as possible.",,,"Bienvenue dans notre application ! Si vous avez des questions, écrivez-nous à support@ciwi.ai et nous vous répondrons dès que possible.",,"Willkommen in unserer App! Wenn Sie Fragen haben, senden Sie uns gerne eine E-Mail an support@ciwi.ai, und wir werden so schnell wie möglich antworten.",,"¡Bienvenido a nuestra aplicación! Si tiene alguna pregunta, escríbanos a support@ciwi.ai y le responderemos lo antes posible.",,アプリへようこそ！ご質問があれば support@ciwi.ai までメールでお問い合わせください。できるだけ早くご返信いたします。,,歡迎使用我們的應用程式！如有任何疑問，請隨時發送電子郵件至 support@ciwi.ai，我們將盡快回覆。,,如有任何疑问，请随时添加微信（微信号：19727313894）联系我们，我们将尽快回复。,,"Bem-vindo à nossa aplicação! Se tiver alguma questão, envie-nos um e-mail para support@ciwi.ai e responderemos o mais rapidamente possível.",,"Welkom bij onze app! Als u vragen heeft, mail ons gerust op support@ciwi.ai; we reageren zo snel mogelijk.",,"Välkommen till vår app! Om du har frågor, maila oss gärna på support@ciwi.ai så svarar vi så snart som möjligt.",,"Benvenuto nella nostra app! Per qualsiasi domanda, scrivici a support@ciwi.ai e ti risponderemo il prima possibile.",,"Ласкаво просимо до нашого додатку! Якщо у вас є запитання, не соромтеся писати нам на support@ciwi.ai, і ми відповімо якнайшвидше.",,"Добро пожаловать в наше приложение! Если у вас есть какие-либо вопросы, напишите нам по адресу support@ciwi.ai, и мы ответим как можно скорее.",,저희 앱에 오신 것을 환영합니다! 문의 사항이 있으시면 support@ciwi.ai로 이메일을 보내주세요. 최대한 빨리 답변해 드리겠습니다.,,Uygulamamıza hoş geldiniz! Sorularınız varsa support@ciwi.ai adresine e-posta gönderebilirsiniz; en kısa sürede yanıt vereceğiz.,,
review,P1,other,yes,style-review,What happens if I upgrade my plan?,public/locales/{code}/translation.json,What happens if I upgrade my plan?,,,Que se passe-t-il si je mets à niveau mon plan ?,,"Was passiert, wenn ich meinen Plan upgrade?",,¿Qué sucede si actualizo mi plan?,,プランをアップグレードしたらどうなりますか？,,如果我升級我的計劃會發生什麼？,,如果我升级我的计划，会发生什么？,,O que acontece se atualizar o meu plano?,,Wat gebeurt er als ik mijn plan upgrade?,,Vad händer om jag uppgraderar min plan?,,Cosa succede se aggiorno il mio piano?,,"Що станеться, якщо я підвищу план?",,Что произойдёт при повышении плана?,,내 요금제를 업그레이드하면 어떻게 되나요?,,Planımı yükseltirsem ne olur?,,
review,P1,other,yes,style-review,What happens when I run out of credits?,public/locales/{code}/translation.json,What happens when I run out of credits?,,,Que se passe-t-il lorsque mes crédits sont épuisés ?,,"Was passiert, wenn mir die Credits ausgehen?",,¿Qué sucede cuando se me acaban los créditos?,,クレジットを使い切ったらどうなりますか？,,當我的積分用完時會發生什麼事？,,当我用完积分时会发生什么？,,O que acontece quando esgotar os créditos?,,Wat gebeurt er als mijn credits op zijn?,,Vad händer när jag får slut på krediter?,,Cosa succede quando finiscono i crediti?,,"Що станеться, коли кредити закінчаться?",,"Что произойдет, если у меня закончатся кредиты?",,크레딧이 소진되면 어떻게 되나요?,,Kredilerim bittiğinde ne olur?,,
review,P1,other,yes,style-review,will fluctuate based on market rates.,public/locales/{code}/translation.json,Will fluctuate based on market rates.,,,Fluctuera en fonction des taux du marché.,,Wird basierend auf Marktkursen schwanken.,,Fluctuará según los tipos de cambio del mercado.,,市場レートに基づいて変動します。,,將根據市場價格波動。,,将根据市场汇率波动。,,Irá flutuar com base nas taxas de mercado.,,Zal fluctueren op basis van marktkoersen.,,Kommer att fluktuera baserat på marknadskurser.,,Varierà in base ai tassi di mercato.,,Буде коливатися залежно від ринкових курсів.,,Будет колебаться в зависимости от рыночных ставок.,,시장 가격에 따라 변동됩니다.,,Piyasa kurlarına göre dalgalanacaktır.,,
review,P1,other,yes,style-review,Will I lose credits if I cancel or downgrade?,public/locales/{code}/translation.json,Will I lose credits if I cancel or downgrade?,,,Vais-je perdre mes crédits si j'annule ou rétrograde ?,,"Verliere ich Credits, wenn ich kündige oder downgrade?",,¿Perderé créditos si cancelo o bajo de plan?,,キャンセルまたはダウングレードでクレジットを失いますか？,,如果我取消或降級，我會失去積分嗎？,,如果我取消或降级，我会失去积分吗？,,Perderei créditos se cancelar ou fizer downgrade?,,Verlies ik credits als ik annuleer of downgrade?,,Förlorar jag krediter om jag avbryter eller nedgraderar?,,Perderò i crediti se annullo o faccio il downgrade?,,Чи втрачу я кредити при скасуванні або пониженні плану?,,Потеряю ли я кредиты при отмене или понижении плана?,,취소하거나 다운그레이드하면 크레딧이 손실되나요?,,İptal edersem veya planı düşürürsem kredilerimi kaybeder miyim?,,
review,P1,other,yes,style-review,Yearly,public/locales/{code}/translation.json,Yearly,,,Annuel,,Jährlich,,Anual,,毎年,,每年,,年度,,Anual,,Jaarlijks,,Årlig,,Annuale,,Щорічно,,Ежегодно,,매년,,Yıllık,,
review,P1,other,yes,style-review,Yes,public/locales/{code}/translation.json,Yes,,,Oui,,Ja,,Sí,,はい,,是的,,是,,Sim,,Ja,,Ja,,Sì,,Так,,Да,,예,,Evet,,
review,P1,other,yes,style-review,You can add up to {{count}} translation rules,public/locales/{code}/translation.json,Up to {{count}} rules can be added,,,Jusqu'à {{count}} règles peuvent être ajoutées,,Bis zu {{count}} Regeln können hinzugefügt werden,,Se pueden agregar hasta {{count}} reglas,,最大 {{count}} 件のルールを追加できます,,最多可新增 {{count}} 條規則,,您最多可以添加{{count}}个翻译规则,,É possível adicionar até {{count}} regras,,Er kunnen maximaal {{count}} regels worden toegevoegd,,Upp till {{count}} regler kan läggas till,,È possibile aggiungere fino a {{count}} regole,,Можна додати до {{count}} правил перекладу,,Можно добавить до {{count}} правил,,최대 {{count}}개의 규칙을 추가할 수 있습니다.,,En fazla {{count}} kural eklenebilir,,
review,P1,other,yes,style-review,You cannot add two conflicting rules.,public/locales/{code}/translation.json,You cannot add two conflicting rules.,,,Vous ne pouvez pas ajouter deux règles contradictoires.,,Sie können keine zwei widersprüchlichen Regeln hinzufügen.,,No puede agregar dos reglas en conflicto.,,競合する2つのルールは追加できません。,,您不能新增兩個相互衝突的規則。,,您不能添加两个冲突的规则。,,Não pode adicionar duas regras em conflito.,,U kunt geen twee conflicterende regels toevoegen.,,Du kan inte lägga till två motstridiga regler.,,Non puoi aggiungere due regole in conflitto.,,Ви не можете додати два конфліктуючі правила.,,Вы не можете добавить два конфликтующих правила.,,서로 상충되는 두 가지 규칙을 추가할 수 없습니다.,,İki çakışan kural ekleyemezsiniz.,,
review,P1,other,yes,style-review,You clicked too frequently. Please try again later.,public/locales/{code}/translation.json,You clicked too frequently. Please try again later.,,,Vous avez cliqué trop souvent. Veuillez réessayer plus tard.,,Sie haben zu häufig geklickt. Bitte versuchen Sie es später erneut.,,Hizo clic con demasiada frecuencia. Inténtelo de nuevo más tarde.,,クリックが多すぎます。しばらくしてから再度お試しください。,,您點擊過於頻繁。請稍後重試。,,您点击过于频繁，请稍后再试,,Clicou demasiadas vezes. Tente novamente mais tarde.,,U heeft te vaak geklikt. Probeer het later opnieuw.,,Du klickade för ofta. Försök igen senare.,,Hai cliccato troppo spesso. Riprova più tardi.,,Ви натискали занадто часто. Спробуйте пізніше.,,Вы нажимали слишком часто. Повторите попытку позже.,,너무 자주 클릭했습니다. 나중에 다시 시도해 주세요.,,Çok sık tıkladınız. Lütfen daha sonra tekrar deneyin.,,
review,P1,other,yes,style-review,You’ve reached your term limit,public/locales/{code}/translation.json,You’ve reached your term limit,,,Vous avez atteint votre limite de termes,,Sie haben Ihr Terminlimit erreicht,,Has alcanzado el límite de términos,,あなたは用語の制限に達しました,,您已達到詞彙上限,,您已达到术语上限,,Você atingiu o limite de termos,,Je hebt je termijnlimiet bereikt,,Du har nått din gräns för termer,,Vous avez atteint votre limite de termes,,Ви досягли ліміту термінів,,Вы достигли лимита по терминам,,당신은 용어 한도를 초과했습니다,,Terim sınırınıza ulaştınız,,
review,P1,pricing,yes,style-review,pricing.availableCredits,public/locales/{code}/translation.json,Available credits,,,Crédits disponibles,,Verfügbare Credits,,Créditos disponibles,,利用可能なクレジット,,可用額度,,可用积分,,Créditos disponíveis,,Beschikbare credits,,Tillgängliga krediter,,Crediti disponibili,,Доступні кредити,,Доступные кредиты,,사용 가능한 크레딧,,Kullanılabilir krediler,,
review,P1,pricing,yes,style-review,pricing.compare.scrollHint,public/locales/{code}/translation.json,Swipe to see all plans,,,Faites glisser pour voir tous les forfaits,,"Wische, um alle Pläne zu sehen",,Desliza para ver todos los planes,,スワイプしてすべてのプランを表示,,左右滑動查看全部方案,,左右滑动查看全部套餐,,Deslize para ver todos os planos,,Veeg om alle abonnementen te zien,,Svep för att se alla planer,,Scorri per vedere tutti i piani,,"Проведіть, щоб переглянути всі плани",,"Проведите, чтобы увидеть все планы",,밀어 모든 플랜 보기,,Tüm planları görmek için kaydırın,,
review,P1,pricing,yes,style-review,pricing.get_start,public/locales/{code}/translation.json,Get started,,,Commencer,,Loslegen,,Empezar,,始めましょう,,開始,,开始使用,,Começar,,Aan de slag,,Kom igång,,Iniziare,,Почати,,Начать,,시작하기,,Başlayın,,
review,P1,pricing,yes,style-review,pricing.includesLaunchCredits,public/locales/{code}/translation.json,Includes {{credits}} Launch / trial credits,,,Inclut {{credits}} crédits de lancement / d'essai,,Enthält {{credits}} Launch-/Test-Credits,,Incluye {{credits}} créditos de lanzamiento / prueba,,{{credits}}のローンチ / トライアルクレジットが含まれます,,包含 {{credits}} 啟動／試用點數,,其中含 {{credits}} Launch / 试用积分,,Inclui {{credits}} créditos de Lançamento / teste,,Inclusief {{credits}} Launch-/proefcredits,,Inkluderar {{credits}} lanserings-/provkrediter,,Include {{credits}} crediti di lancio / prova,,Включає {{credits}} стартових / пробних кредитів,,Включает {{credits}} стартовых / пробных кредитов,,런치/체험 크레딧 {{credits}}개 포함,,{{credits}} Başlangıç / deneme kredisi içerir,,
review,P1,pricing,yes,style-review,pricing.launchCredits,public/locales/{code}/translation.json,+{{credits}} Launch Credits (first subscribe only),,,+{{credits}} crédits de lancement (premier abonnement uniquement),,+{{credits}} Launch-Credits (nur beim ersten Abonnement),,+{{credits}} Créditos de lanzamiento (solo en la primera suscripción),,+{{credits}} ローンチクレジット（初回購入時のみ）,,+{{credits}} 啟動點數（僅首次訂閱）,,首订额外赠送 {{credits}} Launch Credits,,+{{credits}} Créditos de Lançamento (apenas na primeira subscrição),,+{{credits}} Launch Credits (alleen bij eerste abonnement),,+{{credits}} lanseringskrediter (endast vid första prenumerationen),,+{{credits}} crediti di lancio (solo al primo abbonamento),,+{{credits}} стартових кредитів (лише при першій підписці),,+{{credits}} стартовых кредитов (только при первой подписке),,+{{credits}} 런치 크레딧 (최초 구독 시에만),,+{{credits}} Başlangıç Kredisi (yalnızca ilk abonelikte),,
review,P1,pricing,yes,style-review,pricing.launchCreditsRow,public/locales/{code}/translation.json,Launch Credits (first subscribe),,,Crédits de lancement (premier abonnement),,Launch-Credits (beim ersten Abonnement),,Créditos de lanzamiento (primera suscripción),,ローンチクレジット（初回購入時）,,啟動點數（首次訂閱）,,Launch Credits（首订）,,Créditos de Lançamento (primeira subscrição),,Launch Credits (eerste abonnement),,Lanseringskrediter (första prenumerationen),,Crediti di lancio (primo abbonamento),,Стартові кредити (перша підписка),,Стартовые кредиты (первая подписка),,런치 크레딧 (최초 구독),,Başlangıç Kredileri (ilk abonelik),,
review,P1,pricing,yes,style-review,pricing.migrate.all,public/locales/{code}/translation.json,All migratable,,,Tous les transférables,,Alle übertragbaren,,Todos los migrables,,移行可能なすべて,,全部可遷移,,全部可迁移,,Todos os migráveis,,Alle overzetbare,,Alla flyttbara,,Tutti i migrabili,,Усі доступні до перенесення,,Все доступные к переносу,,이전 가능 전액,,Tüm aktarılabilirler,,
review,P1,pricing,yes,style-review,pricing.migrate.button,public/locales/{code}/translation.json,Migrate credits to Spark,,,Transférer les crédits vers Spark,,Credits zu Spark übertragen,,Migrar créditos a Spark,,クレジットを Spark に移行,,將點數遷移到 Spark,,迁移积分到 Spark,,Migrar créditos para o Spark,,Credits naar Spark overzetten,,Flytta krediter till Spark,,Migra i crediti su Spark,,Перенести кредити в Spark,,Перенести кредиты в Spark,,크레딧을 Spark로 이전,,Kredileri Spark’a aktar,,
review,P1,pricing,yes,style-review,pricing.migrate.cancel,public/locales/{code}/translation.json,Cancel,,,Annuler,,Abbrechen,,Cancelar,,キャンセル,,取消,,取消,,Cancelar,,Annuleren,,Avbryt,,Annulla,,Скасувати,,Отмена,,취소,,İptal,,
review,P1,pricing,yes,style-review,pricing.migrate.confirm,public/locales/{code}/translation.json,Confirm migrate,,,Confirmer le transfert,,Übertragung bestätigen,,Confirmar migración,,移行を確認,,確認遷移,,确认迁移,,Confirmar migração,,Overzetting bevestigen,,Bekräfta flytt,,Conferma migrazione,,Підтвердити перенесення,,Подтвердить перенос,,이전 확인,,Aktarımı onayla,,
review,P1,pricing,yes,style-review,pricing.migrate.empty,public/locales/{code}/translation.json,Purchased credits are fully occupied by usage. Nothing can be migrated right now.,,,Les crédits achetés sont entièrement occupés par l’usage. Rien ne peut être transféré pour le moment.,,Die gekauften Credits sind vollständig durch den Verbrauch belegt. Derzeit kann nichts übertragen werden.,,Los créditos comprados están totalmente ocupados por el uso. Ahora no se puede migrar nada.,,購入クレジットは利用分ですべて占有されています。現在移行できるものはありません。,,購買點數已全部被用量占用，目前無法遷移。,,购买积分已全部被用量占用，当前无法迁移。,,Os créditos comprados estão totalmente ocupados pelo consumo. Neste momento não é possível migrar nada.,,De gekochte credits zijn volledig bezet door verbruik. Er kan nu niets worden overgezet.,,De köpta krediterna är helt belagda av förbrukning. Ingenting kan flyttas just nu.,,I crediti acquistati sono interamente occupati dall’uso. Al momento non è possibile migrare nulla.,,Куплені кредити повністю зайняті використанням. Зараз нічого перенести не можна.,,Купленные кредиты полностью заняты расходом. Сейчас переносить нечего.,,구매 크레딧이 사용량으로 모두 점유되어 지금은 이전할 수 없습니다.,,Satın alınan krediler kullanımla tamamen dolu. Şu anda aktarılacak bir şey yok.,,
review,P1,pricing,yes,style-review,pricing.migrate.error.generic,public/locales/{code}/translation.json,Migration failed. The attempt was recorded.,,,Le transfert a échoué. La tentative a été enregistrée.,,Übertragung fehlgeschlagen. Der Versuch wurde aufgezeichnet.,,La migración falló. El intento quedó registrado.,,移行に失敗しました。試行は記録されています。,,遷移失敗，嘗試已記錄。,,迁移失败，尝试已记录。,,A migração falhou. A tentativa foi registada.,,Overzetten mislukt. De poging is vastgelegd.,,Flytten misslyckades. Försöket har registrerats.,,Migrazione non riuscita. Il tentativo è stato registrato.,,Перенесення не вдалося. Спробу записано.,,Перенос не выполнен. Попытка записана.,,이전에 실패했습니다. 시도가 기록되었습니다.,,Aktarım başarısız oldu. Deneme kaydedildi.,,
review,P1,pricing,yes,style-review,pricing.migrate.error.INSUFFICIENT,public/locales/{code}/translation.json,No purchased credits left to migrate.,,,Aucun crédit acheté restant à transférer.,,Keine gekauften Credits zum Übertragen übrig.,,No quedan créditos comprados para migrar.,,移行できる購入クレジットがありません。,,沒有可遷移的購買點數。,,没有可迁移的购买积分。,,Não restam créditos comprados para migrar.,,Geen gekochte credits meer om over te zetten.,,Inga köpta krediter kvar att flytta.,,Non restano crediti acquistati da migrare.,,Немає куплених кредитів для перенесення.,,Нет купленных кредитов для переноса.,,이전할 구매 크레딧이 없습니다.,,Aktarılacak satın alınan kredi kalmadı.,,
review,P1,pricing,yes,style-review,pricing.migrate.help,public/locales/{code}/translation.json,Only unused purchased credits can be migrated. Usage first consumes subscription and launch/trial credits; anything left over occupies purchased credits and cannot be migrated. Subscription and launch/trial credits stay in this app. This cannot be undone.,,,Seuls les crédits achetés non utilisés peuvent être transférés. L’usage consomme d’abord les crédits d’abonnement et de lancement/essai ; le reliquat occupe les crédits achetés et ne peut pas être transféré. Les crédits d’abonnement et de lancement/essai restent dans cette app. Cette action est irréversible.,,Es können nur ungenutzte gekaufte Credits übertragen werden. Der Verbrauch belastet zuerst Abonnement- und Launch-/Testcredits; der Rest belegt gekaufte Credits und kann nicht übertragen werden. Abonnement- und Launch-/Testcredits bleiben in dieser App. Dies kann nicht rückgängig gemacht werden.,,Solo se pueden migrar los créditos comprados que no se hayan usado. El uso consume primero los créditos de suscripción y de lanzamiento/prueba; el resto ocupa créditos comprados y no se puede migrar. Los créditos de suscripción y de lanzamiento/prueba se quedan en esta app. Esta acción no se puede deshacer.,,未使用の購入クレジットのみ移行できます。利用分はまずサブスクリプションとローンチ／トライアルのクレジットから消費され、超過分が購入クレジットを占有するため移行できません。サブスクリプションとローンチ／トライアルのクレジットはこのアプリに残ります。この操作は取り消せません。,,只能遷移尚未被用量占用的購買點數。已用會先消耗訂閱和試用；超出部分占用購買點數，占用掉的不能遷移。訂閱與試用本身也不能遷移。遷移後不可撤銷。,,只能迁移尚未被用量占用的购买积分。已用会先消耗订阅和试用；超出部分占用购买积分，占用掉的不能迁移。订阅与试用本身也不能迁移。迁移后不可撤销。,,Só podem ser migrados os créditos comprados ainda não utilizados. O consumo usa primeiro os créditos de subscrição e de lançamento/teste; o restante ocupa créditos comprados e não pode ser migrado. Os créditos de subscrição e de lançamento/teste ficam nesta app. Esta ação não pode ser anulada.,,Alleen ongebruikte gekochte credits kunnen worden overgezet. Verbruik gaat eerst van abonnements- en launch-/proefcredits af; het restant bezet gekochte credits en kan niet worden overgezet. Abonnements- en launch-/proefcredits blijven in deze app. Dit kan niet ongedaan worden gemaakt.,,Endast oanvända köpta krediter kan flyttas. Förbrukning dras först från prenumerations- och lanserings-/provkrediter; överskottet belägger köpta krediter och kan inte flyttas. Prenumerations- och lanserings-/provkrediter stannar i den här appen. Detta kan inte ångras.,,Puoi migrare solo i crediti acquistati non utilizzati. L’uso consuma prima i crediti di abbonamento e di lancio/prova; il resto occupa i crediti acquistati e non può essere migrato. I crediti di abbonamento e di lancio/prova restano in questa app. L’operazione non può essere annullata.,,Можна перенести лише невикористані куплені кредити. Використання спочатку списує кредити підписки та запуску/пробного періоду; залишок займає куплені кредити й не переноситься. Кредити підписки та запуску/пробного періоду лишаються в цьому застосунку. Цю дію не можна скасувати.,,Можно перенести только неиспользованные купленные кредиты. Расход сначала списывается с кредитов подписки и запуска/пробного периода; остаток занимает купленные кредиты и не переносится. Кредиты подписки и запуска/пробного периода остаются в этом приложении. Отменить действие нельзя.,,"사용되지 않은 구매 크레딧만 이전할 수 있습니다. 사용량은 먼저 구독 및 런치/체험 크레딧을 소모하며, 남는 사용량은 구매 크레딧을 차지해 이전할 수 없습니다. 구독 및 런치/체험 크레딧은 이 앱에 남습니다. 이 작업은 취소할 수 없습니다.",,Yalnızca kullanılmamış satın alınan krediler aktarılabilir. Kullanım önce abonelik ve lansman/deneme kredilerini tüketir; kalan kısım satın alınan kredileri doldurur ve aktarılamaz. Abonelik ve lansman/deneme kredileri bu uygulamada kalır. Bu işlem geri alınamaz.,,
review,P1,pricing,yes,style-review,pricing.migrate.row.consumed,public/locales/{code}/translation.json,Already used from purchased,,,Déjà utilisés sur les crédits achetés,,Bereits aus gekauften Credits verbraucht,,Ya usados de los comprados,,購入分からすでに使用,,已被用量占用,,已被用量占用,,Já usados dos créditos comprados,,Al verbruikt van gekochte credits,,Redan använt från köpta krediter,,Già usati dai crediti acquistati,,Вже використано з куплених,,Уже использовано из купленных,,구매분에서 이미 사용됨,,Satın alınanlardan zaten kullanıldı,,
review,P1,pricing,yes,style-review,pricing.migrate.row.migratable,public/locales/{code}/translation.json,Available to migrate,,,Disponibles au transfert,,Übertragbar,,Disponibles para migrar,,移行可能なクレジット,,可遷移,,可迁移,,Disponíveis para migrar,,Beschikbaar om over te zetten,,Tillgängligt att flytta,,Disponibili per la migrazione,,Доступно для перенесення,,Доступно для переноса,,이전 가능,,Aktarılabilir,,
review,P1,pricing,yes,style-review,pricing.migrate.row.purchased,public/locales/{code}/translation.json,Purchased credits,,,Crédits achetés,,Gekaufte Credits,,Créditos comprados,,購入クレジット,,購買點數,,购买额度,,Créditos comprados,,Gekochte credits,,Köpta krediter,,Crediti acquistati,,Куплені кредити,,Купленные кредиты,,구매 크레딧,,Satın alınan krediler,,
review,P1,pricing,yes,style-review,pricing.migrate.success,public/locales/{code}/translation.json,Credits migrated to Spark.,,,Crédits transférés vers Spark.,,Credits wurden zu Spark übertragen.,,Créditos migrados a Spark.,,クレジットを Spark に移行しました。,,已遷移到 Spark。,,已迁移到 Spark。,,Créditos migrados para o Spark.,,Credits zijn naar Spark overgezet.,,Krediter har flyttats till Spark.,,Crediti migrati su Spark.,,Кредити перенесено в Spark.,,Кредиты перенесены в Spark.,,크레딧이 Spark로 이전되었습니다.,,Krediler Spark’a aktarıldı.,,
review,P1,pricing,yes,style-review,pricing.migrate.title,public/locales/{code}/translation.json,Migrate credits to Spark,,,Transférer les crédits vers Spark,,Credits zu Spark übertragen,,Migrar créditos a Spark,,クレジットを Spark に移行,,將點數遷移到 Spark,,迁移积分到 Spark,,Migrar créditos para o Spark,,Credits naar Spark overzetten,,Flytta krediter till Spark,,Migra i crediti su Spark,,Перенести кредити в Spark,,Перенести кредиты в Spark,,크레딧을 Spark로 이전,,Kredileri Spark’a aktar,,
review,P1,pricing,yes,style-review,pricing.plan.basic,public/locales/{code}/translation.json,Basic,,,Basique,,Basis,,Básico,,ベーシック,,基本版,,基础版,,Básico,,Basis,,Grundläggande,,Base,,Базовий,,Базовый,,베이직,,Temel,,
review,P1,pricing,yes,style-review,pricing.plan.free,public/locales/{code}/translation.json,Free,,,Gratuit,,Kostenlos,,Gratis,,無料,,免費版,,免费版,,Gratuito,,Gratis,,Gratis,,Gratuito,,Безкоштовний,,Бесплатный,,무료,,Ücretsiz,,
review,P1,pricing,yes,style-review,pricing.plan.pro,public/locales/{code}/translation.json,Pro,,,Pro,,Pro,,Pro,,プロ,,專業版,,专业版,,Pro,,Pro,,Pro,,Pro,,Pro,,Pro,,프로,,Pro,,
review,P1,pricing,yes,style-review,pricing.plan.yearly,public/locales/{code}/translation.json,Yearly,,,Annuel,,Jährlich,,Anual,,毎年,,每年,,年度,,Anual,,Jaarlijks,,Årlig,,Annuale,,Щорічно,,Ежегодно,,매년,,Yıllık,,
review,P1,pricing,yes,style-review,pricing.plan.yearlyLabel,public/locales/{code}/translation.json,{{plan}} - {{period}},,,{{plan}} - {{period}},,{{plan}} - {{period}},,{{plan}} - {{period}},,{{plan}} - {{period}},,{{plan}} - {{period}},,{{plan}} - {{period}},,{{plan}} - {{period}},,{{plan}} - {{period}},,{{plan}} - {{period}},,{{plan}} - {{period}},,{{plan}} - {{period}},,{{plan}} - {{period}},,{{plan}} - {{period}},,{{plan}} - {{period}},,
review,P1,pricing,yes,style-review,v4.quotaGate.badge,public/locales/{code}/translation.json,Translation credits,,,Crédits de traduction,,Übersetzungs-Credits,,Créditos de traducción,,翻訳クレジット,,翻譯積分,,翻译积分,,Créditos de tradução,,Vertaaltegoeden,,Översättningskrediter,,Crediti di traduzione,,Кредити перекладу,,Кредиты перевода,,번역 크레딧,,Çeviri kredileri,,
review,P1,pricing,yes,style-review,v4.quotaGate.chargedAfter5Days,public/locales/{code}/translation.json,Charged after 5 days,,,Facturation après 5 jours,,Abrechnung nach 5 Tagen,,Cobro después de 5 días,,5日後に課金,,5 天後開始計費,,5 天后开始计费,,Cobrança após 5 dias,,Facturering na 5 dagen,,Debiteras efter 5 dagar,,Addebito dopo 5 giorni,,Списання через 5 днів,,Списание через 5 дней,,5일 후 과금,,5 gün sonra ücretlendirilir,,
review,P1,pricing,yes,style-review,v4.quotaGate.freeTrial,public/locales/{code}/translation.json,Free trial,,,Essai gratuit,,Kostenlose Testversion,,Prueba gratuita,,無料トライアル,,免費試用,,免费试用,,Período experimental gratuito,,Gratis proefperiode,,Gratis provperiod,,Prova gratuita,,Безкоштовна пробна версія,,Бесплатная пробная версия,,무료 체험,,Ücretsiz deneme,,
review,P1,pricing,yes,style-review,v4.quotaGate.includedAfterUpgrade,public/locales/{code}/translation.json,Included after upgrade,,,Inclus après la mise à niveau,,Nach dem Upgrade enthalten,,Incluido después de actualizar,,アップグレード後に含まれる内容,,升級後可獲得,,升级后可获得,,Incluído após a atualização,,Inbegrepen na upgrade,,Ingår efter uppgradering,,Incluso dopo l'aggiornamento,,Включено після оновлення,,Включено после обновления,,업그레이드 후 포함,,Yükseltme sonrası dahil,,
review,P1,pricing,yes,style-review,v4.quotaGate.maybeLater,public/locales/{code}/translation.json,Maybe later,,,Plus tard,,Vielleicht später,,Quizás más tarde,,後で,,稍後再說,,稍后再说,,Talvez mais tarde,,Misschien later,,Kanske senare,,Forse più tardi,,Можливо пізніше,,Может быть позже,,나중에,,Belki sonra,,
review,P1,pricing,yes,style-review,v4.quotaGate.nextStep,public/locales/{code}/translation.json,Next step,,,Étape suivante,,Nächster Schritt,,Siguiente paso,,次のステップ,,下一步,,下一步,,Próximo passo,,Volgende stap,,Nästa steg,,Passo successivo,,Наступний крок,,Следующий шаг,,다음 단계,,Sonraki adım,,
review,P1,pricing,yes,style-review,v4.quotaGate.pricingDescription,public/locales/{code}/translation.json,Your free trial has already been used. Subscribe to a paid plan to restore monthly credits and continue creating translation tasks.,,,Votre essai gratuit a déjà été utilisé. Abonnez-vous à un forfait payant pour rétablir les crédits mensuels et continuer à créer des tâches de traduction.,,"Ihre kostenlose Testphase wurde bereits genutzt. Abonnieren Sie einen kostenpflichtigen Plan, um monatliche Credits wiederherzustellen und weiter Übersetzungsaufgaben zu erstellen.",,Ya utilizó su prueba gratuita. Suscríbase a un plan de pago para restaurar los créditos mensuales y seguir creando tareas de traducción.,,無料トライアルは既に利用済みです。有料プランに登録すると月間クレジットが復活し、引き続き翻訳タスクを作成できます。,,您的免費試用已經使用過。請訂閱付費方案以恢復每月額度，繼續建立翻譯工作。,,你的免费试用已用完。请订阅付费套餐以恢复每月积分，并继续创建翻译任务。,,Já utilizou o seu período de teste gratuito. Subscreva um plano pago para restabelecer os créditos mensais e continuar a criar tarefas de tradução.,,Uw gratis proefperiode is al gebruikt. Neem een betaald abonnement om maandelijkse credits te herstellen en door te gaan met het aanmaken van vertaaltaken.,,Din kostnadsfria provperiod har redan använts. Prenumerera på en betalplan för att återställa månatliga krediter och fortsätta skapa översättningsuppgifter.,,Hai già usato la prova gratuita. Abbonati a un piano a pagamento per ripristinare i crediti mensili e continuare a creare attività di traduzione.,,"Ви вже використали безкоштовний пробний період. Оформіть платну підписку, щоб відновити щомісячні кредити та продовжити створювати завдання перекладу.",,"Вы уже использовали бесплатный пробный период. Оформите платную подписку, чтобы восстановить ежемесячные кредиты и продолжить создавать задачи перевода.",,무료 체험을 이미 사용하셨습니다. 유료 플랜을 구독하면 월간 크레딧이 복원되어 번역 작업을 계속 만들 수 있습니다.,,Ücretsiz denemenizi zaten kullandınız. Aylık kredilerinizi geri yüklemek ve çeviri görevleri oluşturmaya devam etmek için ücretli bir plana abone olun.,,
review,P1,pricing,yes,style-review,v4.quotaGate.upgradePlan,public/locales/{code}/translation.json,Upgrade plan,,,Mettre à niveau le forfait,,Plan upgraden,,Actualizar plan,,プランをアップグレード,,升級方案,,升级套餐,,Atualizar plano,,Plan upgraden,,Uppgradera plan,,Aggiorna piano,,Оновити тариф,,Обновить тариф,,플랜 업그레이드,,Planı yükselt,,
review,P1,pricing,yes,style-review,v4.quotaGate.upgradePlanDescription,public/locales/{code}/translation.json,Move to a paid plan to get fresh monthly credits for new tasks.,,,Passez à un forfait payant pour obtenir de nouveaux crédits mensuels pour vos tâches.,,"Wechseln Sie zu einem kostenpflichtigen Plan, um frische monatliche Credits für neue Aufgaben zu erhalten.",,Pase a un plan de pago para obtener nuevos créditos mensuales para nuevas tareas.,,有料プランに移行して、新しいタスク用の月間クレジットを取得しましょう。,,升級到付費方案，取得新的每月額度以建立翻譯工作。,,升级到付费套餐，获取新的月度积分以创建翻译任务。,,Mude para um plano pago para obter novos créditos mensais para novas tarefas.,,Stap over op een betaald plan voor nieuwe maandelijkse credits voor taken.,,Byt till en betalplan för nya månatliga krediter till nya uppgifter.,,Passa a un piano a pagamento per ottenere nuovi crediti mensili per le attività.,,"Перейдіть на платний тариф, щоб отримати нові щомісячні кредити для завдань.",,"Перейдите на платный тариф, чтобы получить новые ежемесячные кредиты для задач.",,유료 플랜으로 전환하여 새 작업을 위한 월간 크레딧을 받으세요.,,Yeni görevler için taze aylık krediler almak üzere ücretli bir plana geçin.,,
review,P1,support,yes,style-review,v4.support.agent,public/locales/{code}/translation.json,Support,,,Support,,Support,,Soporte,,サポート,,客服,,客服,,Suporte,,Support,,Support,,Supporto,,Підтримка,,Поддержка,,지원팀,,Destek,,
review,P1,support,yes,style-review,v4.support.attachImage,public/locales/{code}/translation.json,Attach image,,,Joindre une image,,Bild anhängen,,Adjuntar imagen,,画像を添付,,附加圖片,,添加图片,,Anexar imagem,,Afbeelding bijvoegen,,Bifoga bild,,Allega immagine,,Прикріпити зображення,,Прикрепить изображение,,이미지 첨부,,Görsel ekle,,
review,P1,support,yes,style-review,v4.support.close,public/locales/{code}/translation.json,Close,,,Fermer,,Schließen,,Cerrar,,閉じる,,關閉,,关闭,,Fechar,,Sluiten,,Stäng,,Chiudi,,Закрити,,Закрыть,,닫기,,Kapat,,
review,P1,support,yes,style-review,v4.support.dialogTitle,public/locales/{code}/translation.json,Live support,,,Support en direct,,Live-Support,,Soporte en vivo,,ライブサポート,,即時客服,,在线客服,,Suporte em direto,,Livesupport,,Livesupport,,Supporto live,,Онлайн-підтримка,,Онлайн-поддержка,,실시간 지원,,Canlı destek,,
review,P1,support,yes,missing-space,v4.support.emailPlaceholder,public/locales/{code}/translation.json,your@email.com,,,your@email.com,,your@email.com,,your@email.com,,your@email.com,,your@email.com,,your@email.com,,your@email.com,,your@email.com,,your@email.com,,your@email.com,,your@email.com,,your@email.com,,your@email.com,,your@email.com,,
review,P1,support,yes,style-review,v4.support.emailPrompt,public/locales/{code}/translation.json,Leave an email so we can reply when you are offline:,,,Laissez un e-mail pour que nous puissions vous répondre hors ligne :,,"Hinterlassen Sie eine E-Mail, damit wir antworten können, wenn Sie offline sind:",,Deje un correo para que podamos responder cuando esté desconectado:,,オフライン時にも返信できるよう、メールアドレスをご記入ください：,,請留下電子郵件，方便我們在您離線時回覆您：,,留个邮箱，方便我们在你离线时回复你：,,Deixe um e-mail para podermos responder quando estiver offline:,,Laat een e-mailadres achter zodat we kunnen reageren wanneer u offline bent:,,Lämna en e-postadress så att vi kan svara när du är offline:,,Lascia un'email per risponderti quando sei offline:,,"Залиште електронну пошту, щоб ми могли відповісти вам, коли ви офлайн:",,"Оставьте email, чтобы мы могли ответить вам, когда вы будете офлайн:",,오프라인 상태일 때도 답변받을 수 있도록 이메일을 남겨주세요:,,Çevrimdışıyken size yanıt verebilmemiz için bir e-posta bırakın:,,
review,P1,support,yes,style-review,v4.support.emailSaved,public/locales/{code}/translation.json,Email saved,,,E-mail enregistré,,E-Mail gespeichert,,Correo guardado,,メールアドレスを保存しました,,電子郵件已儲存,,邮箱已保存,,E-mail guardado,,E-mailadres opgeslagen,,E-post sparad,,Email salvata,,Електронну пошту збережено,,Email сохранён,,이메일이 저장되었습니다,,E-posta kaydedildi,,
review,P1,support,yes,style-review,v4.support.empty,public/locales/{code}/translation.json,No messages yet. Send one to start the conversation.,,,Aucun message pour le moment. Envoyez-en un pour démarrer la conversation.,,"Noch keine Nachrichten. Senden Sie eine, um das Gespräch zu starten.",,Aún no hay mensajes. Envíe uno para iniciar la conversación.,,まだメッセージがありません。メッセージを送信して会話を始めましょう。,,尚無訊息，發送一則訊息開始對話吧。,,还没有消息，发一条开始对话吧。,,Ainda sem mensagens. Envie uma para iniciar a conversa.,,Nog geen berichten. Verstuur er een om het gesprek te starten.,,Inga meddelanden ännu. Skicka ett för att starta konversationen.,,Nessun messaggio ancora. Inviane uno per iniziare la conversazione.,,"Повідомлень поки немає. Надішліть одне, щоб почати розмову.",,"Пока нет сообщений. Отправьте первое, чтобы начать диалог.",,아직 메시지가 없습니다. 메시지를 보내 대화를 시작하세요.,,Henüz mesaj yok. Görüşmeyi başlatmak için bir mesaj gönderin.,,
review,P1,support,yes,style-review,v4.support.greeting,public/locales/{code}/translation.json,"Hi, leave any translation-related questions here and we will reply as soon as possible.",,,"Bonjour, laissez ici vos questions sur la traduction et nous vous répondrons dès que possible.",,"Hallo, hinterlassen Sie hier Ihre Fragen zur Übersetzung und wir antworten so schnell wie möglich.",,"Hola, deje aquí sus preguntas sobre traducción y le responderemos lo antes posible.",,こんにちは。翻訳に関するご質問はこちらにお寄せください。できるだけ早くご返信いたします。,,您好，有任何翻譯相關問題都可以在這裡留言，我們會盡快回覆。,,你好，有任何关于翻译的问题都可以在这里留言，我们会尽快回复。,,"Olá, deixe aqui as suas questões sobre tradução e responderemos o mais rapidamente possível.",,"Hallo, laat hier al uw vragen over vertaling achter en we reageren zo snel mogelijk.",,"Hej, lämna alla dina frågor om översättning här så svarar vi så snart som möjligt.",,"Ciao, lascia qui le tue domande sulla traduzione e ti risponderemo il prima possibile.",,"Вітаємо! Залишайте тут будь-які запитання щодо перекладу, і ми відповімо якнайшвидше.",,"Здравствуйте! Оставьте здесь любые вопросы о переводе, и мы ответим как можно скорее.",,"안녕하세요, 번역 관련 질문을 여기 남겨주시면 최대한 빨리 답변드리겠습니다.",,"Merhaba, çeviriyle ilgili sorularınızı buraya bırakın, en kısa sürede yanıtlayacağız.",,
review,P1,support,yes,style-review,v4.support.imageAlt,public/locales/{code}/translation.json,Support image,,,Image de support,,Support-Bild,,Imagen de soporte,,サポート用画像,,支援圖片,,客服图片,,Imagem de suporte,,Ondersteuningsafbeelding,,Supportbild,,Immagine di supporto,,Зображення підтримки,,Изображение для поддержки,,지원 이미지,,Destek görseli,,
review,P1,support,yes,style-review,v4.support.invalidEmail,public/locales/{code}/translation.json,Please enter a valid email address.,,,Veuillez saisir une adresse e-mail valide.,,Bitte geben Sie eine gültige E-Mail-Adresse ein.,,Introduzca una dirección de correo válida.,,有効なメールアドレスを入力してください。,,請輸入有效的電子郵件地址。,,请输入有效的邮箱地址,,Introduza um endereço de e-mail válido.,,Voer een geldig e-mailadres in.,,Ange en giltig e-postadress.,,Inserisci un indirizzo email valido.,,Введіть дійсну адресу електронної пошти.,,Введите корректный адрес электронной почты.,,유효한 이메일 주소를 입력하세요.,,Lütfen geçerli bir e-posta adresi girin.,,
review,P1,support,yes,style-review,v4.support.messagePlaceholder,public/locales/{code}/translation.json,Type a message…,,,Saisir un message…,,Nachricht eingeben…,,Escriba un mensaje…,,メッセージを入力…,,輸入訊息…,,输入消息…,,Escreva uma mensagem…,,Typ een bericht…,,Skriv ett meddelande…,,Scrivi un messaggio…,,Введіть повідомлення…,,Введите сообщение…,,메시지 입력…,,Bir mesaj yazın…,,
review,P1,support,yes,style-review,v4.support.open,public/locales/{code}/translation.json,Contact support,,,Contacter le support,,Support kontaktieren,,Contactar soporte,,サポートに問い合わせる,,聯絡客服,,联系客服,,Contactar o suporte,,Contact opnemen met support,,Kontakta support,,Contatta il supporto,,Зв'язатися з підтримкою,,Связаться с поддержкой,,지원팀 문의,,Destekle iletişime geç,,
review,P1,support,yes,style-review,v4.support.removeImage,public/locales/{code}/translation.json,Remove image,,,Supprimer l'image,,Bild entfernen,,Eliminar imagen,,画像を削除,,移除圖片,,移除图片,,Remover imagem,,Afbeelding verwijderen,,Ta bort bild,,Rimuovi immagine,,Видалити зображення,,Удалить изображение,,이미지 제거,,Görseli kaldır,,
review,P1,support,yes,style-review,v4.support.save,public/locales/{code}/translation.json,Save,,,Enregistrer,,Speichern,,Guardar,,保存,,儲存,,保存,,Guardar,,Opslaan,,Spara,,Salva,,Зберегти,,Сохранить,,저장,,Kaydet,,
review,P1,support,yes,style-review,v4.support.send,public/locales/{code}/translation.json,Send,,,Envoyer,,Senden,,Enviar,,送信,,傳送,,发送,,Enviar,,Verzenden,,Skicka,,Invia,,Надіслати,,Отправить,,보내기,,Gönder,,
review,P1,support,yes,style-review,v4.support.sendFailed,public/locales/{code}/translation.json,Failed to send. Please try again later.,,,Échec de l'envoi. Veuillez réessayer plus tard.,,Senden fehlgeschlagen. Bitte versuchen Sie es später erneut.,,No se pudo enviar. Inténtelo de nuevo más tarde.,,送信に失敗しました。しばらくしてから再試行してください。,,傳送失敗，請稍後再試。,,发送失败，请稍后重试,,Falha ao enviar. Tente novamente mais tarde.,,Verzenden mislukt. Probeer het later opnieuw.,,Det gick inte att skicka. Försök igen senare.,,Invio non riuscito. Riprova più tardi.,,Не вдалося надіслати. Спробуйте пізніше.,,Не удалось отправить. Повторите попытку позже.,,전송에 실패했습니다. 나중에 다시 시도해 주세요.,,Gönderilemedi. Lütfen daha sonra tekrar deneyin.,,
review,P1,support,yes,style-review,v4.support.uploadFailed,public/locales/{code}/translation.json,Image upload failed. Please try again.,,,Échec de l'envoi de l'image. Veuillez réessayer.,,Bild-Upload fehlgeschlagen. Bitte versuchen Sie es erneut.,,Error al subir la imagen. Inténtelo de nuevo.,,画像のアップロードに失敗しました。もう一度お試しください。,,圖片上傳失敗。請重試。,,图片上传失败，请重试,,O envio da imagem falhou. Tente novamente.,,Afbeelding uploaden mislukt. Probeer het opnieuw.,,Bilduppladdningen misslyckades. Försök igen.,,Caricamento dell'immagine non riuscito. Riprova.,,Не вдалося завантажити зображення. Спробуйте ще раз.,,Не удалось загрузить изображение. Попробуйте ещё раз.,,이미지 업로드에 실패했습니다. 다시 시도하세요.,,Görsel yükleme başarısız oldu. Lütfen tekrar deneyin.,,
review,P1,switcher,yes,style-review,Currency Switcher,public/locales/{code}/translation.json,Currency only,,,Devise uniquement,,Nur Währung,,Solo moneda,,通貨のみ,,僅限貨幣,,货币切换器,,Apenas moeda,,Alleen valuta,,Endast valuta,,Solo valuta,,Тільки валюта,,Только валюта,,통화만,,Yalnızca para birimi,,
review,P1,switcher,yes,style-review,Switcher configuration updated successfully,public/locales/{code}/translation.json,Switcher settings updated,,,Paramètres du sélecteur mis à jour,,Umschalter-Einstellungen aktualisiert,,Configuración del selector actualizada,,スイッチャー設定を更新しました,,切換器設定已更新,,切换器配置更新成功,,Definições do seletor atualizadas,,Wisselaarinstellingen bijgewerkt,,Växlarinställningar uppdaterade,,Impostazioni del selettore aggiornate,,Налаштування перемикача оновлено,,Настройки переключателя обновлены,,스위처 설정이 업데이트되었습니다.,,Değiştirici ayarları güncellendi,,
review,P1,switcher,yes,style-review,Switcher style settings,public/locales/{code}/translation.json,Switcher style settings,,,Paramètres de style du sélecteur,,Umschalter-Stileinstellungen,,Configuración de estilo del conmutador,,スイッチャースタイル設定,,切換器樣式設定,,切换器样式设置,,Definições de estilo do seletor,,Switcher-stijlinstellingen,,Inställningar för växlarstil,,Impostazioni stile del selettore,,Налаштування стилю перемикача,,Настройки стиля переключателя,,전환기 스타일 설정,,Değiştirici stil ayarları,,
review,P1,switcher,yes,style-review,Unable to load the latest switcher settings. You can continue editing with the default values.,public/locales/{code}/translation.json,Unable to load the latest switcher settings. You can continue editing with the default values.,,,Impossible de charger les derniers paramètres du sélecteur. Vous pouvez continuer à modifier avec les valeurs par défaut.,,Die neuesten Umschalter-Einstellungen konnten nicht geladen werden. Du kannst mit den Standardwerten weiter bearbeiten.,,No se pudieron cargar los últimos ajustes del selector. Puedes seguir editando con los valores predeterminados.,,最新のスイッチャー設定を読み込めませんでした。デフォルト値のまま編集を続けられます。,,暫時無法載入最新的切換器設定，你仍可依預設值繼續編輯。,,暂时无法加载最新的切换器配置，你仍然可以基于默认值继续编辑。,,Não foi possível carregar as definições mais recentes do seletor. Pode continuar a editar com os valores predefinidos.,,De nieuwste wisselaarinstellingen konden niet worden geladen. U kunt verder bewerken met de standaardwaarden.,,Det gick inte att läsa in de senaste växlarinställningarna. Du kan fortsätta redigera med standardvärdena.,,Impossibile caricare le ultime impostazioni del selettore. Puoi continuare a modificare con i valori predefiniti.,,Не вдалося завантажити найновіші налаштування перемикача. Можна продовжити редагування зі значеннями за замовчуванням.,,Не удалось загрузить последние настройки переключателя. Можно продолжить редактирование со значениями по умолчанию.,,최신 스위처 설정을 불러올 수 없습니다. 기본값으로 계속 편집할 수 있습니다.,,En son değiştirici ayarları yüklenemedi. Varsayılan değerlerle düzenlemeye devam edebilirsiniz.,,
review,P1,tasks,yes,style-review,v4.status.stopping,public/locales/{code}/translation.json,Stopping…,,,Arrêt…,,Wird gestoppt…,,Deteniendo…,,停止中…,,停止中…,,正在暂停…,,A parar…,,Wordt gestopt…,,Stoppar…,,Arresto…,,Зупинення…,,Остановка…,,중지 중…,,Durduruluyor…,,
review,P1,tasks,yes,style-review,v4.status.translateResumeQueued,public/locales/{code}/translation.json,Queued to resume translation,,,En file d'attente pour reprendre la traduction,,In Warteschlange zum Fortsetzen der Übersetzung,,En cola para reanudar traducción,,翻訳再開待機中,,已排入佇列，將繼續翻譯,,排队续译,,Em fila de espera para retomar a tradução,,In wachtrij om vertaling te hervatten,,Köad för att återuppta översättning,,In coda per riprendere la traduzione,,У черзі на відновлення перекладу,,В очереди на возобновление перевода,,번역 재개 대기 중,,Çeviriyi devam ettirmek için sırada,,
review,P1,tasks,yes,style-review,v4.status.writebackResumeQueued,public/locales/{code}/translation.json,Queued to resume write-back,,,En file d'attente pour reprendre la réécriture,,In Warteschlange zum Fortsetzen des Zurückschreibens,,En cola para reanudar escritura,,書き戻し再開待機中,,已排入佇列，將繼續寫回,,排队写回,,Em fila de espera para retomar a escrita,,In wachtrij om terugschrijven te hervatten,,Köad för att återuppta återskrivning,,In coda per riprendere la scrittura,,У черзі на відновлення запису,,В очереди на возобновление записи,,다시 쓰기 재개 대기 중,,Geri yazmayı devam ettirmek için sırada,,
review,P1,tasks,yes,style-review,v4.tasks.cancelTask,public/locales/{code}/translation.json,Cancel task,,,Annuler la tâche,,Aufgabe abbrechen,,Cancelar tarea,,タスクをキャンセル,,取消工作,,取消任务,,Cancelar tarefa,,Taak annuleren,,Avbryt uppgift,,Annulla attività,,Скасувати завдання,,Отменить задачу,,작업 취소,,Görevi iptal et,,
review,P1,tasks,yes,style-review,v4.tasks.collapse,public/locales/{code}/translation.json,Collapse,,,Réduire,,Einklappen,,Contraer,,折りたたむ,,收合,,收起,,Ocultar,,Inklappen,,Dölj,,Comprimi,,Згорнути,,Свернуть,,접기,,Daralt,,
review,P1,tasks,yes,style-review,v4.tasks.createdHint,public/locales/{code}/translation.json,{{count}} new task(s) were created below. Progress will keep updating here.,,,{{count}} nouvelle(s) tâche(s) créée(s) ci-dessous. La progression sera mise à jour ici.,,{{count}} neue Aufgabe(n) unten erstellt. Der Fortschritt wird hier weiter aktualisiert.,,Se crearon {{count}} nueva(s) tarea(s) abajo. El progreso se seguirá actualizando aquí.,,下に{{count}}件の新しいタスクが作成されました。進捗はここで更新され続けます。,,下方已建立 {{count}} 項新工作，進度會持續在此更新。,,已在下方创建 {{count}} 个任务，系统会在这里持续更新进度。,,Foram criadas {{count}} nova(s) tarefa(s) abaixo. O progresso continuará a ser atualizado aqui.,,{{count}} nieuwe taak/taken hieronder aangemaakt. De voortgang wordt hier bijgewerkt.,,{{count}} ny/nya uppgift(er) skapades nedan. Förloppet uppdateras löpande här.,,{{count}} nuova/e attività creata/e sotto. Il progresso continuerà ad aggiornarsi qui.,,Нижче створено завдань: {{count}}. Прогрес продовжуватиме оновлюватися тут.,,Ниже создано задач: {{count}}. Прогресс будет обновляться здесь.,,아래에 새 작업 {{count}}개가 생성되었습니다. 진행 상황이 여기에서 계속 업데이트됩니다.,,Aşağıda {{count}} yeni görev oluşturuldu. İlerleme burada güncellenmeye devam edecek.,,
review,P1,tasks,yes,style-review,v4.tasks.currentHelper,public/locales/{code}/translation.json,"Active, paused, and failed tasks are shown here first.",,,"Les tâches actives, en pause et échouées sont affichées ici en priorité.",,"Aktive, pausierte und fehlgeschlagene Aufgaben werden hier zuerst angezeigt.",,"Las tareas activas, en pausa y fallidas se muestran aquí primero.",,実行中、一時停止中、失敗したタスクを優先的にここに表示します。,,進行中、已暫停及失敗的工作會優先顯示於此。,,优先处理进行中、暂停中和失败的任务。,,"As tarefas ativas, em pausa e falhadas são mostradas aqui primeiro.",,"Actieve, gepauzeerde en mislukte taken worden hier eerst weergegeven.",,"Aktiva, pausade och misslyckade uppgifter visas här först.",,"Le attività attive, in pausa e non riuscite sono mostrate qui per prime.",,"Активні, призупинені та невдалі завдання показуються тут першими.",,"Активные, приостановленные и неудачные задачи отображаются здесь в первую очередь.",,"진행 중, 일시중지, 실패한 작업이 여기에 먼저 표시됩니다.",,"Etkin, duraklatılmış ve başarısız görevler burada önce gösterilir.",,
review,P1,tasks,yes,style-review,v4.tasks.deleteConfirmDesc,public/locales/{code}/translation.json,This removes the task record and its translation data. This cannot be undone.,,,Cela supprime l'enregistrement de la tâche et ses données de traduction. Cette action est irréversible.,,Dadurch werden der Aufgabeneintrag und die Übersetzungsdaten entfernt. Dies kann nicht rückgängig gemacht werden.,,Esto elimina el registro de la tarea y sus datos de traducción. No se puede deshacer.,,タスクの記録と翻訳データが削除されます。この操作は元に戻せません。,,此動作將刪除工作紀錄及其翻譯資料，且無法復原。,,会清除任务记录及其翻译内容数据，不可恢复。,,Isto remove o registo da tarefa e os respetivos dados de tradução. Esta ação não pode ser anulada.,,Hiermee worden de taakrecord en de vertaalgegevens verwijderd. Dit kan niet ongedaan worden gemaakt.,,Detta tar bort uppgiftsposten och dess översättningsdata. Detta kan inte ångras.,,Rimuove il record dell'attività e i dati di traduzione. Non può essere annullato.,,Це видалить запис про завдання та дані перекладу. Цю дію неможливо скасувати.,,Будут удалены запись о задаче и данные перевода. Это действие нельзя отменить.,,작업 기록과 번역 데이터가 삭제됩니다. 이 작업은 되돌릴 수 없습니다.,,"Bu, görev kaydını ve çeviri verilerini kaldırır. Bu işlem geri alınamaz.",,
review,P1,tasks,yes,style-review,v4.tasks.deleteConfirmTitle,public/locales/{code}/translation.json,Delete this task?,,,Supprimer cette tâche ?,,Diese Aufgabe löschen?,,¿Eliminar esta tarea?,,このタスクを削除しますか？,,確定要刪除此工作嗎？,,删除该任务？,,Eliminar esta tarefa?,,Deze taak verwijderen?,,Ta bort den här uppgiften?,,Eliminare questa attività?,,Видалити це завдання?,,Удалить эту задачу?,,이 작업을 삭제하시겠습니까?,,Bu görev silinsin mi?,,
review,P1,tasks,yes,style-review,v4.tasks.deleteRecord,public/locales/{code}/translation.json,Delete record,,,Supprimer l'enregistrement,,Eintrag löschen,,Eliminar registro,,記録を削除,,刪除紀錄,,删除记录,,Eliminar registo,,Record verwijderen,,Ta bort post,,Elimina record,,Видалити запис,,Удалить запись,,기록 삭제,,Kaydı sil,,
review,P1,tasks,yes,style-review,v4.tasks.ended,public/locales/{code}/translation.json,Ended,,,Terminée,,Beendet,,Finalizada,,終了,,已結束,,已结束,,Terminada,,Beëindigd,,Avslutad,,Terminata,,Завершено,,Завершена,,종료됨,,Sona erdi,,
review,P1,tasks,yes,style-review,v4.tasks.historyHelper,public/locales/{code}/translation.json,Completed and cancelled task records are kept here.,,,Les tâches terminées et annulées sont conservées ici.,,Abgeschlossene und abgebrochene Aufgaben werden hier aufbewahrt.,,Los registros de tareas completadas y canceladas se guardan aquí.,,完了またはキャンセルされたタスクの記録をここに保存します。,,已完成及已取消的工作紀錄會保留於此。,,这里保留已完成或已取消的任务记录。,,Os registos de tarefas concluídas e canceladas são mantidos aqui.,,Voltooide en geannuleerde taakrecords worden hier bewaard.,,Slutförda och avbrutna uppgiftsposter sparas här.,,I record delle attività completate e annullate sono conservati qui.,,Записи про завершені та скасовані завдання зберігаються тут.,,Здесь хранятся записи о завершённых и отменённых задачах.,,완료 또는 취소된 작업 기록이 여기에 보관됩니다.,,Tamamlanan ve iptal edilen görev kayıtları burada tutulur.,,
review,P1,tasks,yes,style-review,v4.tasks.historyPageTitle,public/locales/{code}/translation.json,History tasks · {{count}},,,Tâches historiques · {{count}},,Verlaufsaufgaben · {{count}},,Tareas de historial · {{count}},,履歴タスク · {{count}},,歷史任務 · {{count}},,历史任务 · {{count}},,Tarefas do histórico · {{count}},,Geschiedenistaken · {{count}},,Historikuppgifter · {{count}},,Attività in cronologia · {{count}},,Історія завдань · {{count}},,История задач · {{count}},,기록 작업 · {{count}},,Geçmiş görevler · {{count}},,
review,P1,tasks,yes,style-review,v4.tasks.inProgress,public/locales/{code}/translation.json,In progress: {{stage}},,,En cours : {{stage}},,In Bearbeitung: {{stage}},,En curso: {{stage}},,実行中：{{stage}},,進行中：{{stage}},,进行中：{{stage}},,Em curso: {{stage}},,Bezig: {{stage}},,Pågår: {{stage}},,In corso: {{stage}},,Виконується: {{stage}},,Выполняется: {{stage}},,진행 중: {{stage}},,Devam ediyor: {{stage}},,
review,P1,tasks,yes,style-review,v4.tasks.justCreated,public/locales/{code}/translation.json,Just created,,,Créée à l'instant,,Gerade erstellt,,Recién creada,,作成したばかり,,剛剛建立,,刚创建,,Criada agora mesmo,,Zojuist aangemaakt,,Nyligen skapad,,Appena creata,,Щойно створено,,Только что создано,,방금 생성됨,,Az önce oluşturuldu,,
review,P1,tasks,yes,style-review,v4.tasks.noCurrent,public/locales/{code}/translation.json,No tasks in progress,,,Aucune tâche en cours,,Keine laufenden Aufgaben,,No hay tareas en curso,,進行中のタスクはありません,,目前沒有進行中的工作,,当前没有进行中的任务,,Sem tarefas em curso,,Geen taken in uitvoering,,Inga pågående uppgifter,,Nessuna attività in corso,,Немає активних завдань,,Нет выполняемых задач,,진행 중인 작업이 없습니다,,Devam eden görev yok,,
review,P1,tasks,yes,style-review,v4.tasks.noCurrentDesc,public/locales/{code}/translation.json,"Select target languages and content above, then create your first translation task.",,,"Sélectionnez les langues cibles et le contenu ci-dessus, puis créez votre première tâche de traduction.",,Wählen Sie oben Zielsprachen und Inhalt aus und erstellen Sie Ihre erste Übersetzungsaufgabe.,,Seleccione idiomas de destino y contenido arriba y cree su primera tarea de traducción.,,上で対象言語とコンテンツを選択し、最初の翻訳タスクを作成してください。,,請先於上方選擇目標語言與內容，再建立您的第一項翻譯工作。,,选好目标语言和翻译内容后，点击上方按钮创建第一个翻译任务。,,Selecione os idiomas de destino e o conteúdo acima e crie a sua primeira tarefa de tradução.,,Selecteer hierboven doeltalen en inhoud en maak uw eerste vertaaltaak aan.,,Välj målspråk och innehåll ovan och skapa din första översättningsuppgift.,,"Seleziona lingue di destinazione e contenuto sopra, poi crea la tua prima attività di traduzione.",,"Виберіть цільові мови та вміст вище, а потім створіть своє перше завдання перекладу.",,"Выберите целевые языки и контент выше, затем создайте свою первую задачу перевода.",,위에서 대상 언어와 콘텐츠를 선택한 후 첫 번역 작업을 만드세요.,,"Yukarıdan hedef dilleri ve içeriği seçin, ardından ilk çeviri görevinizi oluşturun.",,
review,P1,tasks,yes,style-review,v4.tasks.noHistory,public/locales/{code}/translation.json,No history tasks,,,Aucune tâche dans l'historique,,Keine Aufgaben im Verlauf,,Sin tareas en el historial,,履歴タスクはありません,,尚無歷史工作,,暂无历史任务,,Sem tarefas no histórico,,Geen taken in de geschiedenis,,Inga uppgifter i historiken,,Nessuna attività nella cronologia,,Немає завдань в історії,,Нет задач в истории,,기록된 작업이 없습니다,,Geçmişte görev yok,,
review,P1,tasks,yes,style-review,v4.tasks.noHistoryDesc,public/locales/{code}/translation.json,Completed or cancelled tasks will appear here.,,,Les tâches terminées ou annulées apparaîtront ici.,,Abgeschlossene oder abgebrochene Aufgaben erscheinen hier.,,Las tareas completadas o canceladas aparecerán aquí.,,完了またはキャンセルされたタスクはここに表示されます。,,已完成或已取消的工作會顯示於此。,,完成或取消后的任务记录会显示在这里。,,As tarefas concluídas ou canceladas aparecerão aqui.,,Voltooide of geannuleerde taken verschijnen hier.,,Slutförda eller avbrutna uppgifter visas här.,,Le attività completate o annullate appariranno qui.,,Завершені або скасовані завдання з'являться тут.,,Завершённые или отменённые задачи будут отображаться здесь.,,완료되거나 취소된 작업이 여기에 표시됩니다.,,Tamamlanan veya iptal edilen görevler burada görünür.,,
review,P1,tasks,yes,style-review,v4.tasks.openHistory,public/locales/{code}/translation.json,View history ({{count}}),,,Voir l'historique ({{count}}),,Verlauf anzeigen ({{count}}),,Ver historial ({{count}}),,履歴を表示 ({{count}}),,檢視歷史記錄（{{count}}）,,查看历史任务（{{count}}）,,Ver histórico ({{count}}),,Bekijk geschiedenis ({{count}}),,Visa historik ({{count}}),,Visualizza cronologia ({{count}}),,Переглянути історію ({{count}}),,Просмотреть историю ({{count}}),,기록 보기 ({{count}}),,Geçmişi görüntüle ({{count}}),,
review,P1,tasks,yes,style-review,v4.tasks.pause,public/locales/{code}/translation.json,Pause,,,Pause,,Pausieren,,Pausar,,一時停止,,暫停,,暂停,,Pausar,,Pauzeren,,Pausa,,Pausa,,Пауза,,Пауза,,일시중지,,Duraklat,,
review,P1,tasks,yes,style-review,v4.tasks.queuedForTranslate,public/locales/{code}/translation.json,Queued for translation,,,En file d'attente pour la traduction,,In Warteschlange für Übersetzung,,En cola para traducción,,翻訳待機中,,排隊等待翻譯,,排队等待翻译,,Em fila de espera para tradução,,In wachtrij voor vertaling,,Köad för översättning,,In coda per la traduzione,,У черзі на переклад,,В очереди на перевод,,번역 대기 중,,Çeviri için sırada,,
review,P1,tasks,yes,style-review,v4.tasks.resume,public/locales/{code}/translation.json,Resume,,,Reprendre,,Fortsetzen,,Reanudar,,再開,,繼續,,继续,,Retomar,,Hervatten,,Återuppta,,Riprendi,,Відновити,,Возобновить,,재개,,Devam ettir,,
review,P1,tasks,yes,style-review,v4.tasks.syncLive,public/locales/{code}/translation.json,Live sync,,,Synchronisation en direct,,Live-Sync,,Sincronización en vivo,,リアルタイム同期,,即時同步,,实时同步,,Sincronização em direto,,Live synchronisatie,,Livesynkronisering,,Sincronizzazione live,,Синхронізація в реальному часі,,Синхронизация в реальном времени,,실시간 동기화,,Canlı senkronizasyon,,
review,P1,tasks,yes,style-review,v4.tasks.title,public/locales/{code}/translation.json,Task list · {{count}},,,Liste des tâches · {{count}},,Aufgabenliste · {{count}},,Lista de tareas · {{count}},,タスク一覧 · {{count}},,工作清單 · {{count}},,任务列表 · {{count}},,Lista de tarefas · {{count}},,Takenlijst · {{count}},,Uppgiftslista · {{count}},,Elenco attività · {{count}},,Список завдань · {{count}},,Список задач · {{count}},,작업 목록 · {{count}},,Görev listesi · {{count}},,
review,P1,tasks,yes,style-review,v4.tasks.view,public/locales/{code}/translation.json,View,,,Voir,,Anzeigen,,Ver,,表示,,檢視,,查看,,Ver,,Bekijken,,Visa,,Visualizza,,Переглянути,,Просмотр,,보기,,Görüntüle,,
review,P1,v4,yes,style-review,v4.actionFailed,public/locales/{code}/translation.json,Action failed,,,Échec de l'action,,Aktion fehlgeschlagen,,Acción fallida,,操作に失敗しました,,操作失敗,,操作失败,,Falha na ação,,Actie mislukt,,Åtgärden misslyckades,,Azione non riuscita,,Дію не виконано,,Действие не выполнено,,작업 실패,,İşlem başarısız oldu,,
review,P1,v4,yes,style-review,v4.actionFailedRetry,public/locales/{code}/translation.json,Action failed. Please try again later.,,,Échec de l'action. Veuillez réessayer plus tard.,,Aktion fehlgeschlagen. Bitte versuchen Sie es später erneut.,,Acción fallida. Inténtelo de nuevo más tarde.,,操作に失敗しました。しばらくしてから再試行してください。,,操作失敗，請稍後再試。,,操作失败，请稍后重试,,Falha na ação. Tente novamente mais tarde.,,Actie mislukt. Probeer het later opnieuw.,,Åtgärden misslyckades. Försök igen senare.,,Azione non riuscita. Riprova più tardi.,,Дію не виконано. Спробуйте пізніше.,,Действие не выполнено. Повторите попытку позже.,,작업에 실패했습니다. 나중에 다시 시도해 주세요.,,İşlem başarısız oldu. Lütfen daha sonra tekrar deneyin.,,
review,P1,v4,yes,style-review,v4.auto.lastUpdate,public/locales/{code}/translation.json,Last updated {{time}},,,Dernière mise à jour {{time}},,Zuletzt aktualisiert {{time}},,Última actualización {{time}},,最終更新 {{time}},,上次更新 {{time}},,上次更新 {{time}},,Última atualização {{time}},,Laatst bijgewerkt {{time}},,Senast uppdaterad {{time}},,Ultimo aggiornamento {{time}},,Останнє оновлення {{time}},,Последнее обновление {{time}},,마지막 업데이트 {{time}},,Son güncelleme {{time}},,
review,P1,v4,yes,style-review,v4.auto.lastUpdateJustNow,public/locales/{code}/translation.json,Last updated just now,,,Dernière mise à jour à l'instant,,Zuletzt aktualisiert gerade eben,,Última actualización ahora mismo,,たった今更新,,上次更新：剛剛,,上次更新 刚刚,,Última atualização agora mesmo,,Laatst bijgewerkt zojuist,,Senast uppdaterad just nu,,Ultimo aggiornamento adesso,,Останнє оновлення: щойно,,Последнее обновление: только что,,방금 업데이트됨,,Az önce güncellendi,,
review,P1,v4,yes,style-review,v4.auto.nextScan,public/locales/{code}/translation.json,Next scan {{time}},,,Prochaine analyse {{time}},,Nächster Scan {{time}},,Próximo escaneo {{time}},,次のスキャン {{time}},,下次掃描 {{time}},,下次扫描 {{time}},,Próxima verificação {{time}},,Volgende scan {{time}},,Nästa skanning {{time}},,Prossima scansione {{time}},,Наступне сканування {{time}},,Следующее сканирование {{time}},,다음 스캔 {{time}},,Sonraki tarama {{time}},,
review,P1,v4,yes,style-review,v4.auto.nextScanSoon,public/locales/{code}/translation.json,Next scan starting soon,,,Prochaine analyse bientôt,,Nächster Scan beginnt bald,,Próximo escaneo pronto,,次のスキャンはまもなく開始します,,下次掃描即將開始,,下次扫描 即将开始,,Próxima verificação em breve,,Volgende scan start binnenkort,,Nästa skanning startar snart,,Prossima scansione a breve,,Наступне сканування скоро розпочнеться,,Следующее сканирование скоро начнётся,,다음 스캔이 곧 시작됩니다,,Sonraki tarama yakında başlayacak,,
review,P1,v4,yes,style-review,v4.autoTranslate.badge,public/locales/{code}/translation.json,Auto-translate,,,Traduction automatique,,Automatische Übersetzung,,Traducción automática,,自動翻訳,,自動翻譯,,自动翻译,,Tradução automática,,Automatisch vertalen,,Automatisk översättning,,Traduzione automatica,,Автопереклад,,Автоперевод,,자동 번역,,Otomatik çeviri,,
review,P1,v4,yes,style-review,v4.autoTranslate.taskBadge,public/locales/{code}/translation.json,Auto,,,Auto,,Auto,,Auto,,自動,,自動,,自动,,Automático,,Auto,,Auto,,Auto,,Авто,,Авто,,자동,,Otomatik,,
review,P1,v4,yes,style-review,v4.availableCredits,public/locales/{code}/translation.json,Available credits,,,Crédits disponibles,,Verfügbare Credits,,Créditos disponibles,,利用可能なクレジット,,可用額度,,可用积分,,Créditos disponíveis,,Beschikbare credits,,Tillgängliga krediter,,Crediti disponibili,,Доступні кредити,,Доступные кредиты,,사용 가능한 크레딧,,Kullanılabilir krediler,,
review,P1,v4,yes,style-review,v4.billing.taskResumedAfterPurchase,public/locales/{code}/translation.json,Credits added. Your translation task is resuming.,,,Crédits ajoutés. Votre tâche de traduction reprend.,,Guthaben hinzugefügt. Deine Übersetzungsaufgabe wird fortgesetzt.,,Créditos añadidos. Tu tarea de traducción se está reanudando.,,クレジットが追加されました。翻訳タスクを再開しています。,,點數已入帳，翻譯任務正在自動繼續。,,积分已到账，翻译任务正在自动继续。,,Créditos adicionados. A tarefa de tradução está a ser retomada.,,Tegoeden toegevoegd. Je vertaaltaak wordt hervat.,,Krediter har lagts till. Din översättningsuppgift återupptas.,,Crediti aggiunti. L’attività di traduzione sta riprendendo.,,Кредити додано. Завдання перекладу відновлюється.,,Кредиты добавлены. Задача перевода возобновляется.,,크레딧이 추가되었습니다. 번역 작업을 재개합니다.,,Krediler eklendi. Çeviri göreviniz devam ettiriliyor.,,
review,P1,v4,yes,style-review,v4.cancelled,public/locales/{code}/translation.json,Cancelled,,,Annulé,,Abgebrochen,,Cancelado,,キャンセル済み,,已取消,,已取消,,Cancelado,,Geannuleerd,,Avbruten,,Annullato,,Скасовано,,Отменено,,취소됨,,İptal edildi,,
review,P1,v4,yes,style-review,v4.cancelling,public/locales/{code}/translation.json,Cancelling…,,,Annulation…,,Wird abgebrochen…,,Cancelando…,,キャンセル中…,,取消中…,,正在取消…,,A cancelar…,,Wordt geannuleerd…,,Avbryter…,,Annullamento…,,Скасування…,,Отмена…,,취소 중…,,İptal ediliyor…,,
review,P1,v4,yes,style-review,v4.createFailedRetry,public/locales/{code}/translation.json,Failed to create. Please try again later.,,,Échec de la création. Veuillez réessayer plus tard.,,Erstellung fehlgeschlagen. Bitte versuchen Sie es später erneut.,,No se pudo crear. Inténtelo de nuevo más tarde.,,作成に失敗しました。しばらくしてから再試行してください。,,建立失敗，請稍後再試。,,创建失败，请稍后重试,,Falha ao criar. Tente novamente mais tarde.,,Aanmaken mislukt. Probeer het later opnieuw.,,Det gick inte att skapa. Försök igen senare.,,Creazione non riuscita. Riprova più tardi.,,Не вдалося створити. Спробуйте пізніше.,,Не удалось создать. Повторите попытку позже.,,생성에 실패했습니다. 나중에 다시 시도해 주세요.,,Oluşturma başarısız oldu. Lütfen daha sonra tekrar deneyin.,,
review,P1,v4,yes,style-review,v4.deleted,public/locales/{code}/translation.json,Deleted,,,Supprimé,,Gelöscht,,Eliminado,,削除済み,,已刪除,,已删除,,Eliminado,,Verwijderd,,Borttagen,,Eliminato,,Видалено,,Удалено,,삭제됨,,Silindi,,
review,P1,v4,yes,style-review,v4.done,public/locales/{code}/translation.json,Done,,,Terminé,,Fertig,,Hecho,,完了,,已完成,,已完成,,Concluído,,Voltooid,,Klart,,Completato,,Готово,,Готово,,완료,,Tamamlandı,,
review,P1,v4,yes,style-review,v4.elapsed.hoursMinutes,public/locales/{code}/translation.json,{{hours}}h {{minutes}}m,,,{{hours}} h {{minutes}} min,,{{hours}} Std. {{minutes}} Min.,,{{hours}} h {{minutes}} min,,{{hours}}時間{{minutes}}分,,{{hours}} 時 {{minutes}} 分,,{{hours}}时{{minutes}}分,,{{hours}} h {{minutes}} min,,{{hours}} u {{minutes}} min,,{{hours}} h {{minutes}} min,,{{hours}} h {{minutes}} min,,{{hours}} год {{minutes}} хв,,{{hours}} ч {{minutes}} мин,,{{hours}}시간 {{minutes}}분,,{{hours}} sa {{minutes}} dk,,
review,P1,v4,yes,style-review,v4.elapsed.minutes,public/locales/{code}/translation.json,{{count}}m,,,{{count}} min,,{{count}} Min.,,{{count}} min,,{{count}}分,,{{count}} 分,,{{count}}分,,{{count}} min,,{{count}} min,,{{count}} min,,{{count}} min,,{{count}} хв,,{{count}} мин,,{{count}}분,,{{count}} dk,,
review,P1,v4,yes,style-review,v4.elapsed.minutesSeconds,public/locales/{code}/translation.json,{{minutes}}m {{seconds}}s,,,{{minutes}} min {{seconds}} s,,{{minutes}} Min. {{seconds}} s,,{{minutes}} min {{seconds}} s,,{{minutes}}分{{seconds}}秒,,{{minutes}} 分 {{seconds}} 秒,,{{minutes}}分{{seconds}}秒,,{{minutes}} min {{seconds}} s,,{{minutes}} min {{seconds}} s,,{{minutes}} min {{seconds}} s,,{{minutes}} min {{seconds}} s,,{{minutes}} хв {{seconds}} с,,{{minutes}} мин {{seconds}} с,,{{minutes}}분 {{seconds}}초,,{{minutes}} dk {{seconds}} sn,,
review,P1,v4,yes,style-review,v4.elapsed.seconds,public/locales/{code}/translation.json,{{count}}s,,,{{count}} s,,{{count}} s,,{{count}} s,,{{count}}秒,,{{count}} 秒,,{{count}}秒,,{{count}} s,,{{count}} s,,{{count}} s,,{{count}} s,,{{count}} с,,{{count}} с,,{{count}}초,,{{count}} sn,,
review,P1,v4,yes,style-review,v4.error.cannotResumeFromStatus,public/locales/{code}/translation.json,Cannot resume from {{status}},,,Impossible de reprendre depuis {{status}},,Fortsetzen von {{status}} nicht möglich,,No se puede reanudar desde {{status}},,{{status}}からは再開できません,,目前狀態為 {{status}}，無法繼續,,当前状态 {{status}} 不支持继续,,Não é possível retomar a partir de {{status}},,Kan niet hervatten vanuit {{status}},,Det går inte att återuppta från {{status}},,Impossibile riprendere da {{status}},,Неможливо відновити зі статусу {{status}},,Невозможно возобновить из статуса {{status}},,{{status}} 상태에서는 재개할 수 없습니다,,{{status}} durumundan devam edilemez,,
review,P1,v4,yes,style-review,v4.error.singleQuotaInsufficient,public/locales/{code}/translation.json,Not enough translation credits.,,,Crédits de traduction insuffisants.,,Nicht genügend Übersetzungs-Credits.,,No hay suficientes créditos de traducción.,,翻訳クレジットが不足しています。,,翻譯積分不足,,翻译积分不足,,Créditos de tradução insuficientes.,,Onvoldoende vertaaltegoeden.,,Inte tillräckligt med översättningskrediter.,,Crediti di traduzione insufficienti.,,Недостатньо кредитів для перекладу.,,Недостаточно кредитов для перевода.,,번역 크레딧이 부족합니다.,,Yeterli çeviri kredisi yok.,,
review,P1,v4,yes,style-review,v4.initLog.fetchingShopifyBulk,public/locales/{code}/translation.json,{{modules}} · requesting data from Shopify,,,{{modules}} · demande de données à Shopify,,{{modules}} · Daten werden von Shopify angefordert,,{{modules}} · solicitando datos de Shopify,,{{modules}} · Shopifyからデータを取得中,,{{modules}} · 正在從 Shopify 拉取資料,,{{modules}} · 正在从 Shopify 拉取数据,,{{modules}} · a solicitar dados da Shopify,,{{modules}} · gegevens opvragen bij Shopify,,{{modules}} · hämtar data från Shopify,,{{modules}} · richiesta dati da Shopify,,{{modules}} · запит даних із Shopify,,{{modules}} · запрос данных из Shopify,,{{modules}} · Shopify에서 데이터 요청 중,,{{modules}} · Shopify'dan veri isteniyor,,
review,P1,v4,yes,style-review,v4.initLog.inFlight,public/locales/{code}/translation.json,{{count}} in flight,,,{{count}} en cours,,{{count}} aktiv,,{{count}} en curso,,{{count}}件処理中,,{{count}} 項進行中,,{{count}} 路进行中,,{{count}} em curso,,{{count}} actief,,{{count}} pågående,,{{count}} in corso,,виконується: {{count}},,выполняется: {{count}},,{{count}}개 진행 중,,{{count}} işlemde,,
review,P1,v4,yes,style-review,v4.initLog.plusItems,public/locales/{code}/translation.json,+{{count}},,,+{{count}},,+{{count}},,+{{count}},,+{{count}},,+{{count}},,+{{count}},,+{{count}},,+{{count}},,+{{count}},,+{{count}},,+{{count}},,+{{count}},,+{{count}},,+{{count}},,
review,P1,v4,yes,style-review,v4.initLog.queryingShopifyN,public/locales/{code}/translation.json,querying Shopify · {{count}} modules,,,requête Shopify · {{count}} modules,,Shopify-Abfrage · {{count}} Module,,consultando Shopify · {{count}} módulos,,Shopifyに問い合わせ中 · {{count}}モジュール,,正在查詢 Shopify · {{count}} 個模組,,正在查询 Shopify · {{count}} 个模块,,a consultar a Shopify · {{count}} módulos,,Shopify opvragen · {{count}} modules,,frågar Shopify · {{count}} moduler,,interrogazione Shopify · {{count}} moduli,,опитування Shopify · модулів: {{count}},,запрос к Shopify · модулей: {{count}},,Shopify 조회 중 · 모듈 {{count}}개,,Shopify sorgulanıyor · {{count}} modül,,
review,P1,v4,yes,style-review,v4.initLog.waitingForSlot,public/locales/{code}/translation.json,{{modules}} · waiting for slot,,,{{modules}} · en attente d'un créneau,,{{modules}} · warte auf Slot,,{{modules}} · esperando espacio,,{{modules}} · 空き枠待ち,,{{modules}} · 等待可用名額,,{{modules}} · 等待并发槽位,,{{modules}} · a aguardar vaga,,{{modules}} · wachten op slot,,{{modules}} · väntar på plats,,{{modules}} · in attesa di slot,,{{modules}} · очікування слота,,{{modules}} · ожидание слота,,{{modules}} · 슬롯 대기 중,,{{modules}} · slot bekleniyor,,
review,P1,v4,yes,style-review,v4.initLog.waitingInitializer,public/locales/{code}/translation.json,waiting for initializer,,,en attente de l'initialiseur,,warte auf Initialisierer,,esperando inicializador,,初期化ワーカーを待機中,,等待初始化 Worker,,等待初始化 Worker,,a aguardar o inicializador,,wachten op initialisator,,väntar på initieraren,,in attesa dell'inizializzatore,,очікування ініціалізатора,,ожидание инициализатора,,초기화 워커 대기 중,,başlatıcı bekleniyor,,
review,P1,v4,yes,missing-space,v4.initLog.writingManifest,public/locales/{code}/translation.json,manifest.json,,,manifest.json,,manifest.json,,manifest.json,,manifest.json,,manifest.json,,manifest.json,,manifest.json,,manifest.json,,manifest.json,,manifest.json,,manifest.json,,manifest.json,,manifest.json,,manifest.json,,
review,P1,v4,yes,style-review,v4.job.callingModel,public/locales/{code}/translation.json,Calling model,,,Appel du modèle,,Modell wird aufgerufen,,Llamando al modelo,,モデルを呼び出し中,,正在呼叫模型,,正在调用模型,,A chamar o modelo,,Model wordt aangeroepen,,Anropar modell,,Chiamata al modello,,Звернення до моделі,,Обращение к модели,,모델 호출 중,,Model çağrılıyor,,
review,P1,v4,yes,style-review,v4.job.creditsCounting,public/locales/{code}/translation.json,Calculating credits,,,Calcul des crédits,,Credits werden berechnet,,Calculando créditos,,クレジットを計算中,,正在計算額度,,积分统计中,,A calcular créditos,,Credits worden berekend,,Beräknar krediter,,Calcolo crediti,,Обчислення кредитів,,Подсчёт кредитов,,크레딧 계산 중,,Krediler hesaplanıyor,,
review,P1,v4,yes,style-review,v4.job.creditsShort,public/locales/{code}/translation.json,{{formattedCount}} credits,,,{{formattedCount}} crédits,,{{formattedCount}} Credits,,{{formattedCount}} créditos,,{{formattedCount}}クレジット,,{{formattedCount}} 點額度,,{{formattedCount}} 积分,,{{formattedCount}} créditos,,{{formattedCount}} tegoeden,,{{formattedCount}} krediter,,{{formattedCount}} crediti,,{{formattedCount}} кредитів,,{{formattedCount}} кредитов,,{{formattedCount}} 크레딧,,{{formattedCount}} kredi,,
review,P1,v4,yes,style-review,v4.job.creditsUsed,public/locales/{code}/translation.json,Used,,,Utilisés,,Verbraucht,,Usados,,使用済み,,已使用,,消耗,,Utilizados,,Gebruikt,,Använda,,Usati,,Використано,,Использовано,,사용됨,,Kullanılan,,
review,P1,v4,yes,style-review,v4.job.creditsUsedShort,public/locales/{code}/translation.json,{{formattedCount}} credits used,,,{{formattedCount}} crédits utilisés,,{{formattedCount}} Credits verbraucht,,{{formattedCount}} créditos usados,,{{formattedCount}}クレジット使用,,已使用 {{formattedCount}} 點額度,,已用 {{formattedCount}} 积分,,{{formattedCount}} créditos utilizados,,{{formattedCount}} credits gebruikt,,{{formattedCount}} krediter använda,,{{formattedCount}} crediti usati,,Використано кредитів: {{formattedCount}},,Использовано кредитов: {{formattedCount}},,{{formattedCount}} 크레딧 사용됨,,{{formattedCount}} kredi kullanıldı,,
review,P1,v4,yes,style-review,v4.job.elapsed,public/locales/{code}/translation.json,Elapsed,,,Durée,,Dauer,,Transcurrido,,経過時間,,耗時,,耗时,,Tempo decorrido,,Verstreken tijd,,Förfluten tid,,Trascorso,,Минуло часу,,Прошло времени,,경과 시간,,Geçen süre,,
review,P1,v4,yes,style-review,v4.job.elapsedShort,public/locales/{code}/translation.json,Elapsed {{time}},,,Durée {{time}},,Dauer {{time}},,Transcurrido {{time}},,経過{{time}},,耗時 {{time}},,耗时 {{time}},,Decorrido {{time}},,Verstreken {{time}},,Förfluten tid {{time}},,Trascorso {{time}},,Минуло {{time}},,Прошло {{time}},,경과 {{time}},,Geçen süre {{time}},,
review,P1,v4,yes,style-review,v4.job.itemsFound,public/locales/{code}/translation.json,{{count}} items found,,,{{count}} éléments trouvés,,{{count}} Elemente gefunden,,{{count}} elementos encontrados,,{{count}}件の項目が見つかりました,,已找到 {{count}} 項,,已发现 {{count}} 项,,{{count}} itens encontrados,,{{count}} items gevonden,,{{count}} objekt hittades,,{{count}} elementi trovati,,Знайдено елементів: {{count}},,Найдено элементов: {{count}},,{{count}}개 항목 발견,,{{count}} öğe bulundu,,
review,P1,v4,yes,style-review,v4.job.startedAt,public/locales/{code}/translation.json,Started {{time}},,,Démarré {{time}},,Gestartet {{time}},,Iniciado {{time}},,{{time}}に開始,,已於 {{time}} 開始,,启动 {{time}},,Iniciado {{time}},,Gestart {{time}},,Startade {{time}},,Avviato {{time}},,Розпочато {{time}},,Запущено {{time}},,{{time}}에 시작됨,,{{time}} başladı,,
review,P1,v4,yes,style-review,v4.job.startTime,public/locales/{code}/translation.json,Start time,,,Heure de début,,Startzeit,,Hora de inicio,,開始時刻,,開始時間,,开始时间,,Hora de início,,Starttijd,,Starttid,,Ora di inizio,,Час початку,,Время начала,,시작 시간,,Başlangıç saati,,
review,P1,v4,yes,style-review,v4.job.translatedResources,public/locales/{code}/translation.json,Translated resources,,,Ressources traduites,,Übersetzte Ressourcen,,Recursos traducidos,,翻訳済みリソース,,已翻譯資源,,已翻译资源,,Recursos traduzidos,,Vertaalde resources,,Översatta resurser,,Risorse tradotte,,Перекладені ресурси,,Переведённые ресурсы,,번역된 리소스,,Çevrilen kaynaklar,,
review,P1,v4,yes,style-review,v4.languages,public/locales/{code}/translation.json,Languages,,,Langues,,Sprachen,,Idiomas,,言語,,語言,,语言,,Idiomas,,Talen,,Språk,,Lingue,,Мови,,Языки,,언어,,Diller,,
review,P1,v4,yes,style-review,v4.languagesWithContent,public/locales/{code}/translation.json,Languages with content,,,Langues avec contenu,,Sprachen mit Inhalt,,Idiomas con contenido,,コンテンツがある言語,,已有內容的語言,,已有内容语言,,Idiomas com conteúdo,,Talen met inhoud,,Språk med innehåll,,Lingue con contenuto,,Мови з контентом,,Языки с контентом,,콘텐츠가 있는 언어,,İçeriği olan diller,,
review,P1,v4,yes,style-review,v4.locale.zhCnFallback,public/locales/{code}/translation.json,Chinese (Simplified),,,Chinois (simplifié),,Chinesisch (vereinfacht),,Chino (simplificado),,中国語（簡体字）,,簡體中文,,中文,,Chinês (simplificado),,Chinees (vereenvoudigd),,Kinesiska (förenklad),,Cinese (semplificato),,Китайська (спрощена),,Китайский (упрощённый),,중국어(간체),,Çince (Basitleştirilmiş),,
review,P1,v4,yes,title-case,v4.module.CUSTOM_LIQUID,public/locales/{code}/translation.json,Custom Liquid,,,Liquid personnalisé,,Benutzerdefiniertes Liquid,,Liquid personalizado,,カスタムLiquid,,自訂 Liquid,,自定义 Liquid,,Liquid personalizado,,Aangepaste Liquid,,Anpassad Liquid,,Liquid personalizzato,,Спеціальний Liquid,,Кастомный Liquid,,커스텀 Liquid,,Özel Liquid,,
review,P1,v4,yes,style-review,v4.outOfLanguages,public/locales/{code}/translation.json,{{count}} total,,,{{count}} au total,,{{count}} gesamt,,{{count}} en total,,合計{{count}}件,,共 {{count}} 種,,共 {{count}} 种,,{{count}} no total,,{{count}} in totaal,,{{count}} totalt,,{{count}} totali,,усього {{count}},,всего {{count}},,총 {{count}}개,,toplam {{count}},,
review,P1,v4,yes,style-review,v4.overallCompletion,public/locales/{code}/translation.json,Overall completion,,,Achèvement global,,Gesamtabschluss,,Finalización general,,全体の完了率,,整體完成度,,整体完成率,,Conclusão geral,,Totale voltooiing,,Total slutförandegrad,,Completamento complessivo,,Загальний рівень завершення,,Общая степень завершённости,,전체 완료율,,Genel tamamlanma,,
review,P1,v4,yes,style-review,v4.overallCoverage,public/locales/{code}/translation.json,Overall coverage,,,Couverture globale,,Gesamtabdeckung,,Cobertura general,,全体のカバー率,,整體覆蓋率,,整体覆盖率,,Cobertura geral,,Totale dekking,,Total täckning,,Copertura complessiva,,Загальне охоплення,,Общий охват,,전체 커버리지,,Genel kapsam,,
review,P1,v4,yes,style-review,v4.paused,public/locales/{code}/translation.json,Paused,,,En pause,,Pausiert,,En pausa,,一時停止中,,已暫停,,已暂停,,Em pausa,,Gepauzeerd,,Pausad,,In pausa,,Призупинено,,Приостановлено,,일시중지됨,,Duraklatıldı,,
review,P1,v4,yes,style-review,v4.pausing,public/locales/{code}/translation.json,Pausing…,,,Mise en pause…,,Wird pausiert…,,Pausando…,,一時停止中…,,暫停中…,,正在暂停…,,A colocar em pausa…,,Wordt gepauzeerd…,,Pausar…,,Messa in pausa…,,Призупинення…,,Приостановка…,,일시중지 중…,,Duraklatılıyor…,,
review,P1,v4,yes,style-review,v4.pending,public/locales/{code}/translation.json,Pending,,,En attente,,Ausstehend,,Pendiente,,未処理,,待處理,,待处理,,Pendente,,In behandeling,,Väntande,,In sospeso,,Очікування,,Ожидание,,대기 중,,Beklemede,,
review,P1,v4,yes,style-review,v4.pendingItems,public/locales/{code}/translation.json,Pending items,,,Éléments en attente,,Ausstehende Einträge,,Elementos pendientes,,未処理項目,,待翻譯項目,,待翻译条目,,Itens pendentes,,Openstaande items,,Väntande objekt,,Elementi in sospeso,,Елементи в очікуванні,,Ожидающие элементы,,대기 중인 항목,,Bekleyen öğeler,,
review,P1,v4,yes,style-review,v4.plan.basic,public/locales/{code}/translation.json,Basic,,,Basique,,Basis,,Básico,,ベーシック,,基本版,,基础版,,Básico,,Basis,,Grundläggande,,Base,,Базовий,,Базовый,,베이직,,Temel,,
review,P1,v4,yes,style-review,v4.plan.enterprise,public/locales/{code}/translation.json,Enterprise,,,Entreprise,,Unternehmen,,Empresa,,エンタープライズ,,企業版,,企业版,,Empresa,,Zakelijk,,Företag,,Aziendale,,Корпоративний,,Корпоративный,,엔터프라이즈,,Kurumsal,,
review,P1,v4,yes,style-review,v4.plan.free,public/locales/{code}/translation.json,Free,,,Gratuit,,Kostenlos,,Gratis,,無料,,免費版,,免费版,,Gratuito,,Gratis,,Gratis,,Gratuito,,Безкоштовний,,Бесплатный,,무료,,Ücretsiz,,
review,P1,v4,yes,style-review,v4.plan.notSubscribed,public/locales/{code}/translation.json,Not subscribed,,,Non abonné,,Nicht abonniert,,Sin suscripción,,未登録,,尚未訂閱,,未开通,,Sem subscrição,,Niet geabonneerd,,Inte prenumererad,,Non abbonato,,Немає підписки,,Нет подписки,,구독하지 않음,,Abone değil,,
review,P1,v4,yes,style-review,v4.plan.pro,public/locales/{code}/translation.json,Pro,,,Pro,,Pro,,Pro,,プロ,,專業版,,专业版,,Pro,,Pro,,Pro,,Pro,,Pro,,Pro,,프로,,Pro,,
review,P1,v4,yes,style-review,v4.refreshStatsFailed,public/locales/{code}/translation.json,Failed to refresh statistics,,,Échec de l'actualisation des statistiques,,Statistiken konnten nicht aktualisiert werden,,No se pudieron actualizar las estadísticas,,統計の更新に失敗しました,,重新整理統計資料失敗,,刷新统计失败,,Falha ao atualizar as estatísticas,,Vernieuwen van statistieken mislukt,,Det gick inte att uppdatera statistiken,,Impossibile aggiornare le statistiche,,Не вдалося оновити статистику,,Не удалось обновить статистику,,통계 새로고침에 실패했습니다,,İstatistikler yenilenemedi,,
review,P1,v4,yes,style-review,v4.resuming,public/locales/{code}/translation.json,Resuming…,,,Reprise…,,Wird fortgesetzt…,,Reanudando…,,再開中…,,繼續中…,,正在继续…,,A retomar…,,Wordt hervat…,,Återupptar…,,Ripresa…,,Відновлення…,,Возобновление…,,재개 중…,,Devam ediliyor…,,
review,P1,v4,yes,style-review,v4.siteTranslationStatus,public/locales/{code}/translation.json,Store translation status,,,État de traduction de la boutique,,Übersetzungsstatus des Shops,,Estado de traducción de la tienda,,ストアの翻訳ステータス,,商店翻譯狀態,,站点翻译状态,,Estado de tradução da loja,,Vertaalstatus van de winkel,,Butikens översättningsstatus,,Stato traduzione del negozio,,Статус перекладу магазину,,Статус перевода магазина,,스토어 번역 상태,,Mağaza çeviri durumu,,
review,P1,v4,yes,style-review,v4.targetLanguagesSummary,public/locales/{code}/translation.json,{{translated}} of {{total}} target languages have translated content,,,{{translated}} sur {{total}} langues cibles contiennent du contenu traduit,,{{translated}} von {{total}} Zielsprachen enthalten übersetzte Inhalte,,{{translated}} de {{total}} idiomas de destino tienen contenido traducido,,対象言語{{total}}件中{{translated}}件に翻訳済みコンテンツがあります,,{{total}} 種目標語言中，已有 {{translated}} 種含有已翻譯內容,,{{total}} 种目标语言中，已有 {{translated}} 种包含翻译内容,,{{translated}} de {{total}} idiomas de destino têm conteúdo traduzido,,{{translated}} van {{total}} doeltalen bevatten vertaalde inhoud,,{{translated}} av {{total}} målspråk har översatt innehåll,,{{translated}} di {{total}} lingue di destinazione hanno contenuto tradotto,,{{translated}} з {{total}} цільових мов містять перекладений контент,,{{translated}} из {{total}} целевых языков содержат переведённый контент,,대상 언어 {{total}}개 중 {{translated}}개에 번역된 콘텐츠가 있습니다,,{{total}} hedef dilden {{translated}} tanesinde çevrilmiş içerik var,,
review,P1,v4,yes,style-review,v4.translated,public/locales/{code}/translation.json,Translated,,,Traduit,,Übersetzt,,Traducido,,翻訳済み,,已翻譯,,已翻译,,Traduzido,,Vertaald,,Översatt,,Tradotto,,Перекладено,,Переведено,,번역됨,,Çevrildi,,
review,P1,v4,yes,style-review,v4.translatedItems,public/locales/{code}/translation.json,Translated items,,,Éléments traduits,,Übersetzte Einträge,,Elementos traducidos,,翻訳済み項目,,已翻譯項目,,已译条目,,Itens traduzidos,,Vertaalde items,,Översatta objekt,,Elementi tradotti,,Перекладені елементи,,Переведённые элементы,,번역된 항목,,Çevrilen öğeler,,
review,P1,v4,yes,style-review,v4.translationProgress,public/locales/{code}/translation.json,Translation progress,,,Progression de la traduction,,Übersetzungsfortschritt,,Progreso de traducción,,翻訳の進捗,,翻譯進度,,翻译进度,,Progresso da tradução,,Vertaalvoortgang,,Översättningsförlopp,,Avanzamento traduzione,,Прогрес перекладу,,Прогресс перевода,,번역 진행률,,Çeviri ilerlemesi,,
review,P1,v4,yes,style-review,v4.validation.selectModule,public/locales/{code}/translation.json,Select at least one content module,,,Sélectionnez au moins un module de contenu,,Mindestens ein Inhaltsmodul auswählen,,Seleccione al menos un módulo de contenido,,コンテンツモジュールを1つ以上選択してください,,請至少選擇一個內容模組,,请至少选择一个翻译模块,,Selecione pelo menos um módulo de conteúdo,,Selecteer minstens één inhoudsmodule,,Välj minst en innehållsmodul,,Seleziona almeno un modulo di contenuto,,Виберіть принаймні один модуль вмісту,,Выберите хотя бы один модуль контента,,콘텐츠 모듈을 하나 이상 선택하세요,,En az bir içerik modülü seçin,,
review,P1,v4,yes,style-review,v4.validation.selectTarget,public/locales/{code}/translation.json,Select at least one target language,,,Sélectionnez au moins une langue cible,,Mindestens eine Zielsprache auswählen,,Seleccione al menos un idioma de destino,,対象言語を1つ以上選択してください,,請至少選擇一種目標語言,,请至少选择一个目标语言,,Selecione pelo menos um idioma de destino,,Selecteer minstens één doeltaal,,Välj minst ett målspråk,,Seleziona almeno una lingua di destinazione,,Виберіть принаймні одну цільову мову,,Выберите хотя бы один целевой язык,,대상 언어를 하나 이상 선택하세요,,En az bir hedef dil seçin,,
unused,P2,create-task,no,grammar-or-jargon,v4.createTask.confirmEstimateTitle,public/locales/{code}/translation.json,Credit estimate,,,Estimation des crédits,,Credit-Schätzung,,Estimación de créditos,,クレジット見積もり,,點數預估,,额度预估,,Estimativa de créditos,,Creditschatting,,Kredituppskattning,,Stima crediti,,Оцінка кредитів,,Оценка кредитов,,크레딧 예상,,Kredi tahmini,,Not referenced by t() in app/; skip unless you still see it in UI
unused,P2,currency,no,click-tap,"section, click Change currency formatting, then change with the code below:",public/locales/{code}/translation.json,"Section, click Change currency formatting, then replace the default code with the following:",,,", cliquez sur Modifier le formatage de la devise, puis remplacez le code par défaut par le suivant :",,"Abschnitt, klicken Sie auf Währungsformatierung ändern und ersetzen Sie dann mit dem folgenden Code:",,haga clic en Cambiar formato de moneda y reemplace el código predeterminado por el siguiente:,,セクションで「通貨フォーマットを変更」をクリックし、以下のコードに置き換えてください：,,部分中，按一下變更貨幣格式，然後將預設程式碼替換為以下內容：,,部分，点击更改货币格式，然后用以下代码进行更改：,,clique em Alterar formatação da moeda e substitua o código predefinido pelo seguinte:,,"sectie, klik op Valutaopmaak wijzigen en vervang de standaardcode door de volgende:",,klicka på Ändra valutaformatering och ersätt sedan standardkoden med följande:,,"fai clic su Modifica formato valuta, quindi sostituisci il codice predefinito con quanto segue:",,"натисніть Змінити форматування валюти, потім замініть код нижче:",,"Раздел, нажмите Изменить форматирование валюты, а затем замените код по умолчанию следующим:",,섹션에서 통화 형식 변경을 클릭한 다음 기본 코드를 다음으로 바꿉니다.,,"bölümünde Para birimi biçimlendirmesini değiştir'e tıklayın, ardından varsayılan kodu aşağıdakiyle değiştirin:",,Not referenced by t() in app/; skip unless you still see it in UI
unused,P2,other,no,click-tap,1. Click to download the product import template,public/locales/{code}/translation.json,1. Click to download the product import template,,,1. Cliquez pour télécharger le modèle d'importation de produits,,"1. Klicken Sie, um die Produktimport-Vorlage herunterzuladen",,1. Haz clic para descargar la plantilla de importación de productos,,1. 商品インポートテンプレートをダウンロード,,1.點選下載產品導入模板,,1. 点击下载产品导入模板,,1. Clique para transferir o modelo de importação de produtos,,1. Klik om de productsjabloon voor import te downloaden,,1. Klicka för att ladda ner produktimportmallen,,1. Clicca per scaricare il modello di importazione prodotti,,"1. Натисніть, щоб завантажити шаблон імпорту товару",,"1. Нажмите, чтобы загрузить шаблон импорта продукта",,1. 제품 가져오기 템플릿을 다운로드하려면 클릭하세요.,,1. Ürün içe aktarma şablonunu indirmek için tıklayın,,Not referenced by t() in app/; skip unless you still see it in UI
unused,P2,other,no,missing-space,Ciwi.ai,public/locales/{code}/translation.json,Ciwi.ai,,,Ciwi.ai,,Ciwi.ai,,Ciwi.ai,,Ciwi.ai,,Ciwi.ai,,Ciwi.ai,,Ciwi.ai,,Ciwi.ai,,Ciwi.ai,,Ciwi.ai,,Ciwi.ai,,Ciwi.ai,,치위아이,,Ciwi.ai,,Not referenced by t() in app/; skip unless you still see it in UI
unused,P2,other,no,click-tap,Click here,public/locales/{code}/translation.json, Click here ,,, cliquer ici ,, Hier klicken ,, Haga clic aquí ,, こちらをクリック ,, 點這裡,,点击这里,, Clique aqui ,, hier klikken ,, klicka här ,, Clicca qui ,, Натисніть тут ,,Нажмите здесь,,여기를 클릭하세요,, Buraya tıklayın ,,Not referenced by t() in app/; skip unless you still see it in UI
unused,P2,other,no,click-tap,contact.description,public/locales/{code}/translation.json,Need help? Click the button below to contact our support team.,,,Besoin d'aide ? Cliquez sur le bouton ci-dessous pour contacter notre équipe de support.,,"Brauchen Sie Hilfe? Klicken Sie auf die Schaltfläche unten, um unser Support-Team zu kontaktieren.",,¿Necesita ayuda? Haga clic en el botón a continuación para contactar con nuestro equipo de soporte.,,お困りの場合は、下のボタンをクリックしてサポートチームにご連絡ください。,,需要幫助？點擊下方按鈕聯絡我們的支援團隊。,,如有任何疑问，请随时添加微信联系我们。,,Precisa de ajuda? Clique no botão abaixo para contactar a nossa equipa de suporte.,,Hulp nodig? Klik op de onderstaande knop om contact op te nemen met ons supportteam.,,Behöver du hjälp? Klicka på knappen nedan för att kontakta vårt supportteam.,,Hai bisogno di aiuto? Fai clic sul pulsante qui sotto per contattare il nostro team di assistenza.,,"Потрібна допомога? Натисніть кнопку нижче, щоб зв'язатися з нашою командою підтримки.",,"Нужна помощь? Нажмите кнопку ниже, чтобы связаться со службой поддержки.",,도움이 필요하신가요? 아래 버튼을 클릭하여 지원팀에 문의하세요.,,Yardıma mı ihtiyacınız var? Destek ekibimizle iletişime geçmek için aşağıdaki düğmeye tıklayın.,,Not referenced by t() in app/; skip unless you still see it in UI
unused,P2,other,no,grammar-or-jargon,credit,public/locales/{code}/translation.json,Credit,,,Crédit,,Guthaben,,Crédito,,クレジット,,信用,,积分,,Crédito,,Tegoed,,Kredit,,Credito,,Кредит,,Пополнение,,신용 거래,,Kredi,,Not referenced by t() in app/; skip unless you still see it in UI
unused,P2,other,no,missing-space,e.g. Make the wording more natural and aligned with the brand tone,public/locales/{code}/translation.json,e.g. Make the wording more natural and aligned with the brand tone,,,"par exemple, rendez le libellé plus naturel et conforme au ton de la marque",,z. B. Formulierung natürlicher gestalten und an den Markenton anpassen,,"p. ej., Haz que el texto sea más natural y acorde con el tono de la marca",,例：表現をより自然にし、ブランドトーンに合わせる,,例如：讓措辭更自然並符合品牌調性,,例如：让表达更自然，并贴合品牌语气,,ex.: Torne o texto mais natural e alinhado com o tom da marca,,bijv. Maak de formulering natuurlijker en afgestemd op de merkimago,,t.ex. Gör formuleringen mer naturlig och i linje med varumärkets ton,,es. Rendi la formulazione più naturale e in linea con il tono del brand,,напр. Зробіть формулювання більш природним і відповідним тону бренду,,"например, сделайте формулировку более естественной и соответствующей тону бренда",,예: 표현을 더 자연스럽게 하고 브랜드 톤에 맞추기,,örn. İfadeyi daha doğal ve marka tonuyla uyumlu hale getirin,,Not referenced by t() in app/; skip unless you still see it in UI
unused,P2,other,no,missing-space,e.g. Use a formal tone; keep brand names in English,public/locales/{code}/translation.json,e.g. Use a formal tone; keep brand names in English,,,ex. Utiliser un ton formel ; conserver les noms de marque en anglais,,z. B. Formellen Ton verwenden; Markennamen auf Englisch belassen,,p. ej. Usar un tono formal; mantener los nombres de marca en inglés,,例：フォーマルなトーンを使用する。ブランド名は英語のまま保持する,,例如：使用正式語氣；品牌名保留英文,,例如：使用正式语气；品牌名保留英文,,"P. ex., utilize um tom formal; mantenha os nomes de marca em inglês",,Bijv. Gebruik een formele toon; laat merknamen in het Engels staan,,T.ex. Använd en formell ton; behåll varumärkesnamn på engelska,,es. Usa un tono formale; mantieni i nomi dei brand in inglese,,Наприклад: використовуйте офіційний тон; залишайте назви брендів англійською,,Например: используйте официальный тон; названия брендов оставляйте на английском,,"예: 격식체 사용, 브랜드명은 영어로 유지",,örn. Resmi bir ton kullanın; marka adlarını İngilizce bırakın,,Not referenced by t() in app/; skip unless you still see it in UI
unused,P2,other,no,grammar-or-jargon,manage.singleTranslate.estimateUnavailable,public/locales/{code}/translation.json,Credit estimate unavailable,,,Estimation des crédits indisponible,,Credit-Schätzung nicht verfügbar,,Estimación de créditos no disponible,,クレジット見積もりを取得できません,,暫無法估算積分,,暂无法估算积分,,Estimativa de créditos indisponível,,Creditschatting niet beschikbaar,,Kredituppskattning otillgänglig,,Stima crediti non disponibile,,Оцінка кредитів недоступна,,Оценка кредитов недоступна,,크레딧 추정을 사용할 수 없음,,Kredi tahmini kullanılamıyor,,Not referenced by t() in app/; skip unless you still see it in UI
unused,P2,other,no,title-case,openai.ca,public/locales/{code}/translation.json,Configuration API,,,API de configuration,,API konfigurieren,,API de configuración,,構成API,,配置 API,,配置 API,,API de configuração,,Configuratie-API,,Konfigurations-API,,API di configurazione,,Налаштування API,,API конфигурации,,구성 API,,Yapılandırma API'si,,Not referenced by t() in app/; skip unless you still see it in UI
unused,P2,other,no,title-case,openai.sa,public/locales/{code}/translation.json,Select API,,,Sélectionner l'API,,API auswählen,,Seleccionar API,,APIを選択,,選擇 API,,选择 API,,Selecione API,,Selecteer API,,Välj API,,Seleziona API,,Виберіть API,,Выберите API,,API 선택,,API'yi seçin,,Not referenced by t() in app/; skip unless you still see it in UI
unused,P2,other,no,title-case,openai.ta,public/locales/{code}/translation.json,Test API,,,API de test,,API testen,,API de prueba,,テストAPI,,測試 API,,测试 API,,API de teste,,Test-API,,Test-API,,API di prova,,Тестувати API,,Тестовый API,,테스트 API,,API'yi test et,,Not referenced by t() in app/; skip unless you still see it in UI
unused,P2,other,no,title-case,openai.tit,public/locales/{code}/translation.json,Test API,,,API de test,,API testen,,API de prueba,,テストAPI,,測試 API,,测试API,,API de teste,,API testen,,Test-API,,API di prova,,Тестувати API,,Тестовый API,,테스트 API,,API'yi test et,,Not referenced by t() in app/; skip unless you still see it in UI
unused,P2,other,no,missing-space,Please manually start a translation task first. You can then use the automatic translation function.,public/locales/{code}/translation.json,Please start a full manual translation task first.Auto-translate only works for content updates after the initial translation is complete.,,,Veuillez d'abord lancer une tâche de traduction manuelle complète. La traduction automatique ne fonctionne que pour les mises à jour de contenu après la traduction initiale.,,Bitte starten Sie zuerst eine vollständige manuelle Übersetzungsaufgabe. Auto-Übersetzung funktioniert nur für Inhaltsupdates nach Abschluss der ersten Übersetzung.,,Inicie primero una tarea de traducción manual completa. La traducción automática solo funciona para actualizaciones de contenido después de completar la traducción inicial.,,先に全文の手動翻訳タスクを開始してください。自動翻訳は初回翻訳完了後のコンテンツ更新にのみ機能します。,,請先啟動完整的手動翻譯任務。自動翻譯僅適用於初始翻譯完成後的內容更新。,,请先手动开始一个翻译任务，然后可以使用自动翻译功能。,,Inicie primeiro uma tarefa de tradução manual completa. A tradução automática só funciona para atualizações de conteúdo após a tradução inicial estar concluída.,,Start eerst een volledige handmatige vertaaltaak. Automatisch vertalen werkt alleen voor contentupdates na de initiële vertaling.,,Starta först en fullständig manuell översättningsuppgift. Automatisk översättning fungerar endast för innehållsuppdateringar efter den initiala översättningen.,,Avvia prima un'attività di traduzione manuale completa. La traduzione automatica funziona solo per gli aggiornamenti dei contenuti dopo la traduzione iniziale.,,Спочатку вручну запустіть завдання перекладу. Потім ви зможете використовувати функцію автоматичного перекладу.,,Сначала запустите задачу полного ручного перевода. Автоматический перевод работает только для обновлений контента после завершения первоначального перевода.,,먼저 전체 수동 번역 작업을 시작하세요. 자동 번역은 초기 번역이 완료된 후 콘텐츠 업데이트에만 적용됩니다.,,Lütfen önce tam bir manuel çeviri görevi başlatın. Otomatik çeviri yalnızca ilk çeviri tamamlandıktan sonraki içerik güncellemeleri için çalışır.,,Not referenced by t() in app/; skip unless you still see it in UI
unused,P2,other,no,click-tap,progressing.privateApiKeyAmountLimit,public/locales/{code}/translation.json,The Google/Open AI private key limit has been reached. Please click the button on the right to reset the limit and restart translation.,,,Your API key has hit the limit. Please reset it to continue your translation task.,,"Ihr API-Schlüssel hat das Limit erreicht. Bitte setzen Sie es zurück, um Ihre Übersetzungsaufgabe fortzusetzen.",,Your API key has hit the limit. Please reset it to continue your translation task.,,Your API key has hit the limit. Please reset it to continue your translation task.,,Google/Open AI 私鑰已達上限，請點選右側按鈕重設限制並重新開始翻譯。,,Google/Open AI私有key限制已达到。请点击右侧按钮重置限制并重新开始翻译。,,Your API key has hit the limit. Please reset it to continue your translation task.,,Your API key has hit the limit. Please reset it to continue your translation task.,,Your API key has hit the limit. Please reset it to continue your translation task.,,Your API key has hit the limit. Please reset it to continue your translation task.,,"Ваш API ключ досяг ліміту. Скиньте його, щоб продовжити завдання перекладу.",,Your API key has hit the limit. Please reset it to continue your translation task.,,Google/Open AI 개인 키 한도에 도달했습니다. 오른쪽 버튼을 클릭하여 한도를 재설정하고 번역을 다시 시작하세요.,,Your API key has hit the limit. Please reset it to continue your translation task.,,Not referenced by t() in app/; skip unless you still see it in UI
unused,P2,other,no,click-tap,progressing.somethingWentWrong,public/locales/{code}/translation.json,Something went wrong. Please click the button to contact support for assistance.,,,Une erreur s'est produite. Cliquez sur le bouton pour contacter le support.,,"Etwas ist schief gelaufen. Bitte klicken Sie auf die Schaltfläche, um den Support für Hilfe zu kontaktieren.",,Algo salió mal. Haga clic en el botón para contactar con soporte y obtener ayuda.,,問題が発生しました。サポートに連絡するボタンをクリックしてください。,,出現問題。請點選按鈕聯絡客服尋求協助。,,发生意外错误。请点击按钮联系支持获取解决方案。,,Algo correu mal. Clique no botão para contactar o suporte.,,Er is iets misgegaan. Klik op de knop om contact op te nemen met support.,,Något gick fel. Klicka på knappen för att kontakta support.,,Qualcosa è andato storto. Fai clic sul pulsante per contattare l'assistenza.,,"Щось пішло не так. Натисніть кнопку, щоб зв'язатися з підтримкою для допомоги.",,"Что-то пошло не так. Нажмите кнопку, чтобы обратиться в службу поддержки.",,문제가 발생했습니다. 지원팀에 문의하려면 버튼을 클릭하세요.,,Bir şeyler ters gitti. Yardım için destekle iletişime geçmek üzere düğmeye tıklayın.,,Not referenced by t() in app/; skip unless you still see it in UI
unused,P2,other,no,click-tap,transLanguageCard1.description,public/locales/{code}/translation.json,Click Translate to customize your translation settings and localize your store with advanced AI.,,,Cliquez sur Traduire pour personnaliser vos paramètres de traduction et localiser votre boutique avec une IA avancée.,,"Klicken Sie auf Übersetzen, um Ihre Übersetzungseinstellungen anzupassen und Ihren Shop mit fortschrittlicher KI zu lokalisieren.",,Haga clic en Traducir para personalizar la configuración de traducción y localizar su tienda con IA avanzada.,,「翻訳」をクリックして翻訳設定をカスタマイズし、高度な AI でストアをローカライズ。,,點擊“翻譯”以自訂您的翻譯設定並使用高級 AI 在地化您的商店。,,点击翻译。在下一步中，您可以设置翻译条件并实现基于强大AI的本地化翻译,,Clique em Traduzir para personalizar as definições de tradução e localizar a loja com IA avançada.,,Klik op Vertalen om uw vertaalinstellingen aan te passen en uw winkel te lokaliseren met geavanceerde AI.,,Klicka på Översätt för att anpassa dina översättningsinställningar och lokalisera butiken med avancerad AI.,,Fai clic su Traduci per personalizzare le impostazioni di traduzione e localizzare il negozio con l'IA avanzata.,,"Натисніть Перекласти, щоб налаштувати параметри перекладу та локалізувати ваш магазин за допомогою передового ШІ.",,"Нажмите Перевести, чтобы настроить параметры перевода и локализовать свой магазин с помощью продвинутого ИИ.",,번역을 클릭하여 번역 설정을 사용자 지정하고 고급 AI로 매장을 현지화하세요.,,Çeviri ayarlarınızı özelleştirmek ve mağazanızı gelişmiş AI ile yerelleştirmek için Çevir'e tıklayın.,,Not referenced by t() in app/; skip unless you still see it in UI
unused,P2,other,no,missing-space,transLanguageCard3.description5,public/locales/{code}/translation.json,<a href='https://ciwi.ai/help-center/ShopifyApp/translation-service-guarantees' target='_blank'>View full service guarantees</a>,,,<a href='https://ciwi.ai/help-center/ShopifyApp/translation-service-guarantees' target='_blank'>Voir toutes les garanties de service</a>,,<a href='https://ciwi.ai/help-center/ShopifyApp/translation-service-guarantees' target='_blank'>Vollständige Service-Garantien anzeigen</a>,,<a href='https://ciwi.ai/help-center/ShopifyApp/translation-service-guarantees' target='_blank'>Ver todas las garantías del servicio</a>,,<a href='https://ciwi.ai/help-center/ShopifyApp/translation-service-guarantees' target='_blank'>サービス保証の詳細を見る</a>,,<a href='https://ciwi.ai/help-center/ShopifyApp/translation-service-guarantees' target='_blank'>查看完整的服務保證</a>,,<a href='https://ciwi.ai/help-center/ShopifyApp/translation-service-guarantees' target='_blank'>查看完整服务保证</a>,,<a href='https://ciwi.ai/help-center/ShopifyApp/translation-service-guarantees' target='_blank'>Ver todas as garantias do serviço</a>,,<a href='https://ciwi.ai/help-center/ShopifyApp/translation-service-guarantees' target='_blank'>Bekijk alle servicegaranties</a>,,<a href='https://ciwi.ai/help-center/ShopifyApp/translation-service-guarantees' target='_blank'>Visa fullständiga servicegarantier</a>,,<a href='https://ciwi.ai/help-center/ShopifyApp/translation-service-guarantees' target='_blank'>Visualizza tutte le garanzie del servizio</a>,,<a href='https://ciwi.ai/help-center/ShopifyApp/translation-service-guarantees' target='_blank'>Переглянути повні гарантії сервісу</a>,,<a href='https://ciwi.ai/help-center/ShopifyApp/translation-service-guarantees' target='_blank'>Посмотреть полную гарантию обслуживания</a>,,<a href='https://ciwi.ai/help-center/ShopifyApp/translation-service-guarantees' target='_blank'>전체 서비스 보장 보기</a>,,<a href='https://ciwi.ai/help-center/ShopifyApp/translation-service-guarantees' target='_blank'>Tüm hizmet garantilerini görüntüle</a>,,Not referenced by t() in app/; skip unless you still see it in UI
unused,P2,switcher,no,missing-space,"Define the region, language, currency, and redirect URL for this rule.The Switcher will use these settings to direct visitors.",public/locales/{code}/translation.json,"Define the region, language, currency, and redirect URL for this rule.The Switcher will use these settings to direct visitors.",,,"Définissez la région, la langue, la devise et l'URL de redirection pour cette règle. Le Switcher utilisera ces paramètres pour orienter les visiteurs.",,"Definieren Sie Region, Sprache, Währung und Weiterleitungs-URL für diese Regel. Der Switcher nutzt diese Einstellungen, um Besucher zu leiten.",,"Defina la región, el idioma, la moneda y la URL de redirección para esta regla. El Switcher usará estos ajustes para dirigir a los visitantes.",,このルールの地域、言語、通貨、リダイレクトURLを定義してください。Switcherはこれらの設定を使用して訪問者を誘導します。,,為此規則定義地區、語言、幣別及轉址網址。Switcher 會使用這些設定來導引訪客。,,为此规则定义地区、语言、货币和重定向 URL。切换器将使用这些设置来引导访客。,,"Defina a região, o idioma, a moeda e o URL de redirecionamento para esta regra. O Switcher usará estas definições para orientar os visitantes.",,"Definieer de regio, taal, valuta en omleidings-URL voor deze regel. De Switcher gebruikt deze instellingen om bezoekers door te verwijzen.",,"Ange region, språk, valuta och omdirigerings-URL för den här regeln. Switchern använder dessa inställningar för att styra besökare.",,"Definisci regione, lingua, valuta e URL di reindirizzamento per questa regola. Lo Switcher userà queste impostazioni per indirizzare i visitatori.",,"Визначте регіон, мову, валюту та URL перенаправлення для цього правила. Switcher використовуватиме ці налаштування для напрямку відвідувачів.",,"Укажите регион, язык, валюту и URL перенаправления для этого правила. Switcher будет использовать эти настройки для перенаправления посетителей.",,"이 규칙의 지역, 언어, 통화, 리디렉션 URL을 정의하세요. Switcher는 이 설정을 사용해 방문자를 안내합니다.",,"Bu kural için bölgeyi, dili, para birimini ve yönlendirme URL'sini tanımlayın. Switcher, ziyaretçileri yönlendirmek için bu ayarları kullanacaktır.",,Not referenced by t() in app/; skip unless you still see it in UI
unused,P2,switcher,no,click-tap,Jump to the current Shopify theme editor and Shopify will open the Ciwi switcher app block for you. Then enable it and click Save.,public/locales/{code}/translation.json,"Theme editor opens App embeds. Turn on Ciwi Switcher, then click Save.",,,"L'éditeur de thème ouvre les incorporations d'applications. Activez Ciwi Switcher, puis cliquez sur Enregistrer.",,Der Theme-Editor öffnet die App-Einbettungen. Aktiviere Ciwi Switcher und klicke dann auf Speichern.,,El editor de temas abre las incrustaciones de apps. Activa Ciwi Switcher y luego haz clic en Guardar.,,テーマエディタで「アプリの埋め込み」が開きます。Ciwi Switcher をオンにして、保存をクリックしてください。,,主題編輯器會開啟「應用程式內嵌」。開啟 Ciwi Switcher，然後點一下儲存。,,主题编辑器会打开「应用嵌入」。打开 Ciwi Switcher，然后点击保存。,,O editor de temas abre as incorporações de apps. Ative o Ciwi Switcher e clique em Guardar.,,De thema-editor opent App-insluitingen. Schakel Ciwi Switcher in en klik daarna op Opslaan.,,Temaredigeraren öppnar appinbäddningar. Aktivera Ciwi Switcher och klicka sedan på Spara.,,"L'editor del tema apre gli incorporamenti app. Attiva Ciwi Switcher, quindi fai clic su Salva.",,"Редактор теми відкриє вбудовування додатків. Увімкніть Ciwi Switcher, потім натисніть «Зберегти».",,Редактор темы откроет встраивания приложений. Включите Ciwi Switcher и нажмите «Сохранить».,,테마 편집기에서 앱 임베드가 열립니다. Ciwi Switcher를 켠 다음 저장을 클릭하세요.,,"Tema düzenleyici Uygulama yerleştirmelerini açar. Ciwi Switcher'ı açın, ardından Kaydet'e tıklayın.",,Not referenced by t() in app/; skip unless you still see it in UI
unused,P2,switcher,no,click-tap,"The switcher is currently disabled. If you need IP-based automatic language and currency switching, please click “ Setup”. ",public/locales/{code}/translation.json,"The switcher is currently disabled. If you need IP-based automatic language and currency switching, please click “ Setup”. ",,,"Le sélecteur est actuellement désactivé. Si vous avez besoin d'un basculement automatique de langue et de devise par IP, veuillez cliquer sur « Configuration ». ",,"Der Umschalter ist derzeit deaktiviert. Wenn Sie IP-basiertes automatisches Sprach- und Währungsumschalten benötigen, klicken Sie bitte auf "" Setup"". ",,"El selector está deshabilitado actualmente. Si necesita el cambio automático de idioma y moneda según la IP, haga clic en "" Configuración"". ",,スイッチャーは現在無効です。IP ベースの自動言語・通貨切替が必要な場合は「セットアップ」をクリックしてください。,,切換器目前已停用。如果您需要基於 IP 位址自動切換語言和貨幣，請點擊「設定」。,,切换器当前已禁用。如果您需要基于 IP 的自动语言和货币切换，请点击“设置”。,,"O seletor está atualmente desativado. Se precisar de mudança automática de idioma e moeda baseada em IP, clique em "" Configurar"". ",,"De wisselaar is momenteel uitgeschakeld. Als u automatische taal- en valutaschakeling op basis van IP nodig heeft, klik dan op 'Instellen'. ",,"Växlaren är för närvarande inaktiverad. Om du behöver automatisk språk- och valutaväxling baserat på IP, klicka på “ Konfigurera”. ",,"Il selettore è attualmente disabilitato. Se hai bisogno del cambio automatico di lingua e valuta basato su IP, fai clic su "" Configurazione"". ",,"Перемикач наразі вимкнено. Якщо вам потрібне автоматичне перемикання мови та валюти на основі IP, натисніть "" Налаштування"". ",,"Коммутатор в настоящее время отключен. Если вам нужно автоматическое переключение языка и валюты на основе IP, нажмите « Настройка».",,"현재 스위처가 비활성화되어 있습니다. IP 기반 자동 언어 및 통화 전환이 필요하시면 ""설정""을 클릭하세요.",,"Değiştirici şu anda devre dışı. IP tabanlı otomatik dil ve para birimi geçişine ihtiyacınız varsa lütfen "" Kurulum""a tıklayın. ",,Not referenced by t() in app/; skip unless you still see it in UI
unused,P2,switcher,no,click-tap,to go to Shopify theme editor >> enable Ciwi_Switcher >> click the Save button in the right corner.,public/locales/{code}/translation.json,"to go to Shopify theme editor >> enable ""Ciwi_Switcher"" >> click the ""Save"" button in the right corner.",,,accéder à l'éditeur de thème Shopify >> activer « Ciwi_Switcher » >> cliquer sur le bouton « Enregistrer » dans le coin supérieur droit.,,"um zum Shopify Theme-Editor zu gehen >> ""Ciwi_Switcher"" aktivieren >> auf die ""Speichern""-Schaltfläche in der rechten Ecke klicken.",,"para ir al editor de temas de Shopify >> habilitar ""Ciwi_Switcher"" >> hacer clic en el botón ""Guardar"" en la esquina superior derecha.",,Shopify テーマエディターに移動 >> 「Ciwi_Switcher」を有効化 >> 右上の「保存」ボタンをクリックしてください。,,進入 Shopify 主題編輯器 >> 啟用「Ciwi_Switcher」 >> 點選右上角的「儲存」按鈕。,,"转到 Shopify 主题编辑器 >> 启用 ""Ciwi_Switcher"" >> 点击右上角的 ""保存"" 按钮。",,"aceda ao editor de temas Shopify >> ative ""Ciwi_Switcher"" >> clique no botão ""Guardar"" no canto superior direito.",,"naar de Shopify-thema-editor >> ""Ciwi_Switcher"" inschakelen >> op de knop ""Opslaan"" rechtsboven klikken.",,"gå till Shopifys temaredigerare >> aktivera ""Ciwi_Switcher"" >> klicka på ""Spara""-knappen i det övre högra hörnet.",,"vai all'editor del tema Shopify >> abilita ""Ciwi_Switcher"" >> fai clic sul pulsante ""Salva"" nell'angolo in alto a destra.",,"щоб перейти до редактора тем Shopify >> увімкнути ""Ciwi_Switcher"" >> натиснути кнопку ""Зберегти"" у правому куті.",,"для перехода в редактор тем Shopify >> включить ""Ciwi_Switcher"" >> нажать кнопку ""Сохранить"" в правом углу.",,"Shopify 테마 편집기로 이동 >> ""Ciwi_Switcher"" 활성화 >> 오른쪽 모서리에 있는 ""저장"" 버튼을 클릭하세요.",,"Shopify tema düzenleyicisine gidin >> ""Ciwi_Switcher""ı etkinleştirin >> sağ üst köşedeki ""Kaydet"" düğmesine tıklayın.",,Not referenced by t() in app/; skip unless you still see it in UI
unused,P2,tasks,no,grammar-or-jargon,v4.notice.quotaServiceError,public/locales/{code}/translation.json,Credit service error. The task was paused automatically.,,,Erreur du service de crédits. La tâche a été mise en pause automatiquement.,,Fehler beim Credit-Dienst. Die Aufgabe wurde automatisch pausiert.,,Error del servicio de créditos. La tarea se pausó automáticamente.,,クレジットサービスでエラーが発生したため、タスクは自動的に一時停止されました。,,額度服務異常，已自動暫停。,,额度服务异常，已自动暂停。,,Erro no serviço de créditos. A tarefa foi pausada automaticamente.,,Fout in de creditservice. De taak is automatisch gepauzeerd.,,Fel i kredittjänsten. Uppgiften pausades automatiskt.,,Errore del servizio crediti. L’attività è stata messa in pausa automaticamente.,,Помилка служби кредитів. Завдання призупинено автоматично.,,Ошибка сервиса кредитов. Задача приостановлена автоматически.,,크레딧 서비스 오류로 작업이 자동으로 일시 중지되었습니다.,,Kredi hizmeti hatası. Görev otomatik olarak duraklatıldı.,,Not referenced by t() in app/; skip unless you still see it in UI
